{
  "type": "FeatureCollection",
  "features": [
    {
      "type": "Feature",
      "geometry": {
        "type": "Point",
        "coordinates": [
          -87.378011,
          21.522221
        ]
      },
      "properties": {
        "id": "denue/6176700",
        "name": "SOC COOP DE PRODUCCION PESQUERA CABO CATOCHE",
        "type": "comercio",
        "generation": 25,
        "genLow": 25,
        "genHigh": 25,
        "rooms": 0,
        "covers": 0,
        "category": "pesca",
        "gen_model": "v2_category",
        "source": "denue",
        "staff": "31 a 50 personas"
      }
    },
    {
      "type": "Feature",
      "geometry": {
        "type": "Point",
        "coordinates": [
          -87.377989,
          21.522199
        ]
      },
      "properties": {
        "id": "denue/6176705",
        "name": "SOC COOP DE PRODUCCION PESQUERA VANGUARDIA DEL MAR",
        "type": "comercio",
        "generation": 25,
        "genLow": 25,
        "genHigh": 25,
        "rooms": 0,
        "covers": 0,
        "category": "pesca",
        "gen_model": "v2_category",
        "source": "denue",
        "staff": "51 a 100 personas"
      }
    },
    {
      "type": "Feature",
      "geometry": {
        "type": "Point",
        "coordinates": [
          -87.377014,
          21.522923
        ]
      },
      "properties": {
        "id": "denue/10072951",
        "name": "COMPLETO CAFE",
        "type": "comercio",
        "generation": 10,
        "genLow": 10,
        "genHigh": 10,
        "rooms": 0,
        "covers": 0,
        "category": "café tostado",
        "gen_model": "v2_category",
        "source": "denue",
        "staff": "0 a 5 personas"
      }
    },
    {
      "type": "Feature",
      "geometry": {
        "type": "Point",
        "coordinates": [
          -87.377154,
          21.522668
        ]
      },
      "properties": {
        "id": "denue/8132197",
        "name": "LA CONCHITA PANADERIA",
        "type": "comercio",
        "generation": 20,
        "genLow": 20,
        "genHigh": 20,
        "rooms": 0,
        "covers": 0,
        "category": "panificación",
        "gen_model": "v2_category",
        "source": "denue",
        "staff": "0 a 5 personas"
      }
    },
    {
      "type": "Feature",
      "geometry": {
        "type": "Point",
        "coordinates": [
          -87.379807,
          21.523998
        ]
      },
      "properties": {
        "id": "denue/9586989",
        "name": "LA GELATERIA",
        "type": "comercio",
        "generation": 8,
        "genLow": 8,
        "genHigh": 8,
        "rooms": 0,
        "covers": 0,
        "category": "helados/paletas",
        "gen_model": "v2_category",
        "source": "denue",
        "staff": "0 a 5 personas"
      }
    },
    {
      "type": "Feature",
      "geometry": {
        "type": "Point",
        "coordinates": [
          -87.375972,
          21.524044
        ]
      },
      "properties": {
        "id": "denue/10047781",
        "name": "PANADERIA CRISTO REY",
        "type": "comercio",
        "generation": 20,
        "genLow": 20,
        "genHigh": 20,
        "rooms": 0,
        "covers": 0,
        "category": "panificación",
        "gen_model": "v2_category",
        "source": "denue",
        "staff": "0 a 5 personas"
      }
    },
    {
      "type": "Feature",
      "geometry": {
        "type": "Point",
        "coordinates": [
          -87.378575,
          21.524605
        ]
      },
      "properties": {
        "id": "denue/10219306",
        "name": "PANADERIA ROSAURA",
        "type": "comercio",
        "generation": 20,
        "genLow": 20,
        "genHigh": 20,
        "rooms": 0,
        "covers": 0,
        "category": "panificación",
        "gen_model": "v2_category",
        "source": "denue",
        "staff": "0 a 5 personas"
      }
    },
    {
      "type": "Feature",
      "geometry": {
        "type": "Point",
        "coordinates": [
          -87.377934,
          21.523157
        ]
      },
      "properties": {
        "id": "denue/11067240",
        "name": "POTABILIZADORA DE AGUA",
        "type": "comercio",
        "generation": 6,
        "genLow": 6,
        "genHigh": 6,
        "rooms": 0,
        "covers": 0,
        "category": "agua embotellada",
        "gen_model": "v2_category",
        "source": "denue",
        "staff": "0 a 5 personas"
      }
    },
    {
      "type": "Feature",
      "geometry": {
        "type": "Point",
        "coordinates": [
          -87.375894,
          21.524127
        ]
      },
      "properties": {
        "id": "denue/10342454",
        "name": "TORTILLERIA EDIOLY",
        "type": "comercio",
        "generation": 18,
        "genLow": 18,
        "genHigh": 18,
        "rooms": 0,
        "covers": 0,
        "category": "tortillería",
        "gen_model": "v2_category",
        "source": "denue",
        "staff": "0 a 5 personas"
      }
    },
    {
      "type": "Feature",
      "geometry": {
        "type": "Point",
        "coordinates": [
          -87.378147,
          21.522823
        ]
      },
      "properties": {
        "id": "denue/7833464",
        "name": "TORTILLERIA EL DUKE",
        "type": "comercio",
        "generation": 18,
        "genLow": 18,
        "genHigh": 18,
        "rooms": 0,
        "covers": 0,
        "category": "tortillería",
        "gen_model": "v2_category",
        "source": "denue",
        "staff": "0 a 5 personas"
      }
    },
    {
      "type": "Feature",
      "geometry": {
        "type": "Point",
        "coordinates": [
          -87.378514,
          21.522792
        ]
      },
      "properties": {
        "id": "denue/8132471",
        "name": "TORTILLERIA MARIA ESTHER",
        "type": "comercio",
        "generation": 18,
        "genLow": 18,
        "genHigh": 18,
        "rooms": 0,
        "covers": 0,
        "category": "tortillería",
        "gen_model": "v2_category",
        "source": "denue",
        "staff": "0 a 5 personas"
      }
    },
    {
      "type": "Feature",
      "geometry": {
        "type": "Point",
        "coordinates": [
          -87.381529,
          21.52037
        ]
      },
      "properties": {
        "id": "denue/9682247",
        "name": "TORTILLERIA MC",
        "type": "comercio",
        "generation": 18,
        "genLow": 18,
        "genHigh": 18,
        "rooms": 0,
        "covers": 0,
        "category": "tortillería",
        "gen_model": "v2_category",
        "source": "denue",
        "staff": "6 a 10 personas"
      }
    },
    {
      "type": "Feature",
      "geometry": {
        "type": "Point",
        "coordinates": [
          -87.380012,
          21.524098
        ]
      },
      "properties": {
        "id": "denue/7878473",
        "name": "ARTES DE PESCA EL DELFIN",
        "type": "comercio",
        "generation": 4,
        "genLow": 4,
        "genHigh": 4,
        "rooms": 0,
        "covers": 0,
        "category": "comercio no-alimento",
        "gen_model": "v2_category",
        "source": "denue",
        "staff": "0 a 5 personas"
      }
    },
    {
      "type": "Feature",
      "geometry": {
        "type": "Point",
        "coordinates": [
          -87.376728,
          21.519971
        ]
      },
      "properties": {
        "id": "denue/9740837",
        "name": "BODEGA MATERIALES HOLBOX",
        "type": "comercio",
        "generation": 4,
        "genLow": 4,
        "genHigh": 4,
        "rooms": 0,
        "covers": 0,
        "category": "mat. construcción",
        "gen_model": "v2_category",
        "source": "denue",
        "staff": "0 a 5 personas"
      }
    },
    {
      "type": "Feature",
      "geometry": {
        "type": "Point",
        "coordinates": [
          -87.376231,
          21.522502
        ]
      },
      "properties": {
        "id": "denue/8705857",
        "name": "COMERCIO AL POR MAYOR DE DESECHOS METALICOS",
        "type": "comercio",
        "generation": 4,
        "genLow": 4,
        "genHigh": 4,
        "rooms": 0,
        "covers": 0,
        "category": "comercio no-alimento",
        "gen_model": "v2_category",
        "source": "denue",
        "staff": "0 a 5 personas"
      }
    },
    {
      "type": "Feature",
      "geometry": {
        "type": "Point",
        "coordinates": [
          -87.375059,
          21.520896
        ]
      },
      "properties": {
        "id": "denue/10352651",
        "name": "MATERIALES PARA CONSTRUCCION",
        "type": "comercio",
        "generation": 4,
        "genLow": 4,
        "genHigh": 4,
        "rooms": 0,
        "covers": 0,
        "category": "mat. construcción",
        "gen_model": "v2_category",
        "source": "denue",
        "staff": "0 a 5 personas"
      }
    },
    {
      "type": "Feature",
      "geometry": {
        "type": "Point",
        "coordinates": [
          -87.376651,
          21.519001
        ]
      },
      "properties": {
        "id": "denue/11099747",
        "name": "TIENDA DE MATERIALES PARA LA CONSTRUCCION LA CALETA HOLBOX",
        "type": "comercio",
        "generation": 11,
        "genLow": 11,
        "genHigh": 11,
        "rooms": 0,
        "covers": 0,
        "category": "mat. construcción",
        "gen_model": "v2_category",
        "source": "denue",
        "staff": "6 a 10 personas"
      }
    },
    {
      "type": "Feature",
      "geometry": {
        "type": "Point",
        "coordinates": [
          -87.377864,
          21.521991
        ]
      },
      "properties": {
        "id": "denue/9446098",
        "name": "3110 ABARROTES DUNOSUSA QR HOLBOX",
        "type": "comercio",
        "generation": 233,
        "genLow": 233,
        "genHigh": 233,
        "rooms": 0,
        "covers": 0,
        "category": "minisúper/supermercado",
        "gen_model": "v2_category",
        "source": "denue",
        "staff": "11 a 30 personas"
      }
    },
    {
      "type": "Feature",
      "geometry": {
        "type": "Point",
        "coordinates": [
          -87.377835,
          21.524366
        ]
      },
      "properties": {
        "id": "denue/6884564",
        "name": "703647 FARMACIAS SIMILARES HOLBOX",
        "type": "comercio",
        "generation": 5,
        "genLow": 5,
        "genHigh": 5,
        "rooms": 0,
        "covers": 0,
        "category": "farmacia",
        "gen_model": "v2_category",
        "source": "denue",
        "staff": "0 a 5 personas"
      }
    },
    {
      "type": "Feature",
      "geometry": {
        "type": "Point",
        "coordinates": [
          -87.381366,
          21.520148
        ]
      },
      "properties": {
        "id": "denue/7878570",
        "name": "ABARROTES GENESARET",
        "type": "comercio",
        "generation": 18,
        "genLow": 18,
        "genHigh": 18,
        "rooms": 0,
        "covers": 0,
        "category": "abarrotes",
        "gen_model": "v2_category",
        "source": "denue",
        "staff": "0 a 5 personas"
      }
    },
    {
      "type": "Feature",
      "geometry": {
        "type": "Point",
        "coordinates": [
          -87.376801,
          21.519701
        ]
      },
      "properties": {
        "id": "denue/10453954",
        "name": "ABARROTES MILAGROS",
        "type": "comercio",
        "generation": 18,
        "genLow": 18,
        "genHigh": 18,
        "rooms": 0,
        "covers": 0,
        "category": "abarrotes",
        "gen_model": "v2_category",
        "source": "denue",
        "staff": "0 a 5 personas"
      }
    },
    {
      "type": "Feature",
      "geometry": {
        "type": "Point",
        "coordinates": [
          -87.378987,
          21.524301
        ]
      },
      "properties": {
        "id": "denue/10908823",
        "name": "ACCESORIOS SIN NOMBRE",
        "type": "comercio",
        "generation": 4,
        "genLow": 4,
        "genHigh": 4,
        "rooms": 0,
        "covers": 0,
        "category": "comercio no-alimento",
        "gen_model": "v2_category",
        "source": "denue",
        "staff": "0 a 5 personas"
      }
    },
    {
      "type": "Feature",
      "geometry": {
        "type": "Point",
        "coordinates": [
          -87.379676,
          21.523867
        ]
      },
      "properties": {
        "id": "denue/7833463",
        "name": "AGATA ROPA",
        "type": "comercio",
        "generation": 4,
        "genLow": 4,
        "genHigh": 4,
        "rooms": 0,
        "covers": 0,
        "category": "comercio no-alimento",
        "gen_model": "v2_category",
        "source": "denue",
        "staff": "0 a 5 personas"
      }
    },
    {
      "type": "Feature",
      "geometry": {
        "type": "Point",
        "coordinates": [
          -87.378338,
          21.522528
        ]
      },
      "properties": {
        "id": "denue/10319143",
        "name": "AGUA DE MAR",
        "type": "comercio",
        "generation": 4,
        "genLow": 4,
        "genHigh": 4,
        "rooms": 0,
        "covers": 0,
        "category": "comercio no-alimento",
        "gen_model": "v2_category",
        "source": "denue",
        "staff": "0 a 5 personas"
      }
    },
    {
      "type": "Feature",
      "geometry": {
        "type": "Point",
        "coordinates": [
          -87.374281,
          21.521491
        ]
      },
      "properties": {
        "id": "denue/9766298",
        "name": "AGUA PURIFICADA SIN NOMBRE",
        "type": "comercio",
        "generation": 8,
        "genLow": 8,
        "genHigh": 8,
        "rooms": 0,
        "covers": 0,
        "category": "bebidas",
        "gen_model": "v2_category",
        "source": "denue",
        "staff": "0 a 5 personas"
      }
    },
    {
      "type": "Feature",
      "geometry": {
        "type": "Point",
        "coordinates": [
          -87.378792,
          21.522943
        ]
      },
      "properties": {
        "id": "denue/8132300",
        "name": "ARTESANIA MAYAD",
        "type": "comercio",
        "generation": 11,
        "genLow": 11,
        "genHigh": 11,
        "rooms": 0,
        "covers": 0,
        "category": "comercio no-alimento",
        "gen_model": "v2_category",
        "source": "denue",
        "staff": "6 a 10 personas"
      }
    },
    {
      "type": "Feature",
      "geometry": {
        "type": "Point",
        "coordinates": [
          -87.38065,
          21.523786
        ]
      },
      "properties": {
        "id": "denue/7833470",
        "name": "ARTESANIAS MADRE SAGRADA",
        "type": "comercio",
        "generation": 4,
        "genLow": 4,
        "genHigh": 4,
        "rooms": 0,
        "covers": 0,
        "category": "comercio no-alimento",
        "gen_model": "v2_category",
        "source": "denue",
        "staff": "0 a 5 personas"
      }
    },
    {
      "type": "Feature",
      "geometry": {
        "type": "Point",
        "coordinates": [
          -87.380473,
          21.523767
        ]
      },
      "properties": {
        "id": "denue/8132250",
        "name": "ARTESANIAS SILVIAS",
        "type": "comercio",
        "generation": 4,
        "genLow": 4,
        "genHigh": 4,
        "rooms": 0,
        "covers": 0,
        "category": "comercio no-alimento",
        "gen_model": "v2_category",
        "source": "denue",
        "staff": "0 a 5 personas"
      }
    },
    {
      "type": "Feature",
      "geometry": {
        "type": "Point",
        "coordinates": [
          -87.379745,
          21.52216
        ]
      },
      "properties": {
        "id": "denue/9762819",
        "name": "BAZAR DE ROPA MODA CARIBE",
        "type": "comercio",
        "generation": 4,
        "genLow": 4,
        "genHigh": 4,
        "rooms": 0,
        "covers": 0,
        "category": "comercio no-alimento",
        "gen_model": "v2_category",
        "source": "denue",
        "staff": "0 a 5 personas"
      }
    },
    {
      "type": "Feature",
      "geometry": {
        "type": "Point",
        "coordinates": [
          -87.379126,
          21.521774
        ]
      },
      "properties": {
        "id": "denue/11701280",
        "name": "BAZAR DE ROPA SIN NOMBRE",
        "type": "comercio",
        "generation": 4,
        "genLow": 4,
        "genHigh": 4,
        "rooms": 0,
        "covers": 0,
        "category": "comercio no-alimento",
        "gen_model": "v2_category",
        "source": "denue",
        "staff": "0 a 5 personas"
      }
    },
    {
      "type": "Feature",
      "geometry": {
        "type": "Point",
        "coordinates": [
          -87.377354,
          21.520671
        ]
      },
      "properties": {
        "id": "denue/10212447",
        "name": "BODEGA DE COCA COLA",
        "type": "comercio",
        "generation": 21,
        "genLow": 21,
        "genHigh": 21,
        "rooms": 0,
        "covers": 0,
        "category": "bebidas",
        "gen_model": "v2_category",
        "source": "denue",
        "staff": "6 a 10 personas"
      }
    },
    {
      "type": "Feature",
      "geometry": {
        "type": "Point",
        "coordinates": [
          -87.378253,
          21.521563
        ]
      },
      "properties": {
        "id": "denue/11574682",
        "name": "BODEGA DE PEPSI",
        "type": "comercio",
        "generation": 8,
        "genLow": 8,
        "genHigh": 8,
        "rooms": 0,
        "covers": 0,
        "category": "bebidas",
        "gen_model": "v2_category",
        "source": "denue",
        "staff": "0 a 5 personas"
      }
    },
    {
      "type": "Feature",
      "geometry": {
        "type": "Point",
        "coordinates": [
          -87.377672,
          21.523405
        ]
      },
      "properties": {
        "id": "denue/8132259",
        "name": "BOUTIQUE",
        "type": "comercio",
        "generation": 4,
        "genLow": 4,
        "genHigh": 4,
        "rooms": 0,
        "covers": 0,
        "category": "comercio no-alimento",
        "gen_model": "v2_category",
        "source": "denue",
        "staff": "0 a 5 personas"
      }
    },
    {
      "type": "Feature",
      "geometry": {
        "type": "Point",
        "coordinates": [
          -87.379287,
          21.523971
        ]
      },
      "properties": {
        "id": "denue/7833462",
        "name": "BOUTIQUE AMOUR",
        "type": "comercio",
        "generation": 4,
        "genLow": 4,
        "genHigh": 4,
        "rooms": 0,
        "covers": 0,
        "category": "comercio no-alimento",
        "gen_model": "v2_category",
        "source": "denue",
        "staff": "0 a 5 personas"
      }
    },
    {
      "type": "Feature",
      "geometry": {
        "type": "Point",
        "coordinates": [
          -87.378346,
          21.523743
        ]
      },
      "properties": {
        "id": "denue/11664754",
        "name": "BOUTIQUE BEACH HOUSE",
        "type": "comercio",
        "generation": 4,
        "genLow": 4,
        "genHigh": 4,
        "rooms": 0,
        "covers": 0,
        "category": "comercio no-alimento",
        "gen_model": "v2_category",
        "source": "denue",
        "staff": "0 a 5 personas"
      }
    },
    {
      "type": "Feature",
      "geometry": {
        "type": "Point",
        "coordinates": [
          -87.378163,
          21.522363
        ]
      },
      "properties": {
        "id": "denue/9814076",
        "name": "BOUTIQUE GITANA",
        "type": "comercio",
        "generation": 4,
        "genLow": 4,
        "genHigh": 4,
        "rooms": 0,
        "covers": 0,
        "category": "comercio no-alimento",
        "gen_model": "v2_category",
        "source": "denue",
        "staff": "0 a 5 personas"
      }
    },
    {
      "type": "Feature",
      "geometry": {
        "type": "Point",
        "coordinates": [
          -87.379173,
          21.522802
        ]
      },
      "properties": {
        "id": "denue/8132297",
        "name": "BOUTIQUE KASSANDRA",
        "type": "comercio",
        "generation": 4,
        "genLow": 4,
        "genHigh": 4,
        "rooms": 0,
        "covers": 0,
        "category": "comercio no-alimento",
        "gen_model": "v2_category",
        "source": "denue",
        "staff": "0 a 5 personas"
      }
    },
    {
      "type": "Feature",
      "geometry": {
        "type": "Point",
        "coordinates": [
          -87.378671,
          21.524574
        ]
      },
      "properties": {
        "id": "denue/7833466",
        "name": "BOUTIQUE LIFE",
        "type": "comercio",
        "generation": 4,
        "genLow": 4,
        "genHigh": 4,
        "rooms": 0,
        "covers": 0,
        "category": "comercio no-alimento",
        "gen_model": "v2_category",
        "source": "denue",
        "staff": "0 a 5 personas"
      }
    },
    {
      "type": "Feature",
      "geometry": {
        "type": "Point",
        "coordinates": [
          -87.379935,
          21.523119
        ]
      },
      "properties": {
        "id": "denue/10405309",
        "name": "BOUTIQUE MERCANTIL ROPA Y ACCESORIOS",
        "type": "comercio",
        "generation": 4,
        "genLow": 4,
        "genHigh": 4,
        "rooms": 0,
        "covers": 0,
        "category": "comercio no-alimento",
        "gen_model": "v2_category",
        "source": "denue",
        "staff": "0 a 5 personas"
      }
    },
    {
      "type": "Feature",
      "geometry": {
        "type": "Point",
        "coordinates": [
          -87.378578,
          21.524659
        ]
      },
      "properties": {
        "id": "denue/10299469",
        "name": "BOUTIQUE OMEN CONMUNITY",
        "type": "comercio",
        "generation": 4,
        "genLow": 4,
        "genHigh": 4,
        "rooms": 0,
        "covers": 0,
        "category": "comercio no-alimento",
        "gen_model": "v2_category",
        "source": "denue",
        "staff": "0 a 5 personas"
      }
    },
    {
      "type": "Feature",
      "geometry": {
        "type": "Point",
        "coordinates": [
          -87.379108,
          21.524408
        ]
      },
      "properties": {
        "id": "denue/10057464",
        "name": "BOUTIQUE SHALOM",
        "type": "comercio",
        "generation": 4,
        "genLow": 4,
        "genHigh": 4,
        "rooms": 0,
        "covers": 0,
        "category": "comercio no-alimento",
        "gen_model": "v2_category",
        "source": "denue",
        "staff": "0 a 5 personas"
      }
    },
    {
      "type": "Feature",
      "geometry": {
        "type": "Point",
        "coordinates": [
          -87.378609,
          21.524573
        ]
      },
      "properties": {
        "id": "denue/10513466",
        "name": "BOUTIQUE SUN Y SAND",
        "type": "comercio",
        "generation": 4,
        "genLow": 4,
        "genHigh": 4,
        "rooms": 0,
        "covers": 0,
        "category": "comercio no-alimento",
        "gen_model": "v2_category",
        "source": "denue",
        "staff": "0 a 5 personas"
      }
    },
    {
      "type": "Feature",
      "geometry": {
        "type": "Point",
        "coordinates": [
          -87.378475,
          21.522655
        ]
      },
      "properties": {
        "id": "denue/11770640",
        "name": "BOUTIQUE WAAY",
        "type": "comercio",
        "generation": 4,
        "genLow": 4,
        "genHigh": 4,
        "rooms": 0,
        "covers": 0,
        "category": "comercio no-alimento",
        "gen_model": "v2_category",
        "source": "denue",
        "staff": "0 a 5 personas"
      }
    },
    {
      "type": "Feature",
      "geometry": {
        "type": "Point",
        "coordinates": [
          -87.379396,
          21.523492
        ]
      },
      "properties": {
        "id": "denue/10861398",
        "name": "BUTIQUE SUNDAY",
        "type": "comercio",
        "generation": 4,
        "genLow": 4,
        "genHigh": 4,
        "rooms": 0,
        "covers": 0,
        "category": "comercio no-alimento",
        "gen_model": "v2_category",
        "source": "denue",
        "staff": "0 a 5 personas"
      }
    },
    {
      "type": "Feature",
      "geometry": {
        "type": "Point",
        "coordinates": [
          -87.378505,
          21.522553
        ]
      },
      "properties": {
        "id": "denue/8132306",
        "name": "CARNICERIA BIG BEEF",
        "type": "comercio",
        "generation": 22,
        "genLow": 22,
        "genHigh": 22,
        "rooms": 0,
        "covers": 0,
        "category": "carnes",
        "gen_model": "v2_category",
        "source": "denue",
        "staff": "0 a 5 personas"
      }
    },
    {
      "type": "Feature",
      "geometry": {
        "type": "Point",
        "coordinates": [
          -87.381863,
          21.520794
        ]
      },
      "properties": {
        "id": "denue/11274228",
        "name": "CARNICERIA EL JIREH",
        "type": "comercio",
        "generation": 22,
        "genLow": 22,
        "genHigh": 22,
        "rooms": 0,
        "covers": 0,
        "category": "carnes",
        "gen_model": "v2_category",
        "source": "denue",
        "staff": "0 a 5 personas"
      }
    },
    {
      "type": "Feature",
      "geometry": {
        "type": "Point",
        "coordinates": [
          -87.377811,
          21.523179
        ]
      },
      "properties": {
        "id": "denue/10120279",
        "name": "CARNICERIA EL POTRO SONRIENTE",
        "type": "comercio",
        "generation": 22,
        "genLow": 22,
        "genHigh": 22,
        "rooms": 0,
        "covers": 0,
        "category": "carnes",
        "gen_model": "v2_category",
        "source": "denue",
        "staff": "0 a 5 personas"
      }
    },
    {
      "type": "Feature",
      "geometry": {
        "type": "Point",
        "coordinates": [
          -87.379783,
          21.522958
        ]
      },
      "properties": {
        "id": "denue/8132199",
        "name": "CENTRO DE DISTRIBUCION TELCEL INOVA TE",
        "type": "comercio",
        "generation": 4,
        "genLow": 4,
        "genHigh": 4,
        "rooms": 0,
        "covers": 0,
        "category": "comercio no-alimento",
        "gen_model": "v2_category",
        "source": "denue",
        "staff": "0 a 5 personas"
      }
    },
    {
      "type": "Feature",
      "geometry": {
        "type": "Point",
        "coordinates": [
          -87.380578,
          21.522487
        ]
      },
      "properties": {
        "id": "denue/7878585",
        "name": "CERVECERIA CEDIS CUHAUTEMOC MOCTEZUMA",
        "type": "comercio",
        "generation": 8,
        "genLow": 8,
        "genHigh": 8,
        "rooms": 0,
        "covers": 0,
        "category": "bebidas",
        "gen_model": "v2_category",
        "source": "denue",
        "staff": "0 a 5 personas"
      }
    },
    {
      "type": "Feature",
      "geometry": {
        "type": "Point",
        "coordinates": [
          -87.37378,
          21.52082
        ]
      },
      "properties": {
        "id": "denue/11022001",
        "name": "CERVEFRIO EL REFILL",
        "type": "comercio",
        "generation": 8,
        "genLow": 8,
        "genHigh": 8,
        "rooms": 0,
        "covers": 0,
        "category": "bebidas",
        "gen_model": "v2_category",
        "source": "denue",
        "staff": "0 a 5 personas"
      }
    },
    {
      "type": "Feature",
      "geometry": {
        "type": "Point",
        "coordinates": [
          -87.380006,
          21.524238
        ]
      },
      "properties": {
        "id": "denue/7833411",
        "name": "CHAKTE MINI SUPER",
        "type": "comercio",
        "generation": 93,
        "genLow": 93,
        "genHigh": 93,
        "rooms": 0,
        "covers": 0,
        "category": "minisúper/supermercado",
        "gen_model": "v2_category",
        "source": "denue",
        "staff": "6 a 10 personas"
      }
    },
    {
      "type": "Feature",
      "geometry": {
        "type": "Point",
        "coordinates": [
          -87.375917,
          21.524102
        ]
      },
      "properties": {
        "id": "denue/10612121",
        "name": "DRUGS CLINIC",
        "type": "comercio",
        "generation": 5,
        "genLow": 5,
        "genHigh": 5,
        "rooms": 0,
        "covers": 0,
        "category": "farmacia",
        "gen_model": "v2_category",
        "source": "denue",
        "staff": "0 a 5 personas"
      }
    },
    {
      "type": "Feature",
      "geometry": {
        "type": "Point",
        "coordinates": [
          -87.378304,
          21.522496
        ]
      },
      "properties": {
        "id": "denue/10534427",
        "name": "DRUGSTORE",
        "type": "comercio",
        "generation": 5,
        "genLow": 5,
        "genHigh": 5,
        "rooms": 0,
        "covers": 0,
        "category": "farmacia",
        "gen_model": "v2_category",
        "source": "denue",
        "staff": "0 a 5 personas"
      }
    },
    {
      "type": "Feature",
      "geometry": {
        "type": "Point",
        "coordinates": [
          -87.376579,
          21.526448
        ]
      },
      "properties": {
        "id": "denue/10860535",
        "name": "DUPLAS DESING TIENDA DE ROPA",
        "type": "comercio",
        "generation": 4,
        "genLow": 4,
        "genHigh": 4,
        "rooms": 0,
        "covers": 0,
        "category": "comercio no-alimento",
        "gen_model": "v2_category",
        "source": "denue",
        "staff": "0 a 5 personas"
      }
    },
    {
      "type": "Feature",
      "geometry": {
        "type": "Point",
        "coordinates": [
          -87.378131,
          21.523488
        ]
      },
      "properties": {
        "id": "denue/10281831",
        "name": "EL CACHORRO FERRETERIA",
        "type": "comercio",
        "generation": 27,
        "genLow": 27,
        "genHigh": 27,
        "rooms": 0,
        "covers": 0,
        "category": "ferretería",
        "gen_model": "v2_category",
        "source": "denue",
        "staff": "11 a 30 personas"
      }
    },
    {
      "type": "Feature",
      "geometry": {
        "type": "Point",
        "coordinates": [
          -87.379603,
          21.52362
        ]
      },
      "properties": {
        "id": "denue/11217794",
        "name": "EL MANGLE BLANCO",
        "type": "comercio",
        "generation": 8,
        "genLow": 8,
        "genHigh": 8,
        "rooms": 0,
        "covers": 0,
        "category": "hielo/paletas",
        "gen_model": "v2_category",
        "source": "denue",
        "staff": "0 a 5 personas"
      }
    },
    {
      "type": "Feature",
      "geometry": {
        "type": "Point",
        "coordinates": [
          -87.378241,
          21.522437
        ]
      },
      "properties": {
        "id": "denue/11416772",
        "name": "ESTACION TEQUILA",
        "type": "comercio",
        "generation": 21,
        "genLow": 21,
        "genHigh": 21,
        "rooms": 0,
        "covers": 0,
        "category": "bebidas",
        "gen_model": "v2_category",
        "source": "denue",
        "staff": "6 a 10 personas"
      }
    },
    {
      "type": "Feature",
      "geometry": {
        "type": "Point",
        "coordinates": [
          -87.378833,
          21.524363
        ]
      },
      "properties": {
        "id": "denue/8132475",
        "name": "EXPENDIO DE CARNE EL BUFALO",
        "type": "comercio",
        "generation": 22,
        "genLow": 22,
        "genHigh": 22,
        "rooms": 0,
        "covers": 0,
        "category": "carnes",
        "gen_model": "v2_category",
        "source": "denue",
        "staff": "0 a 5 personas"
      }
    },
    {
      "type": "Feature",
      "geometry": {
        "type": "Point",
        "coordinates": [
          -87.378469,
          21.524758
        ]
      },
      "properties": {
        "id": "denue/10794544",
        "name": "FARMACIA DE LA RIVIERA",
        "type": "comercio",
        "generation": 5,
        "genLow": 5,
        "genHigh": 5,
        "rooms": 0,
        "covers": 0,
        "category": "farmacia",
        "gen_model": "v2_category",
        "source": "denue",
        "staff": "0 a 5 personas"
      }
    },
    {
      "type": "Feature",
      "geometry": {
        "type": "Point",
        "coordinates": [
          -87.379189,
          21.525479
        ]
      },
      "properties": {
        "id": "denue/11749776",
        "name": "FARMACIA HOLBOX",
        "type": "comercio",
        "generation": 5,
        "genLow": 5,
        "genHigh": 5,
        "rooms": 0,
        "covers": 0,
        "category": "farmacia",
        "gen_model": "v2_category",
        "source": "denue",
        "staff": "0 a 5 personas"
      }
    },
    {
      "type": "Feature",
      "geometry": {
        "type": "Point",
        "coordinates": [
          -87.378612,
          21.524627
        ]
      },
      "properties": {
        "id": "denue/7833465",
        "name": "FARMACIA JESY",
        "type": "comercio",
        "generation": 5,
        "genLow": 5,
        "genHigh": 5,
        "rooms": 0,
        "covers": 0,
        "category": "farmacia",
        "gen_model": "v2_category",
        "source": "denue",
        "staff": "0 a 5 personas"
      }
    },
    {
      "type": "Feature",
      "geometry": {
        "type": "Point",
        "coordinates": [
          -87.378668,
          21.522831
        ]
      },
      "properties": {
        "id": "denue/8132302",
        "name": "FARMACIA PEPES",
        "type": "comercio",
        "generation": 5,
        "genLow": 5,
        "genHigh": 5,
        "rooms": 0,
        "covers": 0,
        "category": "farmacia",
        "gen_model": "v2_category",
        "source": "denue",
        "staff": "0 a 5 personas"
      }
    },
    {
      "type": "Feature",
      "geometry": {
        "type": "Point",
        "coordinates": [
          -87.377907,
          21.522055
        ]
      },
      "properties": {
        "id": "denue/9475581",
        "name": "FARMACIAS YZA SUC 0325 HOLBOX",
        "type": "comercio",
        "generation": 5,
        "genLow": 5,
        "genHigh": 5,
        "rooms": 0,
        "covers": 0,
        "category": "farmacia",
        "gen_model": "v2_category",
        "source": "denue",
        "staff": "0 a 5 personas"
      }
    },
    {
      "type": "Feature",
      "geometry": {
        "type": "Point",
        "coordinates": [
          -87.379802,
          21.523886
        ]
      },
      "properties": {
        "id": "denue/9520810",
        "name": "FENICIA COLLECTIVE MARKET",
        "type": "comercio",
        "generation": 4,
        "genLow": 4,
        "genHigh": 4,
        "rooms": 0,
        "covers": 0,
        "category": "comercio no-alimento",
        "gen_model": "v2_category",
        "source": "denue",
        "staff": "0 a 5 personas"
      }
    },
    {
      "type": "Feature",
      "geometry": {
        "type": "Point",
        "coordinates": [
          -87.376445,
          21.520593
        ]
      },
      "properties": {
        "id": "denue/9873953",
        "name": "FERRETERIA LEUGOM",
        "type": "comercio",
        "generation": 11,
        "genLow": 11,
        "genHigh": 11,
        "rooms": 0,
        "covers": 0,
        "category": "ferretería",
        "gen_model": "v2_category",
        "source": "denue",
        "staff": "6 a 10 personas"
      }
    },
    {
      "type": "Feature",
      "geometry": {
        "type": "Point",
        "coordinates": [
          -87.37746,
          21.524756
        ]
      },
      "properties": {
        "id": "denue/10244021",
        "name": "FERRETERIA YARIS",
        "type": "comercio",
        "generation": 4,
        "genLow": 4,
        "genHigh": 4,
        "rooms": 0,
        "covers": 0,
        "category": "ferretería",
        "gen_model": "v2_category",
        "source": "denue",
        "staff": "0 a 5 personas"
      }
    },
    {
      "type": "Feature",
      "geometry": {
        "type": "Point",
        "coordinates": [
          -87.379234,
          21.521655
        ]
      },
      "properties": {
        "id": "denue/10596575",
        "name": "FRUTERIA EL CHANGO AZUL",
        "type": "comercio",
        "generation": 30,
        "genLow": 30,
        "genHigh": 30,
        "rooms": 0,
        "covers": 0,
        "category": "frutas y verduras",
        "gen_model": "v2_category",
        "source": "denue",
        "staff": "0 a 5 personas"
      }
    },
    {
      "type": "Feature",
      "geometry": {
        "type": "Point",
        "coordinates": [
          -87.374227,
          21.526133
        ]
      },
      "properties": {
        "id": "denue/9917695",
        "name": "FRUTERIA GUASABES",
        "type": "comercio",
        "generation": 30,
        "genLow": 30,
        "genHigh": 30,
        "rooms": 0,
        "covers": 0,
        "category": "frutas y verduras",
        "gen_model": "v2_category",
        "source": "denue",
        "staff": "0 a 5 personas"
      }
    },
    {
      "type": "Feature",
      "geometry": {
        "type": "Point",
        "coordinates": [
          -87.378312,
          21.524666
        ]
      },
      "properties": {
        "id": "denue/11383454",
        "name": "FRUTERIA JUNIOR",
        "type": "comercio",
        "generation": 30,
        "genLow": 30,
        "genHigh": 30,
        "rooms": 0,
        "covers": 0,
        "category": "frutas y verduras",
        "gen_model": "v2_category",
        "source": "denue",
        "staff": "0 a 5 personas"
      }
    },
    {
      "type": "Feature",
      "geometry": {
        "type": "Point",
        "coordinates": [
          -87.377054,
          21.522879
        ]
      },
      "properties": {
        "id": "denue/10692398",
        "name": "FRUTERIA LA BENDICION DE DIOS",
        "type": "comercio",
        "generation": 30,
        "genLow": 30,
        "genHigh": 30,
        "rooms": 0,
        "covers": 0,
        "category": "frutas y verduras",
        "gen_model": "v2_category",
        "source": "denue",
        "staff": "0 a 5 personas"
      }
    },
    {
      "type": "Feature",
      "geometry": {
        "type": "Point",
        "coordinates": [
          -87.37672,
          21.523349
        ]
      },
      "properties": {
        "id": "denue/11751318",
        "name": "FRUTERIA LA BODEGUITA",
        "type": "comercio",
        "generation": 30,
        "genLow": 30,
        "genHigh": 30,
        "rooms": 0,
        "covers": 0,
        "category": "frutas y verduras",
        "gen_model": "v2_category",
        "source": "denue",
        "staff": "0 a 5 personas"
      }
    },
    {
      "type": "Feature",
      "geometry": {
        "type": "Point",
        "coordinates": [
          -87.377679,
          21.523322
        ]
      },
      "properties": {
        "id": "denue/9997230",
        "name": "FRUTERIA LA CONCEPCION",
        "type": "comercio",
        "generation": 30,
        "genLow": 30,
        "genHigh": 30,
        "rooms": 0,
        "covers": 0,
        "category": "frutas y verduras",
        "gen_model": "v2_category",
        "source": "denue",
        "staff": "0 a 5 personas"
      }
    },
    {
      "type": "Feature",
      "geometry": {
        "type": "Point",
        "coordinates": [
          -87.381677,
          21.521058
        ]
      },
      "properties": {
        "id": "denue/8726449",
        "name": "FRUTERIA LA ESTRELLITA",
        "type": "comercio",
        "generation": 30,
        "genLow": 30,
        "genHigh": 30,
        "rooms": 0,
        "covers": 0,
        "category": "frutas y verduras",
        "gen_model": "v2_category",
        "source": "denue",
        "staff": "0 a 5 personas"
      }
    },
    {
      "type": "Feature",
      "geometry": {
        "type": "Point",
        "coordinates": [
          -87.377914,
          21.522048
        ]
      },
      "properties": {
        "id": "denue/10679726",
        "name": "FRUTERIA LA ESTRELLITA",
        "type": "comercio",
        "generation": 30,
        "genLow": 30,
        "genHigh": 30,
        "rooms": 0,
        "covers": 0,
        "category": "frutas y verduras",
        "gen_model": "v2_category",
        "source": "denue",
        "staff": "0 a 5 personas"
      }
    },
    {
      "type": "Feature",
      "geometry": {
        "type": "Point",
        "coordinates": [
          -87.380206,
          21.522206
        ]
      },
      "properties": {
        "id": "denue/10631401",
        "name": "FRUTERIA LAS TRES COSECHAS",
        "type": "comercio",
        "generation": 30,
        "genLow": 30,
        "genHigh": 30,
        "rooms": 0,
        "covers": 0,
        "category": "frutas y verduras",
        "gen_model": "v2_category",
        "source": "denue",
        "staff": "0 a 5 personas"
      }
    },
    {
      "type": "Feature",
      "geometry": {
        "type": "Point",
        "coordinates": [
          -87.381646,
          21.521102
        ]
      },
      "properties": {
        "id": "denue/8726450",
        "name": "FRUTERIA LOS TRES HERMANOS",
        "type": "comercio",
        "generation": 80,
        "genLow": 80,
        "genHigh": 80,
        "rooms": 0,
        "covers": 0,
        "category": "frutas y verduras",
        "gen_model": "v2_category",
        "source": "denue",
        "staff": "6 a 10 personas"
      }
    },
    {
      "type": "Feature",
      "geometry": {
        "type": "Point",
        "coordinates": [
          -87.381391,
          21.521427
        ]
      },
      "properties": {
        "id": "denue/9997659",
        "name": "FRUTERIA LOS TRES HERMANOS",
        "type": "comercio",
        "generation": 30,
        "genLow": 30,
        "genHigh": 30,
        "rooms": 0,
        "covers": 0,
        "category": "frutas y verduras",
        "gen_model": "v2_category",
        "source": "denue",
        "staff": "0 a 5 personas"
      }
    },
    {
      "type": "Feature",
      "geometry": {
        "type": "Point",
        "coordinates": [
          -87.380111,
          21.523271
        ]
      },
      "properties": {
        "id": "denue/11487767",
        "name": "FRUTERIA TUMBEN KUXTAL",
        "type": "comercio",
        "generation": 80,
        "genLow": 80,
        "genHigh": 80,
        "rooms": 0,
        "covers": 0,
        "category": "frutas y verduras",
        "gen_model": "v2_category",
        "source": "denue",
        "staff": "6 a 10 personas"
      }
    },
    {
      "type": "Feature",
      "geometry": {
        "type": "Point",
        "coordinates": [
          -87.378099,
          21.524078
        ]
      },
      "properties": {
        "id": "denue/9738271",
        "name": "FRUTERIA Y JUGUERIA GARCIA",
        "type": "comercio",
        "generation": 30,
        "genLow": 30,
        "genHigh": 30,
        "rooms": 0,
        "covers": 0,
        "category": "frutas y verduras",
        "gen_model": "v2_category",
        "source": "denue",
        "staff": "0 a 5 personas"
      }
    },
    {
      "type": "Feature",
      "geometry": {
        "type": "Point",
        "coordinates": [
          -87.376484,
          21.523498
        ]
      },
      "properties": {
        "id": "denue/11755217",
        "name": "HOLBOX",
        "type": "comercio",
        "generation": 5,
        "genLow": 5,
        "genHigh": 5,
        "rooms": 0,
        "covers": 0,
        "category": "farmacia",
        "gen_model": "v2_category",
        "source": "denue",
        "staff": "0 a 5 personas"
      }
    },
    {
      "type": "Feature",
      "geometry": {
        "type": "Point",
        "coordinates": [
          -87.379361,
          21.522591
        ]
      },
      "properties": {
        "id": "denue/11475319",
        "name": "HOLBOX ART PARADISE",
        "type": "comercio",
        "generation": 4,
        "genLow": 4,
        "genHigh": 4,
        "rooms": 0,
        "covers": 0,
        "category": "comercio no-alimento",
        "gen_model": "v2_category",
        "source": "denue",
        "staff": "0 a 5 personas"
      }
    },
    {
      "type": "Feature",
      "geometry": {
        "type": "Point",
        "coordinates": [
          -87.379202,
          21.524064
        ]
      },
      "properties": {
        "id": "denue/8279891",
        "name": "HOLBOX GALERIA",
        "type": "comercio",
        "generation": 4,
        "genLow": 4,
        "genHigh": 4,
        "rooms": 0,
        "covers": 0,
        "category": "comercio no-alimento",
        "gen_model": "v2_category",
        "source": "denue",
        "staff": "0 a 5 personas"
      }
    },
    {
      "type": "Feature",
      "geometry": {
        "type": "Point",
        "coordinates": [
          -87.378279,
          21.522473
        ]
      },
      "properties": {
        "id": "denue/9647251",
        "name": "HOLBOX GUIDE SHOP",
        "type": "comercio",
        "generation": 4,
        "genLow": 4,
        "genHigh": 4,
        "rooms": 0,
        "covers": 0,
        "category": "comercio no-alimento",
        "gen_model": "v2_category",
        "source": "denue",
        "staff": "0 a 5 personas"
      }
    },
    {
      "type": "Feature",
      "geometry": {
        "type": "Point",
        "coordinates": [
          -87.378522,
          21.524655
        ]
      },
      "properties": {
        "id": "denue/11818345",
        "name": "HOLBOX II",
        "type": "comercio",
        "generation": 5,
        "genLow": 5,
        "genHigh": 5,
        "rooms": 0,
        "covers": 0,
        "category": "farmacia",
        "gen_model": "v2_category",
        "source": "denue",
        "staff": "0 a 5 personas"
      }
    },
    {
      "type": "Feature",
      "geometry": {
        "type": "Point",
        "coordinates": [
          -87.377455,
          21.5218
        ]
      },
      "properties": {
        "id": "denue/11778187",
        "name": "HOLBOX VI",
        "type": "comercio",
        "generation": 5,
        "genLow": 5,
        "genHigh": 5,
        "rooms": 0,
        "covers": 0,
        "category": "farmacia",
        "gen_model": "v2_category",
        "source": "denue",
        "staff": "0 a 5 personas"
      }
    },
    {
      "type": "Feature",
      "geometry": {
        "type": "Point",
        "coordinates": [
          -87.379328,
          21.523926
        ]
      },
      "properties": {
        "id": "denue/11520992",
        "name": "IGUANA RANA SUBENIR",
        "type": "comercio",
        "generation": 4,
        "genLow": 4,
        "genHigh": 4,
        "rooms": 0,
        "covers": 0,
        "category": "comercio no-alimento",
        "gen_model": "v2_category",
        "source": "denue",
        "staff": "0 a 5 personas"
      }
    },
    {
      "type": "Feature",
      "geometry": {
        "type": "Point",
        "coordinates": [
          -87.379296,
          21.524512
        ]
      },
      "properties": {
        "id": "denue/11454465",
        "name": "JOYERIA NOA",
        "type": "comercio",
        "generation": 4,
        "genLow": 4,
        "genHigh": 4,
        "rooms": 0,
        "covers": 0,
        "category": "comercio no-alimento",
        "gen_model": "v2_category",
        "source": "denue",
        "staff": "0 a 5 personas"
      }
    },
    {
      "type": "Feature",
      "geometry": {
        "type": "Point",
        "coordinates": [
          -87.37826,
          21.524615
        ]
      },
      "properties": {
        "id": "denue/10562924",
        "name": "JUGUETERIA Y NOVEDADES KAPRICHITOS",
        "type": "comercio",
        "generation": 4,
        "genLow": 4,
        "genHigh": 4,
        "rooms": 0,
        "covers": 0,
        "category": "comercio no-alimento",
        "gen_model": "v2_category",
        "source": "denue",
        "staff": "0 a 5 personas"
      }
    },
    {
      "type": "Feature",
      "geometry": {
        "type": "Point",
        "coordinates": [
          -87.376812,
          21.52314
        ]
      },
      "properties": {
        "id": "denue/10330852",
        "name": "LA CUBANA NOVEDADES",
        "type": "comercio",
        "generation": 4,
        "genLow": 4,
        "genHigh": 4,
        "rooms": 0,
        "covers": 0,
        "category": "comercio no-alimento",
        "gen_model": "v2_category",
        "source": "denue",
        "staff": "0 a 5 personas"
      }
    },
    {
      "type": "Feature",
      "geometry": {
        "type": "Point",
        "coordinates": [
          -87.37802,
          21.525217
        ]
      },
      "properties": {
        "id": "denue/11543233",
        "name": "LA DHACMA BOUTIQUE",
        "type": "comercio",
        "generation": 4,
        "genLow": 4,
        "genHigh": 4,
        "rooms": 0,
        "covers": 0,
        "category": "comercio no-alimento",
        "gen_model": "v2_category",
        "source": "denue",
        "staff": "0 a 5 personas"
      }
    },
    {
      "type": "Feature",
      "geometry": {
        "type": "Point",
        "coordinates": [
          -87.379497,
          21.524691
        ]
      },
      "properties": {
        "id": "denue/10832333",
        "name": "LA GELATERIA",
        "type": "comercio",
        "generation": 8,
        "genLow": 8,
        "genHigh": 8,
        "rooms": 0,
        "covers": 0,
        "category": "hielo/paletas",
        "gen_model": "v2_category",
        "source": "denue",
        "staff": "0 a 5 personas"
      }
    },
    {
      "type": "Feature",
      "geometry": {
        "type": "Point",
        "coordinates": [
          -87.379766,
          21.52449
        ]
      },
      "properties": {
        "id": "denue/10315388",
        "name": "LETTRARUM ROPA Y ACCESORIOS",
        "type": "comercio",
        "generation": 4,
        "genLow": 4,
        "genHigh": 4,
        "rooms": 0,
        "covers": 0,
        "category": "comercio no-alimento",
        "gen_model": "v2_category",
        "source": "denue",
        "staff": "0 a 5 personas"
      }
    },
    {
      "type": "Feature",
      "geometry": {
        "type": "Point",
        "coordinates": [
          -87.379849,
          21.523934
        ]
      },
      "properties": {
        "id": "denue/9645681",
        "name": "MAKA ARTESANIAS",
        "type": "comercio",
        "generation": 4,
        "genLow": 4,
        "genHigh": 4,
        "rooms": 0,
        "covers": 0,
        "category": "comercio no-alimento",
        "gen_model": "v2_category",
        "source": "denue",
        "staff": "0 a 5 personas"
      }
    },
    {
      "type": "Feature",
      "geometry": {
        "type": "Point",
        "coordinates": [
          -87.378771,
          21.523026
        ]
      },
      "properties": {
        "id": "denue/8705799",
        "name": "MANDALA TIENDA DE ARTESANIA",
        "type": "comercio",
        "generation": 4,
        "genLow": 4,
        "genHigh": 4,
        "rooms": 0,
        "covers": 0,
        "category": "comercio no-alimento",
        "gen_model": "v2_category",
        "source": "denue",
        "staff": "0 a 5 personas"
      }
    },
    {
      "type": "Feature",
      "geometry": {
        "type": "Point",
        "coordinates": [
          -87.379614,
          21.52465
        ]
      },
      "properties": {
        "id": "denue/11415833",
        "name": "MIGUEL ARTESANIA",
        "type": "comercio",
        "generation": 4,
        "genLow": 4,
        "genHigh": 4,
        "rooms": 0,
        "covers": 0,
        "category": "comercio no-alimento",
        "gen_model": "v2_category",
        "source": "denue",
        "staff": "0 a 5 personas"
      }
    },
    {
      "type": "Feature",
      "geometry": {
        "type": "Point",
        "coordinates": [
          -87.379083,
          21.524385
        ]
      },
      "properties": {
        "id": "denue/8279896",
        "name": "MINI MART LA CONCHUELA DEL PAMPANO",
        "type": "comercio",
        "generation": 18,
        "genLow": 18,
        "genHigh": 18,
        "rooms": 0,
        "covers": 0,
        "category": "abarrotes",
        "gen_model": "v2_category",
        "source": "denue",
        "staff": "0 a 5 personas"
      }
    },
    {
      "type": "Feature",
      "geometry": {
        "type": "Point",
        "coordinates": [
          -87.378193,
          21.525041
        ]
      },
      "properties": {
        "id": "denue/7833530",
        "name": "MINI SUPER INNA",
        "type": "comercio",
        "generation": 35,
        "genLow": 35,
        "genHigh": 35,
        "rooms": 0,
        "covers": 0,
        "category": "minisúper/supermercado",
        "gen_model": "v2_category",
        "source": "denue",
        "staff": "0 a 5 personas"
      }
    },
    {
      "type": "Feature",
      "geometry": {
        "type": "Point",
        "coordinates": [
          -87.377966,
          21.523123
        ]
      },
      "properties": {
        "id": "denue/8962142",
        "name": "MINI SUPER LA CHANGA",
        "type": "comercio",
        "generation": 35,
        "genLow": 35,
        "genHigh": 35,
        "rooms": 0,
        "covers": 0,
        "category": "minisúper/supermercado",
        "gen_model": "v2_category",
        "source": "denue",
        "staff": "0 a 5 personas"
      }
    },
    {
      "type": "Feature",
      "geometry": {
        "type": "Point",
        "coordinates": [
          -87.378032,
          21.52224
        ]
      },
      "properties": {
        "id": "denue/8705852",
        "name": "MINI SUPER MAYRA TIENDA",
        "type": "comercio",
        "generation": 35,
        "genLow": 35,
        "genHigh": 35,
        "rooms": 0,
        "covers": 0,
        "category": "minisúper/supermercado",
        "gen_model": "v2_category",
        "source": "denue",
        "staff": "0 a 5 personas"
      }
    },
    {
      "type": "Feature",
      "geometry": {
        "type": "Point",
        "coordinates": [
          -87.376722,
          21.526337
        ]
      },
      "properties": {
        "id": "denue/10714539",
        "name": "MINI SUPER OFE",
        "type": "comercio",
        "generation": 35,
        "genLow": 35,
        "genHigh": 35,
        "rooms": 0,
        "covers": 0,
        "category": "minisúper/supermercado",
        "gen_model": "v2_category",
        "source": "denue",
        "staff": "0 a 5 personas"
      }
    },
    {
      "type": "Feature",
      "geometry": {
        "type": "Point",
        "coordinates": [
          -87.376237,
          21.523759
        ]
      },
      "properties": {
        "id": "denue/10394993",
        "name": "MINI SUPER PASEO KUKA",
        "type": "comercio",
        "generation": 35,
        "genLow": 35,
        "genHigh": 35,
        "rooms": 0,
        "covers": 0,
        "category": "minisúper/supermercado",
        "gen_model": "v2_category",
        "source": "denue",
        "staff": "0 a 5 personas"
      }
    },
    {
      "type": "Feature",
      "geometry": {
        "type": "Point",
        "coordinates": [
          -87.374017,
          21.527475
        ]
      },
      "properties": {
        "id": "denue/10828834",
        "name": "MINI SUPER PUNTA MOSQUITO",
        "type": "comercio",
        "generation": 35,
        "genLow": 35,
        "genHigh": 35,
        "rooms": 0,
        "covers": 0,
        "category": "minisúper/supermercado",
        "gen_model": "v2_category",
        "source": "denue",
        "staff": "0 a 5 personas"
      }
    },
    {
      "type": "Feature",
      "geometry": {
        "type": "Point",
        "coordinates": [
          -87.378713,
          21.522871
        ]
      },
      "properties": {
        "id": "denue/8132301",
        "name": "MINISUPER BESA",
        "type": "comercio",
        "generation": 35,
        "genLow": 35,
        "genHigh": 35,
        "rooms": 0,
        "covers": 0,
        "category": "minisúper/supermercado",
        "gen_model": "v2_category",
        "source": "denue",
        "staff": "0 a 5 personas"
      }
    },
    {
      "type": "Feature",
      "geometry": {
        "type": "Point",
        "coordinates": [
          -87.374948,
          21.5208
        ]
      },
      "properties": {
        "id": "denue/9552754",
        "name": "MINISUPER BULLPEN",
        "type": "comercio",
        "generation": 35,
        "genLow": 35,
        "genHigh": 35,
        "rooms": 0,
        "covers": 0,
        "category": "minisúper/supermercado",
        "gen_model": "v2_category",
        "source": "denue",
        "staff": "0 a 5 personas"
      }
    },
    {
      "type": "Feature",
      "geometry": {
        "type": "Point",
        "coordinates": [
          -87.378761,
          21.524126
        ]
      },
      "properties": {
        "id": "denue/8132483",
        "name": "MINISUPER CHEFOS STORE",
        "type": "comercio",
        "generation": 35,
        "genLow": 35,
        "genHigh": 35,
        "rooms": 0,
        "covers": 0,
        "category": "minisúper/supermercado",
        "gen_model": "v2_category",
        "source": "denue",
        "staff": "0 a 5 personas"
      }
    },
    {
      "type": "Feature",
      "geometry": {
        "type": "Point",
        "coordinates": [
          -87.378606,
          21.522446
        ]
      },
      "properties": {
        "id": "denue/8132349",
        "name": "MINISUPER CHELIS",
        "type": "comercio",
        "generation": 35,
        "genLow": 35,
        "genHigh": 35,
        "rooms": 0,
        "covers": 0,
        "category": "minisúper/supermercado",
        "gen_model": "v2_category",
        "source": "denue",
        "staff": "0 a 5 personas"
      }
    },
    {
      "type": "Feature",
      "geometry": {
        "type": "Point",
        "coordinates": [
          -87.375735,
          21.524298
        ]
      },
      "properties": {
        "id": "denue/8227575",
        "name": "MINISUPER EL DESQUITE",
        "type": "comercio",
        "generation": 35,
        "genLow": 35,
        "genHigh": 35,
        "rooms": 0,
        "covers": 0,
        "category": "minisúper/supermercado",
        "gen_model": "v2_category",
        "source": "denue",
        "staff": "0 a 5 personas"
      }
    },
    {
      "type": "Feature",
      "geometry": {
        "type": "Point",
        "coordinates": [
          -87.375356,
          21.524707
        ]
      },
      "properties": {
        "id": "denue/8132253",
        "name": "MINISUPER EL OSO",
        "type": "comercio",
        "generation": 93,
        "genLow": 93,
        "genHigh": 93,
        "rooms": 0,
        "covers": 0,
        "category": "minisúper/supermercado",
        "gen_model": "v2_category",
        "source": "denue",
        "staff": "6 a 10 personas"
      }
    },
    {
      "type": "Feature",
      "geometry": {
        "type": "Point",
        "coordinates": [
          -87.379103,
          21.521234
        ]
      },
      "properties": {
        "id": "denue/7833582",
        "name": "MINISUPER JAZMIN",
        "type": "comercio",
        "generation": 35,
        "genLow": 35,
        "genHigh": 35,
        "rooms": 0,
        "covers": 0,
        "category": "minisúper/supermercado",
        "gen_model": "v2_category",
        "source": "denue",
        "staff": "0 a 5 personas"
      }
    },
    {
      "type": "Feature",
      "geometry": {
        "type": "Point",
        "coordinates": [
          -87.393499,
          21.511764
        ]
      },
      "properties": {
        "id": "denue/10527402",
        "name": "MINISUPER LAS FRIDAS PUNTA COCO",
        "type": "comercio",
        "generation": 35,
        "genLow": 35,
        "genHigh": 35,
        "rooms": 0,
        "covers": 0,
        "category": "minisúper/supermercado",
        "gen_model": "v2_category",
        "source": "denue",
        "staff": "0 a 5 personas"
      }
    },
    {
      "type": "Feature",
      "geometry": {
        "type": "Point",
        "coordinates": [
          -87.378281,
          21.519624
        ]
      },
      "properties": {
        "id": "denue/8132254",
        "name": "MINISUPER LAS NADUTAS",
        "type": "comercio",
        "generation": 35,
        "genLow": 35,
        "genHigh": 35,
        "rooms": 0,
        "covers": 0,
        "category": "minisúper/supermercado",
        "gen_model": "v2_category",
        "source": "denue",
        "staff": "0 a 5 personas"
      }
    },
    {
      "type": "Feature",
      "geometry": {
        "type": "Point",
        "coordinates": [
          -87.379033,
          21.524248
        ]
      },
      "properties": {
        "id": "denue/10882486",
        "name": "MINISUPER LOS MOSCOS",
        "type": "comercio",
        "generation": 35,
        "genLow": 35,
        "genHigh": 35,
        "rooms": 0,
        "covers": 0,
        "category": "minisúper/supermercado",
        "gen_model": "v2_category",
        "source": "denue",
        "staff": "0 a 5 personas"
      }
    },
    {
      "type": "Feature",
      "geometry": {
        "type": "Point",
        "coordinates": [
          -87.380414,
          21.522563
        ]
      },
      "properties": {
        "id": "denue/8132363",
        "name": "MINISUPER LOS TIGRITOS",
        "type": "comercio",
        "generation": 35,
        "genLow": 35,
        "genHigh": 35,
        "rooms": 0,
        "covers": 0,
        "category": "minisúper/supermercado",
        "gen_model": "v2_category",
        "source": "denue",
        "staff": "0 a 5 personas"
      }
    },
    {
      "type": "Feature",
      "geometry": {
        "type": "Point",
        "coordinates": [
          -87.378524,
          21.524709
        ]
      },
      "properties": {
        "id": "denue/9014874",
        "name": "MINISUPER LUIS 8",
        "type": "comercio",
        "generation": 35,
        "genLow": 35,
        "genHigh": 35,
        "rooms": 0,
        "covers": 0,
        "category": "minisúper/supermercado",
        "gen_model": "v2_category",
        "source": "denue",
        "staff": "0 a 5 personas"
      }
    },
    {
      "type": "Feature",
      "geometry": {
        "type": "Point",
        "coordinates": [
          -87.377654,
          21.520923
        ]
      },
      "properties": {
        "id": "denue/9826284",
        "name": "MINISUPER M STORE",
        "type": "comercio",
        "generation": 35,
        "genLow": 35,
        "genHigh": 35,
        "rooms": 0,
        "covers": 0,
        "category": "minisúper/supermercado",
        "gen_model": "v2_category",
        "source": "denue",
        "staff": "0 a 5 personas"
      }
    },
    {
      "type": "Feature",
      "geometry": {
        "type": "Point",
        "coordinates": [
          -87.379481,
          21.523569
        ]
      },
      "properties": {
        "id": "denue/8132414",
        "name": "MINISUPER MOGUEL",
        "type": "comercio",
        "generation": 35,
        "genLow": 35,
        "genHigh": 35,
        "rooms": 0,
        "covers": 0,
        "category": "minisúper/supermercado",
        "gen_model": "v2_category",
        "source": "denue",
        "staff": "0 a 5 personas"
      }
    },
    {
      "type": "Feature",
      "geometry": {
        "type": "Point",
        "coordinates": [
          -87.369574,
          21.530289
        ]
      },
      "properties": {
        "id": "denue/11375937",
        "name": "MINISUPER SIX CRISMI",
        "type": "comercio",
        "generation": 35,
        "genLow": 35,
        "genHigh": 35,
        "rooms": 0,
        "covers": 0,
        "category": "minisúper/supermercado",
        "gen_model": "v2_category",
        "source": "denue",
        "staff": "0 a 5 personas"
      }
    },
    {
      "type": "Feature",
      "geometry": {
        "type": "Point",
        "coordinates": [
          -87.380768,
          21.523795
        ]
      },
      "properties": {
        "id": "denue/10738017",
        "name": "MINISUPER SIX MI BELLA ISLA",
        "type": "comercio",
        "generation": 35,
        "genLow": 35,
        "genHigh": 35,
        "rooms": 0,
        "covers": 0,
        "category": "minisúper/supermercado",
        "gen_model": "v2_category",
        "source": "denue",
        "staff": "0 a 5 personas"
      }
    },
    {
      "type": "Feature",
      "geometry": {
        "type": "Point",
        "coordinates": [
          -87.380249,
          21.522869
        ]
      },
      "properties": {
        "id": "denue/10535426",
        "name": "MINISUPER TATA",
        "type": "comercio",
        "generation": 35,
        "genLow": 35,
        "genHigh": 35,
        "rooms": 0,
        "covers": 0,
        "category": "minisúper/supermercado",
        "gen_model": "v2_category",
        "source": "denue",
        "staff": "0 a 5 personas"
      }
    },
    {
      "type": "Feature",
      "geometry": {
        "type": "Point",
        "coordinates": [
          -87.378376,
          21.522564
        ]
      },
      "properties": {
        "id": "denue/11580949",
        "name": "MOVIL SHOP",
        "type": "comercio",
        "generation": 4,
        "genLow": 4,
        "genHigh": 4,
        "rooms": 0,
        "covers": 0,
        "category": "comercio no-alimento",
        "gen_model": "v2_category",
        "source": "denue",
        "staff": "0 a 5 personas"
      }
    },
    {
      "type": "Feature",
      "geometry": {
        "type": "Point",
        "coordinates": [
          -87.379721,
          21.523483
        ]
      },
      "properties": {
        "id": "denue/11132818",
        "name": "NOA JOYERIA",
        "type": "comercio",
        "generation": 4,
        "genLow": 4,
        "genHigh": 4,
        "rooms": 0,
        "covers": 0,
        "category": "comercio no-alimento",
        "gen_model": "v2_category",
        "source": "denue",
        "staff": "0 a 5 personas"
      }
    },
    {
      "type": "Feature",
      "geometry": {
        "type": "Point",
        "coordinates": [
          -87.378107,
          21.522414
        ]
      },
      "properties": {
        "id": "denue/8839278",
        "name": "NOVEDADES EL ABUELO DONAS",
        "type": "comercio",
        "generation": 4,
        "genLow": 4,
        "genHigh": 4,
        "rooms": 0,
        "covers": 0,
        "category": "comercio no-alimento",
        "gen_model": "v2_category",
        "source": "denue",
        "staff": "0 a 5 personas"
      }
    },
    {
      "type": "Feature",
      "geometry": {
        "type": "Point",
        "coordinates": [
          -87.377313,
          21.521563
        ]
      },
      "properties": {
        "id": "denue/10529984",
        "name": "NOVEDADES LA BOUTIQUE DE CHONITA",
        "type": "comercio",
        "generation": 4,
        "genLow": 4,
        "genHigh": 4,
        "rooms": 0,
        "covers": 0,
        "category": "comercio no-alimento",
        "gen_model": "v2_category",
        "source": "denue",
        "staff": "0 a 5 personas"
      }
    },
    {
      "type": "Feature",
      "geometry": {
        "type": "Point",
        "coordinates": [
          -87.377041,
          21.521306
        ]
      },
      "properties": {
        "id": "denue/10455251",
        "name": "NOVEDADES PACOX",
        "type": "comercio",
        "generation": 4,
        "genLow": 4,
        "genHigh": 4,
        "rooms": 0,
        "covers": 0,
        "category": "comercio no-alimento",
        "gen_model": "v2_category",
        "source": "denue",
        "staff": "0 a 5 personas"
      }
    },
    {
      "type": "Feature",
      "geometry": {
        "type": "Point",
        "coordinates": [
          -87.377769,
          21.522095
        ]
      },
      "properties": {
        "id": "denue/11743148",
        "name": "OPERADORA DE TIENDA HOLBOX GOMART",
        "type": "comercio",
        "generation": 93,
        "genLow": 93,
        "genHigh": 93,
        "rooms": 0,
        "covers": 0,
        "category": "minisúper/supermercado",
        "gen_model": "v2_category",
        "source": "denue",
        "staff": "6 a 10 personas"
      }
    },
    {
      "type": "Feature",
      "geometry": {
        "type": "Point",
        "coordinates": [
          -87.38002,
          21.524225
        ]
      },
      "properties": {
        "id": "denue/12324697",
        "name": "OXXO SUC 507CF ISLA HOLBOX CUN",
        "type": "comercio",
        "generation": 35,
        "genLow": 35,
        "genHigh": 35,
        "rooms": 0,
        "covers": 0,
        "category": "minisúper/supermercado",
        "gen_model": "v2_category",
        "source": "denue",
        "staff": "0 a 5 personas"
      }
    },
    {
      "type": "Feature",
      "geometry": {
        "type": "Point",
        "coordinates": [
          -87.380036,
          21.523002
        ]
      },
      "properties": {
        "id": "denue/8132364",
        "name": "PAPELERIA EL ESTUDIANTE",
        "type": "comercio",
        "generation": 4,
        "genLow": 4,
        "genHigh": 4,
        "rooms": 0,
        "covers": 0,
        "category": "comercio no-alimento",
        "gen_model": "v2_category",
        "source": "denue",
        "staff": "0 a 5 personas"
      }
    },
    {
      "type": "Feature",
      "geometry": {
        "type": "Point",
        "coordinates": [
          -87.377999,
          21.523089
        ]
      },
      "properties": {
        "id": "denue/8132423",
        "name": "PAPELERIA Y NOVEDADES AXEL",
        "type": "comercio",
        "generation": 4,
        "genLow": 4,
        "genHigh": 4,
        "rooms": 0,
        "covers": 0,
        "category": "comercio no-alimento",
        "gen_model": "v2_category",
        "source": "denue",
        "staff": "0 a 5 personas"
      }
    },
    {
      "type": "Feature",
      "geometry": {
        "type": "Point",
        "coordinates": [
          -87.378617,
          21.524013
        ]
      },
      "properties": {
        "id": "denue/10052849",
        "name": "PERFUMERIA GIANETI APOTHECARY",
        "type": "comercio",
        "generation": 4,
        "genLow": 4,
        "genHigh": 4,
        "rooms": 0,
        "covers": 0,
        "category": "comercio no-alimento",
        "gen_model": "v2_category",
        "source": "denue",
        "staff": "0 a 5 personas"
      }
    },
    {
      "type": "Feature",
      "geometry": {
        "type": "Point",
        "coordinates": [
          -87.374312,
          21.52121
        ]
      },
      "properties": {
        "id": "denue/7833472",
        "name": "PESCADERIA DOÑA TERE",
        "type": "comercio",
        "generation": 22,
        "genLow": 22,
        "genHigh": 22,
        "rooms": 0,
        "covers": 0,
        "category": "carnes",
        "gen_model": "v2_category",
        "source": "denue",
        "staff": "0 a 5 personas"
      }
    },
    {
      "type": "Feature",
      "geometry": {
        "type": "Point",
        "coordinates": [
          -87.38161,
          21.521153
        ]
      },
      "properties": {
        "id": "denue/9569985",
        "name": "PIÑATAS ARTESANIAS Y NOVEDADES CREACIONES AVILA",
        "type": "comercio",
        "generation": 4,
        "genLow": 4,
        "genHigh": 4,
        "rooms": 0,
        "covers": 0,
        "category": "comercio no-alimento",
        "gen_model": "v2_category",
        "source": "denue",
        "staff": "0 a 5 personas"
      }
    },
    {
      "type": "Feature",
      "geometry": {
        "type": "Point",
        "coordinates": [
          -87.383023,
          21.518171
        ]
      },
      "properties": {
        "id": "denue/12295291",
        "name": "PINTURAS COMEX",
        "type": "comercio",
        "generation": 4,
        "genLow": 4,
        "genHigh": 4,
        "rooms": 0,
        "covers": 0,
        "category": "ferretería",
        "gen_model": "v2_category",
        "source": "denue",
        "staff": "0 a 5 personas"
      }
    },
    {
      "type": "Feature",
      "geometry": {
        "type": "Point",
        "coordinates": [
          -87.377614,
          21.523113
        ]
      },
      "properties": {
        "id": "denue/8132192",
        "name": "PLASTICOS CHANDAY",
        "type": "comercio",
        "generation": 4,
        "genLow": 4,
        "genHigh": 4,
        "rooms": 0,
        "covers": 0,
        "category": "ferretería",
        "gen_model": "v2_category",
        "source": "denue",
        "staff": "0 a 5 personas"
      }
    },
    {
      "type": "Feature",
      "geometry": {
        "type": "Point",
        "coordinates": [
          -87.375361,
          21.523311
        ]
      },
      "properties": {
        "id": "denue/7878581",
        "name": "POLLERIA SIN NOMBRE",
        "type": "comercio",
        "generation": 22,
        "genLow": 22,
        "genHigh": 22,
        "rooms": 0,
        "covers": 0,
        "category": "carnes",
        "gen_model": "v2_category",
        "source": "denue",
        "staff": "0 a 5 personas"
      }
    },
    {
      "type": "Feature",
      "geometry": {
        "type": "Point",
        "coordinates": [
          -87.37802,
          21.522332
        ]
      },
      "properties": {
        "id": "denue/8132356",
        "name": "POLLOS FRESCOS Y ASADOS",
        "type": "comercio",
        "generation": 22,
        "genLow": 22,
        "genHigh": 22,
        "rooms": 0,
        "covers": 0,
        "category": "carnes",
        "gen_model": "v2_category",
        "source": "denue",
        "staff": "0 a 5 personas"
      }
    },
    {
      "type": "Feature",
      "geometry": {
        "type": "Point",
        "coordinates": [
          -87.379114,
          21.522867
        ]
      },
      "properties": {
        "id": "denue/11490553",
        "name": "PRODUCTOS DE LIMPIEZA PROLIPAZ",
        "type": "comercio",
        "generation": 4,
        "genLow": 4,
        "genHigh": 4,
        "rooms": 0,
        "covers": 0,
        "category": "ferretería",
        "gen_model": "v2_category",
        "source": "denue",
        "staff": "0 a 5 personas"
      }
    },
    {
      "type": "Feature",
      "geometry": {
        "type": "Point",
        "coordinates": [
          -87.378469,
          21.522751
        ]
      },
      "properties": {
        "id": "denue/8227624",
        "name": "SANDMADE BOUTIQUE",
        "type": "comercio",
        "generation": 4,
        "genLow": 4,
        "genHigh": 4,
        "rooms": 0,
        "covers": 0,
        "category": "comercio no-alimento",
        "gen_model": "v2_category",
        "source": "denue",
        "staff": "0 a 5 personas"
      }
    },
    {
      "type": "Feature",
      "geometry": {
        "type": "Point",
        "coordinates": [
          -87.376033,
          21.523648
        ]
      },
      "properties": {
        "id": "denue/11620693",
        "name": "SCODI2 MINI SUPER",
        "type": "comercio",
        "generation": 35,
        "genLow": 35,
        "genHigh": 35,
        "rooms": 0,
        "covers": 0,
        "category": "minisúper/supermercado",
        "gen_model": "v2_category",
        "source": "denue",
        "staff": "0 a 5 personas"
      }
    },
    {
      "type": "Feature",
      "geometry": {
        "type": "Point",
        "coordinates": [
          -87.376832,
          21.519316
        ]
      },
      "properties": {
        "id": "denue/8286054",
        "name": "SERVICIOS MARINOS HOLBOX",
        "type": "comercio",
        "generation": 4,
        "genLow": 4,
        "genHigh": 4,
        "rooms": 0,
        "covers": 0,
        "category": "comercio no-alimento",
        "gen_model": "v2_category",
        "source": "denue",
        "staff": "0 a 5 personas"
      }
    },
    {
      "type": "Feature",
      "geometry": {
        "type": "Point",
        "coordinates": [
          -87.37755,
          21.523462
        ]
      },
      "properties": {
        "id": "denue/9243550",
        "name": "SIX CLAUDIAS",
        "type": "comercio",
        "generation": 8,
        "genLow": 8,
        "genHigh": 8,
        "rooms": 0,
        "covers": 0,
        "category": "bebidas",
        "gen_model": "v2_category",
        "source": "denue",
        "staff": "0 a 5 personas"
      }
    },
    {
      "type": "Feature",
      "geometry": {
        "type": "Point",
        "coordinates": [
          -87.377583,
          21.523497
        ]
      },
      "properties": {
        "id": "denue/8839328",
        "name": "SIX CLAUDIAS",
        "type": "comercio",
        "generation": 8,
        "genLow": 8,
        "genHigh": 8,
        "rooms": 0,
        "covers": 0,
        "category": "bebidas",
        "gen_model": "v2_category",
        "source": "denue",
        "staff": "0 a 5 personas"
      }
    },
    {
      "type": "Feature",
      "geometry": {
        "type": "Point",
        "coordinates": [
          -87.377541,
          21.522967
        ]
      },
      "properties": {
        "id": "denue/11733001",
        "name": "SIX EL CAMPEON",
        "type": "comercio",
        "generation": 8,
        "genLow": 8,
        "genHigh": 8,
        "rooms": 0,
        "covers": 0,
        "category": "bebidas",
        "gen_model": "v2_category",
        "source": "denue",
        "staff": "0 a 5 personas"
      }
    },
    {
      "type": "Feature",
      "geometry": {
        "type": "Point",
        "coordinates": [
          -87.376453,
          21.520601
        ]
      },
      "properties": {
        "id": "denue/9243557",
        "name": "SIX EL SOÑADOR",
        "type": "comercio",
        "generation": 8,
        "genLow": 8,
        "genHigh": 8,
        "rooms": 0,
        "covers": 0,
        "category": "bebidas",
        "gen_model": "v2_category",
        "source": "denue",
        "staff": "0 a 5 personas"
      }
    },
    {
      "type": "Feature",
      "geometry": {
        "type": "Point",
        "coordinates": [
          -87.380159,
          21.524351
        ]
      },
      "properties": {
        "id": "denue/10818548",
        "name": "SIX JESAVEL",
        "type": "comercio",
        "generation": 8,
        "genLow": 8,
        "genHigh": 8,
        "rooms": 0,
        "covers": 0,
        "category": "bebidas",
        "gen_model": "v2_category",
        "source": "denue",
        "staff": "0 a 5 personas"
      }
    },
    {
      "type": "Feature",
      "geometry": {
        "type": "Point",
        "coordinates": [
          -87.380191,
          21.523243
        ]
      },
      "properties": {
        "id": "denue/9243556",
        "name": "SIX MI BELLA ISLA",
        "type": "comercio",
        "generation": 8,
        "genLow": 8,
        "genHigh": 8,
        "rooms": 0,
        "covers": 0,
        "category": "bebidas",
        "gen_model": "v2_category",
        "source": "denue",
        "staff": "0 a 5 personas"
      }
    },
    {
      "type": "Feature",
      "geometry": {
        "type": "Point",
        "coordinates": [
          -87.376864,
          21.521243
        ]
      },
      "properties": {
        "id": "denue/9040651",
        "name": "SOCIEDAD COOPERATIVA DE PRODUCCION PESQUERA",
        "type": "comercio",
        "generation": 22,
        "genLow": 22,
        "genHigh": 22,
        "rooms": 0,
        "covers": 0,
        "category": "carnes",
        "gen_model": "v2_category",
        "source": "denue",
        "staff": "0 a 5 personas"
      }
    },
    {
      "type": "Feature",
      "geometry": {
        "type": "Point",
        "coordinates": [
          -87.378201,
          21.522399
        ]
      },
      "properties": {
        "id": "denue/11843474",
        "name": "SOMBRA ROPAS Y ACCESORIOS",
        "type": "comercio",
        "generation": 4,
        "genLow": 4,
        "genHigh": 4,
        "rooms": 0,
        "covers": 0,
        "category": "comercio no-alimento",
        "gen_model": "v2_category",
        "source": "denue",
        "staff": "0 a 5 personas"
      }
    },
    {
      "type": "Feature",
      "geometry": {
        "type": "Point",
        "coordinates": [
          -87.378745,
          21.524445
        ]
      },
      "properties": {
        "id": "denue/9590305",
        "name": "STAR PHARMACY",
        "type": "comercio",
        "generation": 5,
        "genLow": 5,
        "genHigh": 5,
        "rooms": 0,
        "covers": 0,
        "category": "farmacia",
        "gen_model": "v2_category",
        "source": "denue",
        "staff": "0 a 5 personas"
      }
    },
    {
      "type": "Feature",
      "geometry": {
        "type": "Point",
        "coordinates": [
          -87.378313,
          21.522505
        ]
      },
      "properties": {
        "id": "denue/9974457",
        "name": "SUN A SAN TIENDA DE ROPA",
        "type": "comercio",
        "generation": 4,
        "genLow": 4,
        "genHigh": 4,
        "rooms": 0,
        "covers": 0,
        "category": "comercio no-alimento",
        "gen_model": "v2_category",
        "source": "denue",
        "staff": "0 a 5 personas"
      }
    },
    {
      "type": "Feature",
      "geometry": {
        "type": "Point",
        "coordinates": [
          -87.379359,
          21.523459
        ]
      },
      "properties": {
        "id": "denue/12322681",
        "name": "SUPER CHEDARUI TIBURON BALLENA T086",
        "type": "comercio",
        "generation": 467,
        "genLow": 467,
        "genHigh": 467,
        "rooms": 0,
        "covers": 0,
        "category": "minisúper/supermercado",
        "gen_model": "v2_category",
        "source": "denue",
        "staff": "6 a 10 personas"
      }
    },
    {
      "type": "Feature",
      "geometry": {
        "type": "Point",
        "coordinates": [
          -87.378604,
          21.522772
        ]
      },
      "properties": {
        "id": "denue/8132304",
        "name": "SUPER MONKEYS",
        "type": "comercio",
        "generation": 93,
        "genLow": 93,
        "genHigh": 93,
        "rooms": 0,
        "covers": 0,
        "category": "minisúper/supermercado",
        "gen_model": "v2_category",
        "source": "denue",
        "staff": "6 a 10 personas"
      }
    },
    {
      "type": "Feature",
      "geometry": {
        "type": "Point",
        "coordinates": [
          -87.378212,
          21.524951
        ]
      },
      "properties": {
        "id": "denue/11557715",
        "name": "TEQUILA HOUSE VENTA DE LICORES",
        "type": "comercio",
        "generation": 8,
        "genLow": 8,
        "genHigh": 8,
        "rooms": 0,
        "covers": 0,
        "category": "bebidas",
        "gen_model": "v2_category",
        "source": "denue",
        "staff": "0 a 5 personas"
      }
    },
    {
      "type": "Feature",
      "geometry": {
        "type": "Point",
        "coordinates": [
          -87.378935,
          21.524266
        ]
      },
      "properties": {
        "id": "denue/10131721",
        "name": "TIENDA APOLLO BOUTIQUE",
        "type": "comercio",
        "generation": 4,
        "genLow": 4,
        "genHigh": 4,
        "rooms": 0,
        "covers": 0,
        "category": "comercio no-alimento",
        "gen_model": "v2_category",
        "source": "denue",
        "staff": "0 a 5 personas"
      }
    },
    {
      "type": "Feature",
      "geometry": {
        "type": "Point",
        "coordinates": [
          -87.375059,
          21.523859
        ]
      },
      "properties": {
        "id": "denue/8132251",
        "name": "TIENDA DE ABARROTES BETHEL",
        "type": "comercio",
        "generation": 18,
        "genLow": 18,
        "genHigh": 18,
        "rooms": 0,
        "covers": 0,
        "category": "abarrotes",
        "gen_model": "v2_category",
        "source": "denue",
        "staff": "0 a 5 personas"
      }
    },
    {
      "type": "Feature",
      "geometry": {
        "type": "Point",
        "coordinates": [
          -87.381727,
          21.517852
        ]
      },
      "properties": {
        "id": "denue/11049060",
        "name": "TIENDA DE ABARROTES SIN NOMBRE",
        "type": "comercio",
        "generation": 18,
        "genLow": 18,
        "genHigh": 18,
        "rooms": 0,
        "covers": 0,
        "category": "abarrotes",
        "gen_model": "v2_category",
        "source": "denue",
        "staff": "0 a 5 personas"
      }
    },
    {
      "type": "Feature",
      "geometry": {
        "type": "Point",
        "coordinates": [
          -87.376931,
          21.526181
        ]
      },
      "properties": {
        "id": "denue/10459363",
        "name": "TIENDA DE ACCESORIOS LA MAR",
        "type": "comercio",
        "generation": 4,
        "genLow": 4,
        "genHigh": 4,
        "rooms": 0,
        "covers": 0,
        "category": "comercio no-alimento",
        "gen_model": "v2_category",
        "source": "denue",
        "staff": "0 a 5 personas"
      }
    },
    {
      "type": "Feature",
      "geometry": {
        "type": "Point",
        "coordinates": [
          -87.37802,
          21.52416
        ]
      },
      "properties": {
        "id": "denue/10062856",
        "name": "TIENDA DE ARTESANIAS BARRA AZUL",
        "type": "comercio",
        "generation": 4,
        "genLow": 4,
        "genHigh": 4,
        "rooms": 0,
        "covers": 0,
        "category": "comercio no-alimento",
        "gen_model": "v2_category",
        "source": "denue",
        "staff": "0 a 5 personas"
      }
    },
    {
      "type": "Feature",
      "geometry": {
        "type": "Point",
        "coordinates": [
          -87.377972,
          21.525265
        ]
      },
      "properties": {
        "id": "denue/9970748",
        "name": "TIENDA DE ARTESANIAS CHIAPAS",
        "type": "comercio",
        "generation": 4,
        "genLow": 4,
        "genHigh": 4,
        "rooms": 0,
        "covers": 0,
        "category": "comercio no-alimento",
        "gen_model": "v2_category",
        "source": "denue",
        "staff": "0 a 5 personas"
      }
    },
    {
      "type": "Feature",
      "geometry": {
        "type": "Point",
        "coordinates": [
          -87.378541,
          21.524637
        ]
      },
      "properties": {
        "id": "denue/8132260",
        "name": "TIENDA DE ARTESANIAS PUESTA DEL SOL",
        "type": "comercio",
        "generation": 4,
        "genLow": 4,
        "genHigh": 4,
        "rooms": 0,
        "covers": 0,
        "category": "comercio no-alimento",
        "gen_model": "v2_category",
        "source": "denue",
        "staff": "0 a 5 personas"
      }
    },
    {
      "type": "Feature",
      "geometry": {
        "type": "Point",
        "coordinates": [
          -87.379768,
          21.523313
        ]
      },
      "properties": {
        "id": "denue/10302386",
        "name": "TIENDA DE ARTESANIAS VALENTIN",
        "type": "comercio",
        "generation": 4,
        "genLow": 4,
        "genHigh": 4,
        "rooms": 0,
        "covers": 0,
        "category": "comercio no-alimento",
        "gen_model": "v2_category",
        "source": "denue",
        "staff": "0 a 5 personas"
      }
    },
    {
      "type": "Feature",
      "geometry": {
        "type": "Point",
        "coordinates": [
          -87.38034,
          21.522649
        ]
      },
      "properties": {
        "id": "denue/10173369",
        "name": "TIENDA DE JOYERIA DESTINY",
        "type": "comercio",
        "generation": 4,
        "genLow": 4,
        "genHigh": 4,
        "rooms": 0,
        "covers": 0,
        "category": "comercio no-alimento",
        "gen_model": "v2_category",
        "source": "denue",
        "staff": "0 a 5 personas"
      }
    },
    {
      "type": "Feature",
      "geometry": {
        "type": "Point",
        "coordinates": [
          -87.37851,
          21.523928
        ]
      },
      "properties": {
        "id": "denue/11643495",
        "name": "TIENDA DE LENTES HAPPY EYES CO",
        "type": "comercio",
        "generation": 4,
        "genLow": 4,
        "genHigh": 4,
        "rooms": 0,
        "covers": 0,
        "category": "comercio no-alimento",
        "gen_model": "v2_category",
        "source": "denue",
        "staff": "0 a 5 personas"
      }
    },
    {
      "type": "Feature",
      "geometry": {
        "type": "Point",
        "coordinates": [
          -87.379764,
          21.523849
        ]
      },
      "properties": {
        "id": "denue/9982868",
        "name": "TIENDA DE NOVEDADES NOELY",
        "type": "comercio",
        "generation": 4,
        "genLow": 4,
        "genHigh": 4,
        "rooms": 0,
        "covers": 0,
        "category": "comercio no-alimento",
        "gen_model": "v2_category",
        "source": "denue",
        "staff": "0 a 5 personas"
      }
    },
    {
      "type": "Feature",
      "geometry": {
        "type": "Point",
        "coordinates": [
          -87.380159,
          21.522859
        ]
      },
      "properties": {
        "id": "denue/10529577",
        "name": "TIENDA DE ROPA JOANA CHOC",
        "type": "comercio",
        "generation": 4,
        "genLow": 4,
        "genHigh": 4,
        "rooms": 0,
        "covers": 0,
        "category": "comercio no-alimento",
        "gen_model": "v2_category",
        "source": "denue",
        "staff": "0 a 5 personas"
      }
    },
    {
      "type": "Feature",
      "geometry": {
        "type": "Point",
        "coordinates": [
          -87.379231,
          21.524454
        ]
      },
      "properties": {
        "id": "denue/8894413",
        "name": "TIENDA DE ROPA LA DIOSA MAYA",
        "type": "comercio",
        "generation": 4,
        "genLow": 4,
        "genHigh": 4,
        "rooms": 0,
        "covers": 0,
        "category": "comercio no-alimento",
        "gen_model": "v2_category",
        "source": "denue",
        "staff": "0 a 5 personas"
      }
    },
    {
      "type": "Feature",
      "geometry": {
        "type": "Point",
        "coordinates": [
          -87.379251,
          21.524011
        ]
      },
      "properties": {
        "id": "denue/7833461",
        "name": "TIENDA DE ROPA LOLITA",
        "type": "comercio",
        "generation": 4,
        "genLow": 4,
        "genHigh": 4,
        "rooms": 0,
        "covers": 0,
        "category": "comercio no-alimento",
        "gen_model": "v2_category",
        "source": "denue",
        "staff": "0 a 5 personas"
      }
    },
    {
      "type": "Feature",
      "geometry": {
        "type": "Point",
        "coordinates": [
          -87.378294,
          21.524871
        ]
      },
      "properties": {
        "id": "denue/9011201",
        "name": "TIENDA DE ROPA PATO STYLE",
        "type": "comercio",
        "generation": 4,
        "genLow": 4,
        "genHigh": 4,
        "rooms": 0,
        "covers": 0,
        "category": "comercio no-alimento",
        "gen_model": "v2_category",
        "source": "denue",
        "staff": "0 a 5 personas"
      }
    },
    {
      "type": "Feature",
      "geometry": {
        "type": "Point",
        "coordinates": [
          -87.380251,
          21.52433
        ]
      },
      "properties": {
        "id": "denue/10522879",
        "name": "TIENDA DE ROPA ZIBA",
        "type": "comercio",
        "generation": 4,
        "genLow": 4,
        "genHigh": 4,
        "rooms": 0,
        "covers": 0,
        "category": "comercio no-alimento",
        "gen_model": "v2_category",
        "source": "denue",
        "staff": "0 a 5 personas"
      }
    },
    {
      "type": "Feature",
      "geometry": {
        "type": "Point",
        "coordinates": [
          -87.379729,
          21.523358
        ]
      },
      "properties": {
        "id": "denue/9967645",
        "name": "TIENDA DE SANDALIAS HUNUCMQ",
        "type": "comercio",
        "generation": 4,
        "genLow": 4,
        "genHigh": 4,
        "rooms": 0,
        "covers": 0,
        "category": "comercio no-alimento",
        "gen_model": "v2_category",
        "source": "denue",
        "staff": "0 a 5 personas"
      }
    },
    {
      "type": "Feature",
      "geometry": {
        "type": "Point",
        "coordinates": [
          -87.388188,
          21.517339
        ]
      },
      "properties": {
        "id": "denue/9762460",
        "name": "TIENDA PUNTA COCO MARKET",
        "type": "comercio",
        "generation": 18,
        "genLow": 18,
        "genHigh": 18,
        "rooms": 0,
        "covers": 0,
        "category": "abarrotes",
        "gen_model": "v2_category",
        "source": "denue",
        "staff": "0 a 5 personas"
      }
    },
    {
      "type": "Feature",
      "geometry": {
        "type": "Point",
        "coordinates": [
          -87.37813,
          21.519376
        ]
      },
      "properties": {
        "id": "denue/11465363",
        "name": "TIENDA SCONDI2",
        "type": "comercio",
        "generation": 18,
        "genLow": 18,
        "genHigh": 18,
        "rooms": 0,
        "covers": 0,
        "category": "abarrotes",
        "gen_model": "v2_category",
        "source": "denue",
        "staff": "0 a 5 personas"
      }
    },
    {
      "type": "Feature",
      "geometry": {
        "type": "Point",
        "coordinates": [
          -87.381097,
          21.520864
        ]
      },
      "properties": {
        "id": "denue/11401530",
        "name": "TIENDITA LOS COCOS",
        "type": "comercio",
        "generation": 18,
        "genLow": 18,
        "genHigh": 18,
        "rooms": 0,
        "covers": 0,
        "category": "abarrotes",
        "gen_model": "v2_category",
        "source": "denue",
        "staff": "0 a 5 personas"
      }
    },
    {
      "type": "Feature",
      "geometry": {
        "type": "Point",
        "coordinates": [
          -87.379715,
          21.523374
        ]
      },
      "properties": {
        "id": "denue/10804842",
        "name": "TLALEH CONCEPT STORE",
        "type": "comercio",
        "generation": 4,
        "genLow": 4,
        "genHigh": 4,
        "rooms": 0,
        "covers": 0,
        "category": "comercio no-alimento",
        "gen_model": "v2_category",
        "source": "denue",
        "staff": "0 a 5 personas"
      }
    },
    {
      "type": "Feature",
      "geometry": {
        "type": "Point",
        "coordinates": [
          -87.379896,
          21.523164
        ]
      },
      "properties": {
        "id": "denue/10957836",
        "name": "VALENTIN STORE ROPA Y ACCESORIOS",
        "type": "comercio",
        "generation": 4,
        "genLow": 4,
        "genHigh": 4,
        "rooms": 0,
        "covers": 0,
        "category": "comercio no-alimento",
        "gen_model": "v2_category",
        "source": "denue",
        "staff": "0 a 5 personas"
      }
    },
    {
      "type": "Feature",
      "geometry": {
        "type": "Point",
        "coordinates": [
          -87.379342,
          21.523443
        ]
      },
      "properties": {
        "id": "denue/8132416",
        "name": "VENTA DE ARTESANIAS NATURAL",
        "type": "comercio",
        "generation": 4,
        "genLow": 4,
        "genHigh": 4,
        "rooms": 0,
        "covers": 0,
        "category": "comercio no-alimento",
        "gen_model": "v2_category",
        "source": "denue",
        "staff": "0 a 5 personas"
      }
    },
    {
      "type": "Feature",
      "geometry": {
        "type": "Point",
        "coordinates": [
          -87.381591,
          21.52118
        ]
      },
      "properties": {
        "id": "denue/10946969",
        "name": "VENTA DE CELULARES Y ACCESORIOS",
        "type": "comercio",
        "generation": 4,
        "genLow": 4,
        "genHigh": 4,
        "rooms": 0,
        "covers": 0,
        "category": "comercio no-alimento",
        "gen_model": "v2_category",
        "source": "denue",
        "staff": "0 a 5 personas"
      }
    },
    {
      "type": "Feature",
      "geometry": {
        "type": "Point",
        "coordinates": [
          -87.381705,
          21.521444
        ]
      },
      "properties": {
        "id": "denue/9717449",
        "name": "VIVERO YUMIL KA AN",
        "type": "comercio",
        "generation": 4,
        "genLow": 4,
        "genHigh": 4,
        "rooms": 0,
        "covers": 0,
        "category": "comercio no-alimento",
        "gen_model": "v2_category",
        "source": "denue",
        "staff": "0 a 5 personas"
      }
    },
    {
      "type": "Feature",
      "geometry": {
        "type": "Point",
        "coordinates": [
          -87.37971,
          21.52338
        ]
      },
      "properties": {
        "id": "denue/11267472",
        "name": "XAMAN BY WAY",
        "type": "comercio",
        "generation": 4,
        "genLow": 4,
        "genHigh": 4,
        "rooms": 0,
        "covers": 0,
        "category": "comercio no-alimento",
        "gen_model": "v2_category",
        "source": "denue",
        "staff": "0 a 5 personas"
      }
    },
    {
      "type": "Feature",
      "geometry": {
        "type": "Point",
        "coordinates": [
          -87.37649,
          21.520832
        ]
      },
      "properties": {
        "id": "denue/9666241",
        "name": "YOMATICA",
        "type": "comercio",
        "generation": 4,
        "genLow": 4,
        "genHigh": 4,
        "rooms": 0,
        "covers": 0,
        "category": "comercio no-alimento",
        "gen_model": "v2_category",
        "source": "denue",
        "staff": "0 a 5 personas"
      }
    },
    {
      "type": "Feature",
      "geometry": {
        "type": "Point",
        "coordinates": [
          -87.378437,
          21.523871
        ]
      },
      "properties": {
        "id": "denue/9243553",
        "name": "YUC SIX BICHOS",
        "type": "comercio",
        "generation": 8,
        "genLow": 8,
        "genHigh": 8,
        "rooms": 0,
        "covers": 0,
        "category": "bebidas",
        "gen_model": "v2_category",
        "source": "denue",
        "staff": "0 a 5 personas"
      }
    },
    {
      "type": "Feature",
      "geometry": {
        "type": "Point",
        "coordinates": [
          -87.380656,
          21.520463
        ]
      },
      "properties": {
        "id": "denue/9486355",
        "name": "YUC SIX CRISMI",
        "type": "comercio",
        "generation": 8,
        "genLow": 8,
        "genHigh": 8,
        "rooms": 0,
        "covers": 0,
        "category": "bebidas",
        "gen_model": "v2_category",
        "source": "denue",
        "staff": "0 a 5 personas"
      }
    },
    {
      "type": "Feature",
      "geometry": {
        "type": "Point",
        "coordinates": [
          -87.376477,
          21.520627
        ]
      },
      "properties": {
        "id": "denue/9482162",
        "name": "YUC SIX EL CAMPEON",
        "type": "comercio",
        "generation": 8,
        "genLow": 8,
        "genHigh": 8,
        "rooms": 0,
        "covers": 0,
        "category": "bebidas",
        "gen_model": "v2_category",
        "source": "denue",
        "staff": "0 a 5 personas"
      }
    },
    {
      "type": "Feature",
      "geometry": {
        "type": "Point",
        "coordinates": [
          -87.376113,
          21.520446
        ]
      },
      "properties": {
        "id": "denue/9482285",
        "name": "YUC SIX JESSAVEL",
        "type": "comercio",
        "generation": 8,
        "genLow": 8,
        "genHigh": 8,
        "rooms": 0,
        "covers": 0,
        "category": "bebidas",
        "gen_model": "v2_category",
        "source": "denue",
        "staff": "0 a 5 personas"
      }
    },
    {
      "type": "Feature",
      "geometry": {
        "type": "Point",
        "coordinates": [
          -87.381103,
          21.520752
        ]
      },
      "properties": {
        "id": "denue/8726452",
        "name": "ZAPATERIA BRITANY",
        "type": "comercio",
        "generation": 4,
        "genLow": 4,
        "genHigh": 4,
        "rooms": 0,
        "covers": 0,
        "category": "comercio no-alimento",
        "gen_model": "v2_category",
        "source": "denue",
        "staff": "0 a 5 personas"
      }
    },
    {
      "type": "Feature",
      "geometry": {
        "type": "Point",
        "coordinates": [
          -87.380045,
          21.521824
        ]
      },
      "properties": {
        "id": "denue/8132361",
        "name": "ESCUELA PRIMARIA GREGORIO TORRES QUINTERO",
        "type": "comercio",
        "generation": 30,
        "genLow": 30,
        "genHigh": 30,
        "rooms": 0,
        "covers": 0,
        "category": "escuela primaria",
        "gen_model": "v2_category",
        "source": "denue",
        "staff": "11 a 30 personas"
      }
    },
    {
      "type": "Feature",
      "geometry": {
        "type": "Point",
        "coordinates": [
          -87.377605,
          21.525696
        ]
      },
      "properties": {
        "id": "denue/8644676",
        "name": "ESCUELA SECUNDARIA TECNICA NUMERO 9 FRANCISCO HERNANDEZ DE CORDOBA",
        "type": "comercio",
        "generation": 35,
        "genLow": 35,
        "genHigh": 35,
        "rooms": 0,
        "covers": 0,
        "category": "escuela secundaria",
        "gen_model": "v2_category",
        "source": "denue",
        "staff": "11 a 30 personas"
      }
    },
    {
      "type": "Feature",
      "geometry": {
        "type": "Point",
        "coordinates": [
          -87.378256,
          21.523666
        ]
      },
      "properties": {
        "id": "denue/8132188",
        "name": "JARDIN DE NIÑOS MEXICO",
        "type": "comercio",
        "generation": 10,
        "genLow": 10,
        "genHigh": 10,
        "rooms": 0,
        "covers": 0,
        "category": "escuela preescolar",
        "gen_model": "v2_category",
        "source": "denue",
        "staff": "11 a 30 personas"
      }
    },
    {
      "type": "Feature",
      "geometry": {
        "type": "Point",
        "coordinates": [
          -87.388003,
          21.518347
        ]
      },
      "properties": {
        "id": "denue/12289230",
        "name": "(hotel sin nombre)",
        "type": "hotel",
        "generation": 6,
        "genLow": 5,
        "genHigh": 7,
        "rooms": 2,
        "covers": 0,
        "category": "",
        "gen_model": "v2_rooms",
        "source": "denue",
        "staff": "0 a 5 personas"
      }
    },
    {
      "type": "Feature",
      "geometry": {
        "type": "Point",
        "coordinates": [
          -87.379676,
          21.52011
        ]
      },
      "properties": {
        "id": "denue/9418322",
        "name": "ALCOBAS DEL MAR",
        "type": "hotel",
        "generation": 35,
        "genLow": 30,
        "genHigh": 40,
        "rooms": 12,
        "covers": 0,
        "category": "",
        "gen_model": "v2_rooms",
        "source": "denue",
        "staff": "6 a 10 personas"
      }
    },
    {
      "type": "Feature",
      "geometry": {
        "type": "Point",
        "coordinates": [
          -87.383621,
          21.519718
        ]
      },
      "properties": {
        "id": "denue/11265576",
        "name": "ALDEA CABAÑAS Y LAMPING",
        "type": "hotel",
        "generation": 20,
        "genLow": 17,
        "genHigh": 24,
        "rooms": 7,
        "covers": 0,
        "category": "",
        "gen_model": "v2_rooms",
        "source": "denue",
        "staff": "6 a 10 personas"
      }
    },
    {
      "type": "Feature",
      "geometry": {
        "type": "Point",
        "coordinates": [
          -87.379331,
          21.524543
        ]
      },
      "properties": {
        "id": "denue/11139349",
        "name": "ANOTHER CLANDESTINO CAFETERIA",
        "type": "restaurante",
        "generation": 86,
        "genLow": 60,
        "genHigh": 108,
        "rooms": 0,
        "covers": 120,
        "category": "",
        "gen_model": "v2_covers",
        "source": "denue",
        "staff": "11 a 30 personas"
      }
    },
    {
      "type": "Feature",
      "geometry": {
        "type": "Point",
        "coordinates": [
          -87.377114,
          21.522815
        ]
      },
      "properties": {
        "id": "denue/8839279",
        "name": "ANTOJITOS KANASIN",
        "type": "restaurante",
        "generation": 39,
        "genLow": 27,
        "genHigh": 49,
        "rooms": 0,
        "covers": 54,
        "category": "",
        "gen_model": "v2_covers",
        "source": "denue",
        "staff": "0 a 5 personas"
      }
    },
    {
      "type": "Feature",
      "geometry": {
        "type": "Point",
        "coordinates": [
          -87.381765,
          21.520933
        ]
      },
      "properties": {
        "id": "denue/8726447",
        "name": "ANTOJITOS LA SIRENITA",
        "type": "restaurante",
        "generation": 39,
        "genLow": 27,
        "genHigh": 49,
        "rooms": 0,
        "covers": 54,
        "category": "",
        "gen_model": "v2_covers",
        "source": "denue",
        "staff": "0 a 5 personas"
      }
    },
    {
      "type": "Feature",
      "geometry": {
        "type": "Point",
        "coordinates": [
          -87.379013,
          21.522221
        ]
      },
      "properties": {
        "id": "denue/8132350",
        "name": "ANTOJITOS LA SIRENITA",
        "type": "restaurante",
        "generation": 39,
        "genLow": 27,
        "genHigh": 49,
        "rooms": 0,
        "covers": 54,
        "category": "",
        "gen_model": "v2_covers",
        "source": "denue",
        "staff": "0 a 5 personas"
      }
    },
    {
      "type": "Feature",
      "geometry": {
        "type": "Point",
        "coordinates": [
          -87.378999,
          21.520742
        ]
      },
      "properties": {
        "id": "denue/8730770",
        "name": "ANTOJITOS LA VECINA",
        "type": "restaurante",
        "generation": 26,
        "genLow": 18,
        "genHigh": 32,
        "rooms": 0,
        "covers": 36,
        "category": "",
        "gen_model": "v2_covers",
        "source": "denue",
        "staff": "0 a 5 personas"
      }
    },
    {
      "type": "Feature",
      "geometry": {
        "type": "Point",
        "coordinates": [
          -87.378925,
          21.520095
        ]
      },
      "properties": {
        "id": "denue/9712897",
        "name": "ANTOJITOS LOS DOS HERMANOS",
        "type": "restaurante",
        "generation": 39,
        "genLow": 27,
        "genHigh": 49,
        "rooms": 0,
        "covers": 54,
        "category": "",
        "gen_model": "v2_covers",
        "source": "denue",
        "staff": "0 a 5 personas"
      }
    },
    {
      "type": "Feature",
      "geometry": {
        "type": "Point",
        "coordinates": [
          -87.380064,
          21.521917
        ]
      },
      "properties": {
        "id": "denue/8132360",
        "name": "ANTOJITOS NORMA",
        "type": "restaurante",
        "generation": 104,
        "genLow": 72,
        "genHigh": 130,
        "rooms": 0,
        "covers": 144,
        "category": "",
        "gen_model": "v2_covers",
        "source": "denue",
        "staff": "6 a 10 personas"
      }
    },
    {
      "type": "Feature",
      "geometry": {
        "type": "Point",
        "coordinates": [
          -87.377686,
          21.523174
        ]
      },
      "properties": {
        "id": "denue/11187974",
        "name": "ANTOJITOS PAULITA",
        "type": "restaurante",
        "generation": 39,
        "genLow": 27,
        "genHigh": 49,
        "rooms": 0,
        "covers": 54,
        "category": "",
        "gen_model": "v2_covers",
        "source": "denue",
        "staff": "0 a 5 personas"
      }
    },
    {
      "type": "Feature",
      "geometry": {
        "type": "Point",
        "coordinates": [
          -87.37984,
          21.522054
        ]
      },
      "properties": {
        "id": "denue/9845540",
        "name": "ANTOJITOS SAZON JAROCHO",
        "type": "restaurante",
        "generation": 39,
        "genLow": 27,
        "genHigh": 49,
        "rooms": 0,
        "covers": 54,
        "category": "",
        "gen_model": "v2_covers",
        "source": "denue",
        "staff": "0 a 5 personas"
      }
    },
    {
      "type": "Feature",
      "geometry": {
        "type": "Point",
        "coordinates": [
          -87.381107,
          21.519947
        ]
      },
      "properties": {
        "id": "denue/10055529",
        "name": "ANTOJITOS SIN NOMBRE",
        "type": "restaurante",
        "generation": 39,
        "genLow": 27,
        "genHigh": 49,
        "rooms": 0,
        "covers": 54,
        "category": "",
        "gen_model": "v2_covers",
        "source": "denue",
        "staff": "0 a 5 personas"
      }
    },
    {
      "type": "Feature",
      "geometry": {
        "type": "Point",
        "coordinates": [
          -87.381,
          21.519962
        ]
      },
      "properties": {
        "id": "denue/11310107",
        "name": "ANTOJITOS SIN NOMBRE",
        "type": "restaurante",
        "generation": 39,
        "genLow": 27,
        "genHigh": 49,
        "rooms": 0,
        "covers": 54,
        "category": "",
        "gen_model": "v2_covers",
        "source": "denue",
        "staff": "0 a 5 personas"
      }
    },
    {
      "type": "Feature",
      "geometry": {
        "type": "Point",
        "coordinates": [
          -87.380573,
          21.521529
        ]
      },
      "properties": {
        "id": "denue/11162531",
        "name": "APARTMENTS HOTEL ONDA MAYA",
        "type": "hotel",
        "generation": 32,
        "genLow": 27,
        "genHigh": 37,
        "rooms": 11,
        "covers": 0,
        "category": "",
        "gen_model": "v2_rooms",
        "source": "denue",
        "staff": "6 a 10 personas"
      }
    },
    {
      "type": "Feature",
      "geometry": {
        "type": "Point",
        "coordinates": [
          -87.378023,
          21.522955
        ]
      },
      "properties": {
        "id": "denue/8705854",
        "name": "ARTE-SANO RESTAURANT",
        "type": "restaurante",
        "generation": 69,
        "genLow": 48,
        "genHigh": 86,
        "rooms": 0,
        "covers": 96,
        "category": "",
        "gen_model": "v2_covers",
        "source": "denue",
        "staff": "6 a 10 personas"
      }
    },
    {
      "type": "Feature",
      "geometry": {
        "type": "Point",
        "coordinates": [
          -87.368354,
          21.53152
        ]
      },
      "properties": {
        "id": "denue/8937188",
        "name": "BAR ALMA SKY",
        "type": "restaurante",
        "generation": 4,
        "genLow": 3,
        "genHigh": 5,
        "rooms": 0,
        "covers": 6,
        "category": "",
        "gen_model": "v2_covers",
        "source": "denue",
        "staff": "0 a 5 personas"
      }
    },
    {
      "type": "Feature",
      "geometry": {
        "type": "Point",
        "coordinates": [
          -87.379158,
          21.523276
        ]
      },
      "properties": {
        "id": "denue/8726981",
        "name": "BAR ARENA",
        "type": "restaurante",
        "generation": 4,
        "genLow": 3,
        "genHigh": 5,
        "rooms": 0,
        "covers": 6,
        "category": "",
        "gen_model": "v2_covers",
        "source": "denue",
        "staff": "0 a 5 personas"
      }
    },
    {
      "type": "Feature",
      "geometry": {
        "type": "Point",
        "coordinates": [
          -87.379161,
          21.523278
        ]
      },
      "properties": {
        "id": "denue/9389786",
        "name": "BAR ARENA",
        "type": "hotel",
        "generation": 48,
        "genLow": 48,
        "genHigh": 48,
        "rooms": 0,
        "covers": 0,
        "category": "",
        "gen_model": "v1_staff",
        "source": "denue",
        "staff": "6 a 10 personas"
      }
    },
    {
      "type": "Feature",
      "geometry": {
        "type": "Point",
        "coordinates": [
          -87.378479,
          21.521427
        ]
      },
      "properties": {
        "id": "denue/8726973",
        "name": "BAR INTER-NECHOS",
        "type": "restaurante",
        "generation": 4,
        "genLow": 3,
        "genHigh": 5,
        "rooms": 0,
        "covers": 6,
        "category": "",
        "gen_model": "v2_covers",
        "source": "denue",
        "staff": "0 a 5 personas"
      }
    },
    {
      "type": "Feature",
      "geometry": {
        "type": "Point",
        "coordinates": [
          -87.380407,
          21.524718
        ]
      },
      "properties": {
        "id": "denue/11814816",
        "name": "BAR RESTAURANTE ARU",
        "type": "restaurante",
        "generation": 4,
        "genLow": 3,
        "genHigh": 5,
        "rooms": 0,
        "covers": 6,
        "category": "",
        "gen_model": "v2_covers",
        "source": "denue",
        "staff": "0 a 5 personas"
      }
    },
    {
      "type": "Feature",
      "geometry": {
        "type": "Point",
        "coordinates": [
          -87.37984,
          21.524031
        ]
      },
      "properties": {
        "id": "denue/10061830",
        "name": "BASICO RESTAURANTE",
        "type": "restaurante",
        "generation": 26,
        "genLow": 18,
        "genHigh": 32,
        "rooms": 0,
        "covers": 36,
        "category": "",
        "gen_model": "v2_covers",
        "source": "denue",
        "staff": "0 a 5 personas"
      }
    },
    {
      "type": "Feature",
      "geometry": {
        "type": "Point",
        "coordinates": [
          -87.3902,
          21.516525
        ]
      },
      "properties": {
        "id": "denue/9641548",
        "name": "BEACH CLUB FRAGATA",
        "type": "restaurante",
        "generation": 69,
        "genLow": 48,
        "genHigh": 86,
        "rooms": 0,
        "covers": 96,
        "category": "",
        "gen_model": "v2_covers",
        "source": "denue",
        "staff": "6 a 10 personas"
      }
    },
    {
      "type": "Feature",
      "geometry": {
        "type": "Point",
        "coordinates": [
          -87.381225,
          21.524154
        ]
      },
      "properties": {
        "id": "denue/7833527",
        "name": "BEACH FRONT HOTEL LA PALAPA",
        "type": "hotel",
        "generation": 73,
        "genLow": 62,
        "genHigh": 84,
        "rooms": 25,
        "covers": 0,
        "category": "",
        "gen_model": "v2_rooms",
        "source": "denue",
        "staff": "11 a 30 personas"
      }
    },
    {
      "type": "Feature",
      "geometry": {
        "type": "Point",
        "coordinates": [
          -87.377959,
          21.523023
        ]
      },
      "properties": {
        "id": "denue/10202418",
        "name": "BIRRIA LA CATRINA",
        "type": "restaurante",
        "generation": 39,
        "genLow": 27,
        "genHigh": 49,
        "rooms": 0,
        "covers": 54,
        "category": "",
        "gen_model": "v2_covers",
        "source": "denue",
        "staff": "0 a 5 personas"
      }
    },
    {
      "type": "Feature",
      "geometry": {
        "type": "Point",
        "coordinates": [
          -87.3801,
          21.524288
        ]
      },
      "properties": {
        "id": "denue/9784473",
        "name": "BOCAMAR MARISQUERIA",
        "type": "restaurante",
        "generation": 75,
        "genLow": 52,
        "genHigh": 94,
        "rooms": 0,
        "covers": 104,
        "category": "",
        "gen_model": "v2_covers",
        "source": "denue",
        "staff": "6 a 10 personas"
      }
    },
    {
      "type": "Feature",
      "geometry": {
        "type": "Point",
        "coordinates": [
          -87.379271,
          21.522692
        ]
      },
      "properties": {
        "id": "denue/10753315",
        "name": "CABAÑAS CHAC MOOL",
        "type": "hotel",
        "generation": 23,
        "genLow": 20,
        "genHigh": 27,
        "rooms": 8,
        "covers": 0,
        "category": "",
        "gen_model": "v2_rooms",
        "source": "denue",
        "staff": "0 a 5 personas"
      }
    },
    {
      "type": "Feature",
      "geometry": {
        "type": "Point",
        "coordinates": [
          -87.38981,
          21.515645
        ]
      },
      "properties": {
        "id": "denue/10854608",
        "name": "CABAÑAS SKYCAMP",
        "type": "hotel",
        "generation": 23,
        "genLow": 20,
        "genHigh": 27,
        "rooms": 8,
        "covers": 0,
        "category": "",
        "gen_model": "v2_rooms",
        "source": "denue",
        "staff": "0 a 5 personas"
      }
    },
    {
      "type": "Feature",
      "geometry": {
        "type": "Point",
        "coordinates": [
          -87.378771,
          21.523026
        ]
      },
      "properties": {
        "id": "denue/8227573",
        "name": "CAFE CAPRICCIO",
        "type": "restaurante",
        "generation": 13,
        "genLow": 9,
        "genHigh": 16,
        "rooms": 0,
        "covers": 18,
        "category": "",
        "gen_model": "v2_covers",
        "source": "denue",
        "staff": "0 a 5 personas"
      }
    },
    {
      "type": "Feature",
      "geometry": {
        "type": "Point",
        "coordinates": [
          -87.386334,
          21.519231
        ]
      },
      "properties": {
        "id": "denue/9279323",
        "name": "CAFE DEL MAR",
        "type": "restaurante",
        "generation": 13,
        "genLow": 9,
        "genHigh": 16,
        "rooms": 0,
        "covers": 18,
        "category": "",
        "gen_model": "v2_covers",
        "source": "denue",
        "staff": "0 a 5 personas"
      }
    },
    {
      "type": "Feature",
      "geometry": {
        "type": "Point",
        "coordinates": [
          -87.38105,
          21.523084
        ]
      },
      "properties": {
        "id": "denue/10882359",
        "name": "CAFETERIA COMPLEMENTWO",
        "type": "restaurante",
        "generation": 35,
        "genLow": 24,
        "genHigh": 43,
        "rooms": 0,
        "covers": 48,
        "category": "",
        "gen_model": "v2_covers",
        "source": "denue",
        "staff": "6 a 10 personas"
      }
    },
    {
      "type": "Feature",
      "geometry": {
        "type": "Point",
        "coordinates": [
          -87.37644,
          21.523544
        ]
      },
      "properties": {
        "id": "denue/10616761",
        "name": "CAFETERIA HOLBOXLAND",
        "type": "restaurante",
        "generation": 13,
        "genLow": 9,
        "genHigh": 16,
        "rooms": 0,
        "covers": 18,
        "category": "",
        "gen_model": "v2_covers",
        "source": "denue",
        "staff": "0 a 5 personas"
      }
    },
    {
      "type": "Feature",
      "geometry": {
        "type": "Point",
        "coordinates": [
          -87.380794,
          21.522236
        ]
      },
      "properties": {
        "id": "denue/10675006",
        "name": "CAFETERIA ZONNEBLOEM",
        "type": "restaurante",
        "generation": 13,
        "genLow": 9,
        "genHigh": 16,
        "rooms": 0,
        "covers": 18,
        "category": "",
        "gen_model": "v2_covers",
        "source": "denue",
        "staff": "0 a 5 personas"
      }
    },
    {
      "type": "Feature",
      "geometry": {
        "type": "Point",
        "coordinates": [
          -87.380707,
          21.522338
        ]
      },
      "properties": {
        "id": "denue/11401558",
        "name": "CARNITAS SIN NOMBRE",
        "type": "restaurante",
        "generation": 39,
        "genLow": 27,
        "genHigh": 49,
        "rooms": 0,
        "covers": 54,
        "category": "",
        "gen_model": "v2_covers",
        "source": "denue",
        "staff": "0 a 5 personas"
      }
    },
    {
      "type": "Feature",
      "geometry": {
        "type": "Point",
        "coordinates": [
          -87.381748,
          21.520957
        ]
      },
      "properties": {
        "id": "denue/8726970",
        "name": "CARNITAS THAILY",
        "type": "restaurante",
        "generation": 39,
        "genLow": 27,
        "genHigh": 49,
        "rooms": 0,
        "covers": 54,
        "category": "",
        "gen_model": "v2_covers",
        "source": "denue",
        "staff": "0 a 5 personas"
      }
    },
    {
      "type": "Feature",
      "geometry": {
        "type": "Point",
        "coordinates": [
          -87.378195,
          21.523976
        ]
      },
      "properties": {
        "id": "denue/9986202",
        "name": "CARRITO ASADOR EL BEBOTE",
        "type": "restaurante",
        "generation": 39,
        "genLow": 27,
        "genHigh": 49,
        "rooms": 0,
        "covers": 54,
        "category": "",
        "gen_model": "v2_covers",
        "source": "denue",
        "staff": "0 a 5 personas"
      }
    },
    {
      "type": "Feature",
      "geometry": {
        "type": "Point",
        "coordinates": [
          -87.386992,
          21.518738
        ]
      },
      "properties": {
        "id": "denue/11320101",
        "name": "CASA ASTRAL",
        "type": "hotel",
        "generation": 59,
        "genLow": 50,
        "genHigh": 67,
        "rooms": 20,
        "covers": 0,
        "category": "",
        "gen_model": "v2_rooms",
        "source": "denue",
        "staff": "11 a 30 personas"
      }
    },
    {
      "type": "Feature",
      "geometry": {
        "type": "Point",
        "coordinates": [
          -87.377568,
          21.521906
        ]
      },
      "properties": {
        "id": "denue/8705858",
        "name": "CASA BARBARA",
        "type": "hotel",
        "generation": 56,
        "genLow": 47,
        "genHigh": 64,
        "rooms": 19,
        "covers": 0,
        "category": "",
        "gen_model": "v2_rooms",
        "source": "denue",
        "staff": "6 a 10 personas"
      }
    },
    {
      "type": "Feature",
      "geometry": {
        "type": "Point",
        "coordinates": [
          -87.376314,
          21.521885
        ]
      },
      "properties": {
        "id": "denue/11241932",
        "name": "CASA CHUJUK",
        "type": "hotel",
        "generation": 29,
        "genLow": 25,
        "genHigh": 34,
        "rooms": 10,
        "covers": 0,
        "category": "",
        "gen_model": "v2_rooms",
        "source": "denue",
        "staff": "0 a 5 personas"
      }
    },
    {
      "type": "Feature",
      "geometry": {
        "type": "Point",
        "coordinates": [
          -87.383109,
          21.518525
        ]
      },
      "properties": {
        "id": "denue/11214476",
        "name": "CASA DE HUESPEDES SQUALOS PLEACES",
        "type": "hotel",
        "generation": 9,
        "genLow": 7,
        "genHigh": 10,
        "rooms": 3,
        "covers": 0,
        "category": "",
        "gen_model": "v2_rooms",
        "source": "denue",
        "staff": "0 a 5 personas"
      }
    },
    {
      "type": "Feature",
      "geometry": {
        "type": "Point",
        "coordinates": [
          -87.391223,
          21.512715
        ]
      },
      "properties": {
        "id": "denue/10127825",
        "name": "CASA HX",
        "type": "hotel",
        "generation": 41,
        "genLow": 35,
        "genHigh": 47,
        "rooms": 14,
        "covers": 0,
        "category": "",
        "gen_model": "v2_rooms",
        "source": "denue",
        "staff": "11 a 30 personas"
      }
    },
    {
      "type": "Feature",
      "geometry": {
        "type": "Point",
        "coordinates": [
          -87.385157,
          21.518195
        ]
      },
      "properties": {
        "id": "denue/9422957",
        "name": "CASA IMOX",
        "type": "hotel",
        "generation": 18,
        "genLow": 15,
        "genHigh": 20,
        "rooms": 6,
        "covers": 0,
        "category": "",
        "gen_model": "v2_rooms",
        "source": "denue",
        "staff": "11 a 30 personas"
      }
    },
    {
      "type": "Feature",
      "geometry": {
        "type": "Point",
        "coordinates": [
          -87.377076,
          21.524052
        ]
      },
      "properties": {
        "id": "denue/11298772",
        "name": "CASA KA ANCHE CAMPING",
        "type": "hotel",
        "generation": 12,
        "genLow": 10,
        "genHigh": 13,
        "rooms": 4,
        "covers": 0,
        "category": "",
        "gen_model": "v2_rooms",
        "source": "denue",
        "staff": "0 a 5 personas"
      }
    },
    {
      "type": "Feature",
      "geometry": {
        "type": "Point",
        "coordinates": [
          -87.386657,
          21.51945
        ]
      },
      "properties": {
        "id": "denue/9279325",
        "name": "CASA LUZ",
        "type": "hotel",
        "generation": 12,
        "genLow": 10,
        "genHigh": 13,
        "rooms": 4,
        "covers": 0,
        "category": "",
        "gen_model": "v2_rooms",
        "source": "denue",
        "staff": "0 a 5 personas"
      }
    },
    {
      "type": "Feature",
      "geometry": {
        "type": "Point",
        "coordinates": [
          -87.376336,
          21.522829
        ]
      },
      "properties": {
        "id": "denue/10893631",
        "name": "CASA MECH",
        "type": "hotel",
        "generation": 18,
        "genLow": 15,
        "genHigh": 20,
        "rooms": 6,
        "covers": 0,
        "category": "",
        "gen_model": "v2_rooms",
        "source": "denue",
        "staff": "0 a 5 personas"
      }
    },
    {
      "type": "Feature",
      "geometry": {
        "type": "Point",
        "coordinates": [
          -87.380172,
          21.523225
        ]
      },
      "properties": {
        "id": "denue/10637505",
        "name": "CASA ÑAÑA",
        "type": "hotel",
        "generation": 9,
        "genLow": 7,
        "genHigh": 10,
        "rooms": 3,
        "covers": 0,
        "category": "",
        "gen_model": "v2_rooms",
        "source": "denue",
        "staff": "0 a 5 personas"
      }
    },
    {
      "type": "Feature",
      "geometry": {
        "type": "Point",
        "coordinates": [
          -87.378168,
          21.521309
        ]
      },
      "properties": {
        "id": "denue/7878579",
        "name": "CASA OHANA",
        "type": "hotel",
        "generation": 15,
        "genLow": 12,
        "genHigh": 17,
        "rooms": 5,
        "covers": 0,
        "category": "",
        "gen_model": "v2_rooms",
        "source": "denue",
        "staff": "0 a 5 personas"
      }
    },
    {
      "type": "Feature",
      "geometry": {
        "type": "Point",
        "coordinates": [
          -87.385315,
          21.519739
        ]
      },
      "properties": {
        "id": "denue/9467634",
        "name": "CASA TAKYWARA",
        "type": "hotel",
        "generation": 18,
        "genLow": 15,
        "genHigh": 20,
        "rooms": 6,
        "covers": 0,
        "category": "",
        "gen_model": "v2_rooms",
        "source": "denue",
        "staff": "11 a 30 personas"
      }
    },
    {
      "type": "Feature",
      "geometry": {
        "type": "Point",
        "coordinates": [
          -87.377504,
          21.522388
        ]
      },
      "properties": {
        "id": "denue/11280462",
        "name": "CLANDESTINO CAFE",
        "type": "restaurante",
        "generation": 13,
        "genLow": 9,
        "genHigh": 16,
        "rooms": 0,
        "covers": 18,
        "category": "",
        "gen_model": "v2_covers",
        "source": "denue",
        "staff": "0 a 5 personas"
      }
    },
    {
      "type": "Feature",
      "geometry": {
        "type": "Point",
        "coordinates": [
          -87.388897,
          21.518009
        ]
      },
      "properties": {
        "id": "denue/11130223",
        "name": "CLUB CAROLINDA BEACH",
        "type": "restaurante",
        "generation": 69,
        "genLow": 48,
        "genHigh": 86,
        "rooms": 0,
        "covers": 96,
        "category": "",
        "gen_model": "v2_covers",
        "source": "denue",
        "staff": "6 a 10 personas"
      }
    },
    {
      "type": "Feature",
      "geometry": {
        "type": "Point",
        "coordinates": [
          -87.376117,
          21.521813
        ]
      },
      "properties": {
        "id": "denue/7878471",
        "name": "COCINA ECONOMICA DOÑA CHELA",
        "type": "restaurante",
        "generation": 26,
        "genLow": 18,
        "genHigh": 32,
        "rooms": 0,
        "covers": 36,
        "category": "",
        "gen_model": "v2_covers",
        "source": "denue",
        "staff": "0 a 5 personas"
      }
    },
    {
      "type": "Feature",
      "geometry": {
        "type": "Point",
        "coordinates": [
          -87.376978,
          21.5196
        ]
      },
      "properties": {
        "id": "denue/9847361",
        "name": "COCINA ECONOMICA EL ARRECIFE",
        "type": "restaurante",
        "generation": 26,
        "genLow": 18,
        "genHigh": 32,
        "rooms": 0,
        "covers": 36,
        "category": "",
        "gen_model": "v2_covers",
        "source": "denue",
        "staff": "0 a 5 personas"
      }
    },
    {
      "type": "Feature",
      "geometry": {
        "type": "Point",
        "coordinates": [
          -87.376713,
          21.521101
        ]
      },
      "properties": {
        "id": "denue/11570051",
        "name": "COCINA ECONOMICA EL PASO",
        "type": "restaurante",
        "generation": 26,
        "genLow": 18,
        "genHigh": 32,
        "rooms": 0,
        "covers": 36,
        "category": "",
        "gen_model": "v2_covers",
        "source": "denue",
        "staff": "0 a 5 personas"
      }
    },
    {
      "type": "Feature",
      "geometry": {
        "type": "Point",
        "coordinates": [
          -87.379877,
          21.523962
        ]
      },
      "properties": {
        "id": "denue/9014872",
        "name": "COMPLEMENTO CAFE",
        "type": "restaurante",
        "generation": 35,
        "genLow": 24,
        "genHigh": 43,
        "rooms": 0,
        "covers": 48,
        "category": "",
        "gen_model": "v2_covers",
        "source": "denue",
        "staff": "6 a 10 personas"
      }
    },
    {
      "type": "Feature",
      "geometry": {
        "type": "Point",
        "coordinates": [
          -87.394219,
          21.509651
        ]
      },
      "properties": {
        "id": "denue/9828737",
        "name": "COOPERATIVA HOLBOX MAGICO",
        "type": "restaurante",
        "generation": 28,
        "genLow": 20,
        "genHigh": 35,
        "rooms": 0,
        "covers": 39,
        "category": "",
        "gen_model": "v2_covers",
        "source": "denue",
        "staff": "0 a 5 personas"
      }
    },
    {
      "type": "Feature",
      "geometry": {
        "type": "Point",
        "coordinates": [
          -87.379047,
          21.524232
        ]
      },
      "properties": {
        "id": "denue/10175561",
        "name": "CRONICAS RESTAURANTE",
        "type": "restaurante",
        "generation": 69,
        "genLow": 48,
        "genHigh": 86,
        "rooms": 0,
        "covers": 96,
        "category": "",
        "gen_model": "v2_covers",
        "source": "denue",
        "staff": "6 a 10 personas"
      }
    },
    {
      "type": "Feature",
      "geometry": {
        "type": "Point",
        "coordinates": [
          -87.374883,
          21.525354
        ]
      },
      "properties": {
        "id": "denue/8227622",
        "name": "D ALEX PIZZA",
        "type": "restaurante",
        "generation": 86,
        "genLow": 60,
        "genHigh": 108,
        "rooms": 0,
        "covers": 120,
        "category": "",
        "gen_model": "v2_covers",
        "source": "denue",
        "staff": "6 a 10 personas"
      }
    },
    {
      "type": "Feature",
      "geometry": {
        "type": "Point",
        "coordinates": [
          -87.378656,
          21.522393
        ]
      },
      "properties": {
        "id": "denue/9622941",
        "name": "D MARY RESTAURANTE",
        "type": "restaurante",
        "generation": 26,
        "genLow": 18,
        "genHigh": 32,
        "rooms": 0,
        "covers": 36,
        "category": "",
        "gen_model": "v2_covers",
        "source": "denue",
        "staff": "0 a 5 personas"
      }
    },
    {
      "type": "Feature",
      "geometry": {
        "type": "Point",
        "coordinates": [
          -87.381928,
          21.520703
        ]
      },
      "properties": {
        "id": "denue/8726453",
        "name": "DESAYUNOS Y ANTOJITOS LA MORENA",
        "type": "restaurante",
        "generation": 26,
        "genLow": 18,
        "genHigh": 32,
        "rooms": 0,
        "covers": 36,
        "category": "",
        "gen_model": "v2_covers",
        "source": "denue",
        "staff": "0 a 5 personas"
      }
    },
    {
      "type": "Feature",
      "geometry": {
        "type": "Point",
        "coordinates": [
          -87.386294,
          21.517763
        ]
      },
      "properties": {
        "id": "denue/10541438",
        "name": "ECO CABAÑAS LAAK",
        "type": "hotel",
        "generation": 15,
        "genLow": 12,
        "genHigh": 17,
        "rooms": 5,
        "covers": 0,
        "category": "",
        "gen_model": "v2_rooms",
        "source": "denue",
        "staff": "0 a 5 personas"
      }
    },
    {
      "type": "Feature",
      "geometry": {
        "type": "Point",
        "coordinates": [
          -87.378995,
          21.523128
        ]
      },
      "properties": {
        "id": "denue/9946078",
        "name": "EL COCAL DE HOLBOX RESTAURANTE",
        "type": "restaurante",
        "generation": 26,
        "genLow": 18,
        "genHigh": 32,
        "rooms": 0,
        "covers": 36,
        "category": "",
        "gen_model": "v2_covers",
        "source": "denue",
        "staff": "0 a 5 personas"
      }
    },
    {
      "type": "Feature",
      "geometry": {
        "type": "Point",
        "coordinates": [
          -87.379147,
          21.524123
        ]
      },
      "properties": {
        "id": "denue/8279890",
        "name": "EL LIMONCITO BREAKFAST",
        "type": "restaurante",
        "generation": 26,
        "genLow": 18,
        "genHigh": 32,
        "rooms": 0,
        "covers": 36,
        "category": "",
        "gen_model": "v2_covers",
        "source": "denue",
        "staff": "0 a 5 personas"
      }
    },
    {
      "type": "Feature",
      "geometry": {
        "type": "Point",
        "coordinates": [
          -87.379584,
          21.523642
        ]
      },
      "properties": {
        "id": "denue/10596860",
        "name": "EL MA CARMITA BAR",
        "type": "restaurante",
        "generation": 28,
        "genLow": 20,
        "genHigh": 35,
        "rooms": 0,
        "covers": 39,
        "category": "",
        "gen_model": "v2_covers",
        "source": "denue",
        "staff": "0 a 5 personas"
      }
    },
    {
      "type": "Feature",
      "geometry": {
        "type": "Point",
        "coordinates": [
          -87.378771,
          21.523026
        ]
      },
      "properties": {
        "id": "denue/8705798",
        "name": "EL SUSHI HOLBOX",
        "type": "restaurante",
        "generation": 26,
        "genLow": 18,
        "genHigh": 32,
        "rooms": 0,
        "covers": 36,
        "category": "",
        "gen_model": "v2_covers",
        "source": "denue",
        "staff": "0 a 5 personas"
      }
    },
    {
      "type": "Feature",
      "geometry": {
        "type": "Point",
        "coordinates": [
          -87.379872,
          21.524379
        ]
      },
      "properties": {
        "id": "denue/8279839",
        "name": "EL TACO QUETO",
        "type": "restaurante",
        "generation": 346,
        "genLow": 240,
        "genHigh": 432,
        "rooms": 0,
        "covers": 480,
        "category": "",
        "gen_model": "v2_covers",
        "source": "denue",
        "staff": "11 a 30 personas"
      }
    },
    {
      "type": "Feature",
      "geometry": {
        "type": "Point",
        "coordinates": [
          -87.375867,
          21.524156
        ]
      },
      "properties": {
        "id": "denue/10927076",
        "name": "EL TUCAN ANTOJITOS",
        "type": "restaurante",
        "generation": 39,
        "genLow": 27,
        "genHigh": 49,
        "rooms": 0,
        "covers": 54,
        "category": "",
        "gen_model": "v2_covers",
        "source": "denue",
        "staff": "0 a 5 personas"
      }
    },
    {
      "type": "Feature",
      "geometry": {
        "type": "Point",
        "coordinates": [
          -87.380073,
          21.52416
        ]
      },
      "properties": {
        "id": "denue/7833523",
        "name": "EMPANADAS LA CONQUISTA",
        "type": "restaurante",
        "generation": 39,
        "genLow": 27,
        "genHigh": 49,
        "rooms": 0,
        "covers": 54,
        "category": "",
        "gen_model": "v2_covers",
        "source": "denue",
        "staff": "0 a 5 personas"
      }
    },
    {
      "type": "Feature",
      "geometry": {
        "type": "Point",
        "coordinates": [
          -87.376868,
          21.526221
        ]
      },
      "properties": {
        "id": "denue/9569540",
        "name": "EUHAN RESTAURANTE",
        "type": "restaurante",
        "generation": 26,
        "genLow": 18,
        "genHigh": 32,
        "rooms": 0,
        "covers": 36,
        "category": "",
        "gen_model": "v2_covers",
        "source": "denue",
        "staff": "0 a 5 personas"
      }
    },
    {
      "type": "Feature",
      "geometry": {
        "type": "Point",
        "coordinates": [
          -87.378726,
          21.524463
        ]
      },
      "properties": {
        "id": "denue/11701145",
        "name": "FONDA LAS CAZUELITAS",
        "type": "restaurante",
        "generation": 52,
        "genLow": 36,
        "genHigh": 65,
        "rooms": 0,
        "covers": 72,
        "category": "",
        "gen_model": "v2_covers",
        "source": "denue",
        "staff": "0 a 5 personas"
      }
    },
    {
      "type": "Feature",
      "geometry": {
        "type": "Point",
        "coordinates": [
          -87.379674,
          21.52117
        ]
      },
      "properties": {
        "id": "denue/9330415",
        "name": "GOLDEN PARADISE TOWN",
        "type": "hotel",
        "generation": 29,
        "genLow": 25,
        "genHigh": 34,
        "rooms": 10,
        "covers": 0,
        "category": "",
        "gen_model": "v2_rooms",
        "source": "denue",
        "staff": "11 a 30 personas"
      }
    },
    {
      "type": "Feature",
      "geometry": {
        "type": "Point",
        "coordinates": [
          -87.376559,
          21.520903
        ]
      },
      "properties": {
        "id": "denue/10549324",
        "name": "HAMBURGUESAS SMASHY",
        "type": "restaurante",
        "generation": 32,
        "genLow": 22,
        "genHigh": 40,
        "rooms": 0,
        "covers": 45,
        "category": "",
        "gen_model": "v2_covers",
        "source": "denue",
        "staff": "0 a 5 personas"
      }
    },
    {
      "type": "Feature",
      "geometry": {
        "type": "Point",
        "coordinates": [
          -87.379535,
          21.523726
        ]
      },
      "properties": {
        "id": "denue/11143694",
        "name": "HAMBURGUESAS Y HOT DOGS MCDONNA",
        "type": "restaurante",
        "generation": 32,
        "genLow": 22,
        "genHigh": 40,
        "rooms": 0,
        "covers": 45,
        "category": "",
        "gen_model": "v2_covers",
        "source": "denue",
        "staff": "0 a 5 personas"
      }
    },
    {
      "type": "Feature",
      "geometry": {
        "type": "Point",
        "coordinates": [
          -87.378267,
          21.522696
        ]
      },
      "properties": {
        "id": "denue/8132355",
        "name": "HAMBURGUESAS Y HOTDOGS YOLI",
        "type": "restaurante",
        "generation": 32,
        "genLow": 22,
        "genHigh": 40,
        "rooms": 0,
        "covers": 45,
        "category": "",
        "gen_model": "v2_covers",
        "source": "denue",
        "staff": "0 a 5 personas"
      }
    },
    {
      "type": "Feature",
      "geometry": {
        "type": "Point",
        "coordinates": [
          -87.377243,
          21.525981
        ]
      },
      "properties": {
        "id": "denue/11135623",
        "name": "HELADERIA LA SHILO",
        "type": "restaurante",
        "generation": 13,
        "genLow": 9,
        "genHigh": 16,
        "rooms": 0,
        "covers": 18,
        "category": "",
        "gen_model": "v2_covers",
        "source": "denue",
        "staff": "0 a 5 personas"
      }
    },
    {
      "type": "Feature",
      "geometry": {
        "type": "Point",
        "coordinates": [
          -87.379804,
          21.524451
        ]
      },
      "properties": {
        "id": "denue/9980057",
        "name": "HELARTESANO",
        "type": "restaurante",
        "generation": 13,
        "genLow": 9,
        "genHigh": 16,
        "rooms": 0,
        "covers": 18,
        "category": "",
        "gen_model": "v2_covers",
        "source": "denue",
        "staff": "0 a 5 personas"
      }
    },
    {
      "type": "Feature",
      "geometry": {
        "type": "Point",
        "coordinates": [
          -87.385649,
          21.518495
        ]
      },
      "properties": {
        "id": "denue/9279322",
        "name": "HOLBOX DELUXE APARTMENTS",
        "type": "hotel",
        "generation": 9,
        "genLow": 7,
        "genHigh": 10,
        "rooms": 3,
        "covers": 0,
        "category": "",
        "gen_model": "v2_rooms",
        "source": "denue",
        "staff": "0 a 5 personas"
      }
    },
    {
      "type": "Feature",
      "geometry": {
        "type": "Point",
        "coordinates": [
          -87.37783,
          21.52418
        ]
      },
      "properties": {
        "id": "denue/11670406",
        "name": "HOSTAL HOLBOX",
        "type": "hotel",
        "generation": 44,
        "genLow": 37,
        "genHigh": 51,
        "rooms": 15,
        "covers": 0,
        "category": "",
        "gen_model": "v2_rooms",
        "source": "denue",
        "staff": "0 a 5 personas"
      }
    },
    {
      "type": "Feature",
      "geometry": {
        "type": "Point",
        "coordinates": [
          -87.377933,
          21.524367
        ]
      },
      "properties": {
        "id": "denue/10671915",
        "name": "HOSTAL MAYA AVENTURA",
        "type": "hotel",
        "generation": 23,
        "genLow": 20,
        "genHigh": 27,
        "rooms": 8,
        "covers": 0,
        "category": "",
        "gen_model": "v2_rooms",
        "source": "denue",
        "staff": "0 a 5 personas"
      }
    },
    {
      "type": "Feature",
      "geometry": {
        "type": "Point",
        "coordinates": [
          -87.376799,
          21.524353
        ]
      },
      "properties": {
        "id": "denue/10907551",
        "name": "HOSTAL WAKAC",
        "type": "hotel",
        "generation": 15,
        "genLow": 12,
        "genHigh": 17,
        "rooms": 5,
        "covers": 0,
        "category": "",
        "gen_model": "v2_rooms",
        "source": "denue",
        "staff": "0 a 5 personas"
      }
    },
    {
      "type": "Feature",
      "geometry": {
        "type": "Point",
        "coordinates": [
          -87.380954,
          21.523273
        ]
      },
      "properties": {
        "id": "denue/10460905",
        "name": "HOSTEL BARCO VERDE",
        "type": "hotel",
        "generation": 70,
        "genLow": 60,
        "genHigh": 81,
        "rooms": 24,
        "covers": 0,
        "category": "",
        "gen_model": "v2_rooms",
        "source": "denue",
        "staff": "0 a 5 personas"
      }
    },
    {
      "type": "Feature",
      "geometry": {
        "type": "Point",
        "coordinates": [
          -87.37503,
          21.52183
        ]
      },
      "properties": {
        "id": "denue/7878470",
        "name": "HOSTEL CHE",
        "type": "hotel",
        "generation": 32,
        "genLow": 27,
        "genHigh": 37,
        "rooms": 11,
        "covers": 0,
        "category": "",
        "gen_model": "v2_rooms",
        "source": "denue",
        "staff": "6 a 10 personas"
      }
    },
    {
      "type": "Feature",
      "geometry": {
        "type": "Point",
        "coordinates": [
          -87.381512,
          21.522807
        ]
      },
      "properties": {
        "id": "denue/7878519",
        "name": "HOSTEL TRIBU",
        "type": "hotel",
        "generation": 32,
        "genLow": 27,
        "genHigh": 37,
        "rooms": 11,
        "covers": 0,
        "category": "",
        "gen_model": "v2_rooms",
        "source": "denue",
        "staff": "11 a 30 personas"
      }
    },
    {
      "type": "Feature",
      "geometry": {
        "type": "Point",
        "coordinates": [
          -87.388321,
          21.517354
        ]
      },
      "properties": {
        "id": "denue/9304286",
        "name": "HOTEL AK NA",
        "type": "hotel",
        "generation": 29,
        "genLow": 25,
        "genHigh": 34,
        "rooms": 10,
        "covers": 0,
        "category": "",
        "gen_model": "v2_rooms",
        "source": "denue",
        "staff": "6 a 10 personas"
      }
    },
    {
      "type": "Feature",
      "geometry": {
        "type": "Point",
        "coordinates": [
          -87.378794,
          21.524399
        ]
      },
      "properties": {
        "id": "denue/9869053",
        "name": "HOTEL AKVAL HOLBOX",
        "type": "hotel",
        "generation": 38,
        "genLow": 32,
        "genHigh": 44,
        "rooms": 13,
        "covers": 0,
        "category": "",
        "gen_model": "v2_rooms",
        "source": "denue",
        "staff": "0 a 5 personas"
      }
    },
    {
      "type": "Feature",
      "geometry": {
        "type": "Point",
        "coordinates": [
          -87.367938,
          21.530767
        ]
      },
      "properties": {
        "id": "denue/10854349",
        "name": "HOTEL ALDEA KUKA",
        "type": "hotel",
        "generation": 129,
        "genLow": 110,
        "genHigh": 148,
        "rooms": 44,
        "covers": 0,
        "category": "",
        "gen_model": "v2_rooms",
        "source": "denue",
        "staff": "31 a 50 personas"
      }
    },
    {
      "type": "Feature",
      "geometry": {
        "type": "Point",
        "coordinates": [
          -87.380596,
          21.5246
        ]
      },
      "properties": {
        "id": "denue/7878468",
        "name": "HOTEL AMAITE",
        "type": "hotel",
        "generation": 47,
        "genLow": 40,
        "genHigh": 54,
        "rooms": 16,
        "covers": 0,
        "category": "",
        "gen_model": "v2_rooms",
        "source": "denue",
        "staff": "11 a 30 personas"
      }
    },
    {
      "type": "Feature",
      "geometry": {
        "type": "Point",
        "coordinates": [
          -87.374506,
          21.526631
        ]
      },
      "properties": {
        "id": "denue/11288121",
        "name": "HOTEL ARTESANO",
        "type": "hotel",
        "generation": 20,
        "genLow": 17,
        "genHigh": 24,
        "rooms": 7,
        "covers": 0,
        "category": "",
        "gen_model": "v2_rooms",
        "source": "denue",
        "staff": "0 a 5 personas"
      }
    },
    {
      "type": "Feature",
      "geometry": {
        "type": "Point",
        "coordinates": [
          -87.381777,
          21.518542
        ]
      },
      "properties": {
        "id": "denue/11320157",
        "name": "HOTEL ARUMA HA",
        "type": "hotel",
        "generation": 41,
        "genLow": 35,
        "genHigh": 47,
        "rooms": 14,
        "covers": 0,
        "category": "",
        "gen_model": "v2_rooms",
        "source": "denue",
        "staff": "0 a 5 personas"
      }
    },
    {
      "type": "Feature",
      "geometry": {
        "type": "Point",
        "coordinates": [
          -87.379415,
          21.522501
        ]
      },
      "properties": {
        "id": "denue/11332000",
        "name": "HOTEL AURORA HOLBOX",
        "type": "hotel",
        "generation": 20,
        "genLow": 17,
        "genHigh": 24,
        "rooms": 7,
        "covers": 0,
        "category": "",
        "gen_model": "v2_rooms",
        "source": "denue",
        "staff": "0 a 5 personas"
      }
    },
    {
      "type": "Feature",
      "geometry": {
        "type": "Point",
        "coordinates": [
          -87.389319,
          21.515446
        ]
      },
      "properties": {
        "id": "denue/9898865",
        "name": "HOTEL BHOGA",
        "type": "hotel",
        "generation": 29,
        "genLow": 25,
        "genHigh": 34,
        "rooms": 10,
        "covers": 0,
        "category": "",
        "gen_model": "v2_rooms",
        "source": "denue",
        "staff": "0 a 5 personas"
      }
    },
    {
      "type": "Feature",
      "geometry": {
        "type": "Point",
        "coordinates": [
          -87.37139,
          21.529598
        ]
      },
      "properties": {
        "id": "denue/9319757",
        "name": "HOTEL BLUE HOLBOX",
        "type": "hotel",
        "generation": 117,
        "genLow": 100,
        "genHigh": 135,
        "rooms": 40,
        "covers": 0,
        "category": "",
        "gen_model": "v2_rooms",
        "source": "denue",
        "staff": "11 a 30 personas"
      }
    },
    {
      "type": "Feature",
      "geometry": {
        "type": "Point",
        "coordinates": [
          -87.377471,
          21.522536
        ]
      },
      "properties": {
        "id": "denue/9636308",
        "name": "HOTEL BOHONITO",
        "type": "hotel",
        "generation": 23,
        "genLow": 20,
        "genHigh": 27,
        "rooms": 8,
        "covers": 0,
        "category": "",
        "gen_model": "v2_rooms",
        "source": "denue",
        "staff": "0 a 5 personas"
      }
    },
    {
      "type": "Feature",
      "geometry": {
        "type": "Point",
        "coordinates": [
          -87.374744,
          21.525722
        ]
      },
      "properties": {
        "id": "denue/9950656",
        "name": "HOTEL BOUTIQUE ALOHA",
        "type": "hotel",
        "generation": 9,
        "genLow": 7,
        "genHigh": 10,
        "rooms": 3,
        "covers": 0,
        "category": "",
        "gen_model": "v2_rooms",
        "source": "denue",
        "staff": "0 a 5 personas"
      }
    },
    {
      "type": "Feature",
      "geometry": {
        "type": "Point",
        "coordinates": [
          -87.388105,
          21.51773
        ]
      },
      "properties": {
        "id": "denue/11729147",
        "name": "HOTEL BOUTIQUE AWA",
        "type": "hotel",
        "generation": 97,
        "genLow": 82,
        "genHigh": 111,
        "rooms": 33,
        "covers": 0,
        "category": "",
        "gen_model": "v2_rooms",
        "source": "denue",
        "staff": "11 a 30 personas"
      }
    },
    {
      "type": "Feature",
      "geometry": {
        "type": "Point",
        "coordinates": [
          -87.37967,
          21.522746
        ]
      },
      "properties": {
        "id": "denue/11203815",
        "name": "HOTEL BRISA DEL MAR",
        "type": "hotel",
        "generation": 23,
        "genLow": 20,
        "genHigh": 27,
        "rooms": 8,
        "covers": 0,
        "category": "",
        "gen_model": "v2_rooms",
        "source": "denue",
        "staff": "0 a 5 personas"
      }
    },
    {
      "type": "Feature",
      "geometry": {
        "type": "Point",
        "coordinates": [
          -87.377395,
          21.52164
        ]
      },
      "properties": {
        "id": "denue/8839327",
        "name": "HOTEL CABAÑAS COCONUT",
        "type": "hotel",
        "generation": 88,
        "genLow": 75,
        "genHigh": 101,
        "rooms": 30,
        "covers": 0,
        "category": "",
        "gen_model": "v2_rooms",
        "source": "denue",
        "staff": "6 a 10 personas"
      }
    },
    {
      "type": "Feature",
      "geometry": {
        "type": "Point",
        "coordinates": [
          -87.373768,
          21.526511
        ]
      },
      "properties": {
        "id": "denue/9288248",
        "name": "HOTEL CABAÑAS IDA Y VUELTA",
        "type": "hotel",
        "generation": 32,
        "genLow": 27,
        "genHigh": 37,
        "rooms": 11,
        "covers": 0,
        "category": "",
        "gen_model": "v2_rooms",
        "source": "denue",
        "staff": "6 a 10 personas"
      }
    },
    {
      "type": "Feature",
      "geometry": {
        "type": "Point",
        "coordinates": [
          -87.38199,
          21.52361
        ]
      },
      "properties": {
        "id": "denue/12289081",
        "name": "HOTEL CASA CATBA",
        "type": "hotel",
        "generation": 15,
        "genLow": 12,
        "genHigh": 17,
        "rooms": 5,
        "covers": 0,
        "category": "",
        "gen_model": "v2_rooms",
        "source": "denue",
        "staff": "6 a 10 personas"
      }
    },
    {
      "type": "Feature",
      "geometry": {
        "type": "Point",
        "coordinates": [
          -87.376881,
          21.521156
        ]
      },
      "properties": {
        "id": "denue/10808682",
        "name": "HOTEL CASA CORONA HOLBOX",
        "type": "hotel",
        "generation": 15,
        "genLow": 12,
        "genHigh": 17,
        "rooms": 5,
        "covers": 0,
        "category": "",
        "gen_model": "v2_rooms",
        "source": "denue",
        "staff": "0 a 5 personas"
      }
    },
    {
      "type": "Feature",
      "geometry": {
        "type": "Point",
        "coordinates": [
          -87.377835,
          21.525483
        ]
      },
      "properties": {
        "id": "denue/8726977",
        "name": "HOTEL CASA DE LAS TORTUGAS",
        "type": "hotel",
        "generation": 88,
        "genLow": 75,
        "genHigh": 101,
        "rooms": 30,
        "covers": 0,
        "category": "",
        "gen_model": "v2_rooms",
        "source": "denue",
        "staff": "31 a 50 personas"
      }
    },
    {
      "type": "Feature",
      "geometry": {
        "type": "Point",
        "coordinates": [
          -87.381332,
          21.522269
        ]
      },
      "properties": {
        "id": "denue/12289082",
        "name": "HOTEL CASA DEL VIENTO",
        "type": "hotel",
        "generation": 44,
        "genLow": 37,
        "genHigh": 51,
        "rooms": 15,
        "covers": 0,
        "category": "",
        "gen_model": "v2_rooms",
        "source": "denue",
        "staff": "0 a 5 personas"
      }
    },
    {
      "type": "Feature",
      "geometry": {
        "type": "Point",
        "coordinates": [
          -87.391236,
          21.513412
        ]
      },
      "properties": {
        "id": "denue/9330511",
        "name": "HOTEL CASA HX",
        "type": "hotel",
        "generation": 56,
        "genLow": 47,
        "genHigh": 64,
        "rooms": 19,
        "covers": 0,
        "category": "",
        "gen_model": "v2_rooms",
        "source": "denue",
        "staff": "11 a 30 personas"
      }
    },
    {
      "type": "Feature",
      "geometry": {
        "type": "Point",
        "coordinates": [
          -87.374667,
          21.526798
        ]
      },
      "properties": {
        "id": "denue/8726974",
        "name": "HOTEL CASA IGUANA",
        "type": "hotel",
        "generation": 29,
        "genLow": 25,
        "genHigh": 34,
        "rooms": 10,
        "covers": 0,
        "category": "",
        "gen_model": "v2_rooms",
        "source": "denue",
        "staff": "6 a 10 personas"
      }
    },
    {
      "type": "Feature",
      "geometry": {
        "type": "Point",
        "coordinates": [
          -87.375,
          21.525899
        ]
      },
      "properties": {
        "id": "denue/11219880",
        "name": "HOTEL CASA MAR",
        "type": "hotel",
        "generation": 9,
        "genLow": 7,
        "genHigh": 10,
        "rooms": 3,
        "covers": 0,
        "category": "",
        "gen_model": "v2_rooms",
        "source": "denue",
        "staff": "0 a 5 personas"
      }
    },
    {
      "type": "Feature",
      "geometry": {
        "type": "Point",
        "coordinates": [
          -87.386795,
          21.517138
        ]
      },
      "properties": {
        "id": "denue/9279328",
        "name": "HOTEL CASA MARGOT",
        "type": "hotel",
        "generation": 59,
        "genLow": 50,
        "genHigh": 67,
        "rooms": 20,
        "covers": 0,
        "category": "",
        "gen_model": "v2_rooms",
        "source": "denue",
        "staff": "11 a 30 personas"
      }
    },
    {
      "type": "Feature",
      "geometry": {
        "type": "Point",
        "coordinates": [
          -87.378616,
          21.525902
        ]
      },
      "properties": {
        "id": "denue/8279897",
        "name": "HOTEL CASA MAYA",
        "type": "hotel",
        "generation": 23,
        "genLow": 20,
        "genHigh": 27,
        "rooms": 8,
        "covers": 0,
        "category": "",
        "gen_model": "v2_rooms",
        "source": "denue",
        "staff": "0 a 5 personas"
      }
    },
    {
      "type": "Feature",
      "geometry": {
        "type": "Point",
        "coordinates": [
          -87.38908,
          21.517895
        ]
      },
      "properties": {
        "id": "denue/9498301",
        "name": "HOTEL CASA MUUCH",
        "type": "hotel",
        "generation": 35,
        "genLow": 30,
        "genHigh": 40,
        "rooms": 12,
        "covers": 0,
        "category": "",
        "gen_model": "v2_rooms",
        "source": "denue",
        "staff": "0 a 5 personas"
      }
    },
    {
      "type": "Feature",
      "geometry": {
        "type": "Point",
        "coordinates": [
          -87.38799,
          21.518593
        ]
      },
      "properties": {
        "id": "denue/10448134",
        "name": "HOTEL CHOBYS HOUSE",
        "type": "hotel",
        "generation": 29,
        "genLow": 25,
        "genHigh": 34,
        "rooms": 10,
        "covers": 0,
        "category": "",
        "gen_model": "v2_rooms",
        "source": "denue",
        "staff": "0 a 5 personas"
      }
    },
    {
      "type": "Feature",
      "geometry": {
        "type": "Point",
        "coordinates": [
          -87.374057,
          21.521528
        ]
      },
      "properties": {
        "id": "denue/7805886",
        "name": "HOTEL CORAZON MEXICANO HOLBOX",
        "type": "hotel",
        "generation": 23,
        "genLow": 20,
        "genHigh": 27,
        "rooms": 8,
        "covers": 0,
        "category": "",
        "gen_model": "v2_rooms",
        "source": "denue",
        "staff": "0 a 5 personas"
      }
    },
    {
      "type": "Feature",
      "geometry": {
        "type": "Point",
        "coordinates": [
          -87.379332,
          21.525454
        ]
      },
      "properties": {
        "id": "denue/9051683",
        "name": "HOTEL DIOSA KALI",
        "type": "hotel",
        "generation": 50,
        "genLow": 42,
        "genHigh": 57,
        "rooms": 17,
        "covers": 0,
        "category": "",
        "gen_model": "v2_rooms",
        "source": "denue",
        "staff": "11 a 30 personas"
      }
    },
    {
      "type": "Feature",
      "geometry": {
        "type": "Point",
        "coordinates": [
          -87.37415,
          21.526107
        ]
      },
      "properties": {
        "id": "denue/8705862",
        "name": "HOTEL EL CORAZON BOUTIQUE",
        "type": "hotel",
        "generation": 32,
        "genLow": 27,
        "genHigh": 37,
        "rooms": 11,
        "covers": 0,
        "category": "",
        "gen_model": "v2_rooms",
        "source": "denue",
        "staff": "6 a 10 personas"
      }
    },
    {
      "type": "Feature",
      "geometry": {
        "type": "Point",
        "coordinates": [
          -87.382987,
          21.51814
        ]
      },
      "properties": {
        "id": "denue/10667857",
        "name": "HOTEL EL JARDIN DE LOS ALUXES",
        "type": "hotel",
        "generation": 15,
        "genLow": 12,
        "genHigh": 17,
        "rooms": 5,
        "covers": 0,
        "category": "",
        "gen_model": "v2_rooms",
        "source": "denue",
        "staff": "0 a 5 personas"
      }
    },
    {
      "type": "Feature",
      "geometry": {
        "type": "Point",
        "coordinates": [
          -87.37752,
          21.52584
        ]
      },
      "properties": {
        "id": "denue/8726976",
        "name": "HOTEL EN LA PLAYA MAWIMBI",
        "type": "hotel",
        "generation": 41,
        "genLow": 35,
        "genHigh": 47,
        "rooms": 14,
        "covers": 0,
        "category": "",
        "gen_model": "v2_rooms",
        "source": "denue",
        "staff": "0 a 5 personas"
      }
    },
    {
      "type": "Feature",
      "geometry": {
        "type": "Point",
        "coordinates": [
          -87.387968,
          21.517043
        ]
      },
      "properties": {
        "id": "denue/8726455",
        "name": "HOTEL ENSUEÑO HOLBOX APARTMENTS",
        "type": "hotel",
        "generation": 23,
        "genLow": 20,
        "genHigh": 27,
        "rooms": 8,
        "covers": 0,
        "category": "",
        "gen_model": "v2_rooms",
        "source": "denue",
        "staff": "6 a 10 personas"
      }
    },
    {
      "type": "Feature",
      "geometry": {
        "type": "Point",
        "coordinates": [
          -87.389901,
          21.517392
        ]
      },
      "properties": {
        "id": "denue/9295840",
        "name": "HOTEL GOLDEN PARADISE BEACH",
        "type": "hotel",
        "generation": 26,
        "genLow": 22,
        "genHigh": 30,
        "rooms": 9,
        "covers": 0,
        "category": "",
        "gen_model": "v2_rooms",
        "source": "denue",
        "staff": "11 a 30 personas"
      }
    },
    {
      "type": "Feature",
      "geometry": {
        "type": "Point",
        "coordinates": [
          -87.390135,
          21.516468
        ]
      },
      "properties": {
        "id": "denue/9644541",
        "name": "HOTEL HAU BOUTIQUE",
        "type": "hotel",
        "generation": 56,
        "genLow": 47,
        "genHigh": 64,
        "rooms": 19,
        "covers": 0,
        "category": "",
        "gen_model": "v2_rooms",
        "source": "denue",
        "staff": "11 a 30 personas"
      }
    },
    {
      "type": "Feature",
      "geometry": {
        "type": "Point",
        "coordinates": [
          -87.374204,
          21.526403
        ]
      },
      "properties": {
        "id": "denue/9327509",
        "name": "HOTEL HOLBOX BY XALOC",
        "type": "hotel",
        "generation": 85,
        "genLow": 72,
        "genHigh": 98,
        "rooms": 29,
        "covers": 0,
        "category": "",
        "gen_model": "v2_rooms",
        "source": "denue",
        "staff": "11 a 30 personas"
      }
    },
    {
      "type": "Feature",
      "geometry": {
        "type": "Point",
        "coordinates": [
          -87.382288,
          21.522926
        ]
      },
      "properties": {
        "id": "denue/11571842",
        "name": "HOTEL HOLBOX DREAM",
        "type": "hotel",
        "generation": 138,
        "genLow": 117,
        "genHigh": 158,
        "rooms": 47,
        "covers": 0,
        "category": "",
        "gen_model": "v2_rooms",
        "source": "denue",
        "staff": "31 a 50 personas"
      }
    },
    {
      "type": "Feature",
      "geometry": {
        "type": "Point",
        "coordinates": [
          -87.378907,
          21.52531
        ]
      },
      "properties": {
        "id": "denue/9290884",
        "name": "HOTEL HOLMAR",
        "type": "hotel",
        "generation": 44,
        "genLow": 37,
        "genHigh": 51,
        "rooms": 15,
        "covers": 0,
        "category": "",
        "gen_model": "v2_rooms",
        "source": "denue",
        "staff": "11 a 30 personas"
      }
    },
    {
      "type": "Feature",
      "geometry": {
        "type": "Point",
        "coordinates": [
          -87.382029,
          21.519562
        ]
      },
      "properties": {
        "id": "denue/9702934",
        "name": "HOTEL ISLA BONITA",
        "type": "hotel",
        "generation": 26,
        "genLow": 22,
        "genHigh": 30,
        "rooms": 9,
        "covers": 0,
        "category": "",
        "gen_model": "v2_rooms",
        "source": "denue",
        "staff": "0 a 5 personas"
      }
    },
    {
      "type": "Feature",
      "geometry": {
        "type": "Point",
        "coordinates": [
          -87.378086,
          21.521859
        ]
      },
      "properties": {
        "id": "denue/8132485",
        "name": "HOTEL KAI BOUTIQUE",
        "type": "hotel",
        "generation": 38,
        "genLow": 32,
        "genHigh": 44,
        "rooms": 13,
        "covers": 0,
        "category": "",
        "gen_model": "v2_rooms",
        "source": "denue",
        "staff": "0 a 5 personas"
      }
    },
    {
      "type": "Feature",
      "geometry": {
        "type": "Point",
        "coordinates": [
          -87.389427,
          21.515265
        ]
      },
      "properties": {
        "id": "denue/10644586",
        "name": "HOTEL KIN STUDIOS HOLBOX",
        "type": "hotel",
        "generation": 35,
        "genLow": 30,
        "genHigh": 40,
        "rooms": 12,
        "covers": 0,
        "category": "",
        "gen_model": "v2_rooms",
        "source": "denue",
        "staff": "0 a 5 personas"
      }
    },
    {
      "type": "Feature",
      "geometry": {
        "type": "Point",
        "coordinates": [
          -87.373912,
          21.520935
        ]
      },
      "properties": {
        "id": "denue/11004351",
        "name": "HOTEL KRAK INN",
        "type": "hotel",
        "generation": 32,
        "genLow": 27,
        "genHigh": 37,
        "rooms": 11,
        "covers": 0,
        "category": "",
        "gen_model": "v2_rooms",
        "source": "denue",
        "staff": "0 a 5 personas"
      }
    },
    {
      "type": "Feature",
      "geometry": {
        "type": "Point",
        "coordinates": [
          -87.378722,
          21.522213
        ]
      },
      "properties": {
        "id": "denue/8132261",
        "name": "HOTEL LA CASA DE CAPI",
        "type": "hotel",
        "generation": 29,
        "genLow": 25,
        "genHigh": 34,
        "rooms": 10,
        "covers": 0,
        "category": "",
        "gen_model": "v2_rooms",
        "source": "denue",
        "staff": "0 a 5 personas"
      }
    },
    {
      "type": "Feature",
      "geometry": {
        "type": "Point",
        "coordinates": [
          -87.375188,
          21.523487
        ]
      },
      "properties": {
        "id": "denue/9782964",
        "name": "HOTEL LA CASA DE MIA",
        "type": "hotel",
        "generation": 18,
        "genLow": 15,
        "genHigh": 20,
        "rooms": 6,
        "covers": 0,
        "category": "",
        "gen_model": "v2_rooms",
        "source": "denue",
        "staff": "0 a 5 personas"
      }
    },
    {
      "type": "Feature",
      "geometry": {
        "type": "Point",
        "coordinates": [
          -87.379702,
          21.524558
        ]
      },
      "properties": {
        "id": "denue/8279841",
        "name": "HOTEL LA CHAYA",
        "type": "hotel",
        "generation": 23,
        "genLow": 20,
        "genHigh": 27,
        "rooms": 8,
        "covers": 0,
        "category": "",
        "gen_model": "v2_rooms",
        "source": "denue",
        "staff": "0 a 5 personas"
      }
    },
    {
      "type": "Feature",
      "geometry": {
        "type": "Point",
        "coordinates": [
          -87.390049,
          21.516392
        ]
      },
      "properties": {
        "id": "denue/11770384",
        "name": "HOTEL LA PUERTA AZUL HOLBOX",
        "type": "hotel",
        "generation": 41,
        "genLow": 35,
        "genHigh": 47,
        "rooms": 14,
        "covers": 0,
        "category": "",
        "gen_model": "v2_rooms",
        "source": "denue",
        "staff": "6 a 10 personas"
      }
    },
    {
      "type": "Feature",
      "geometry": {
        "type": "Point",
        "coordinates": [
          -87.364029,
          21.533965
        ]
      },
      "properties": {
        "id": "denue/6384870",
        "name": "HOTEL LAS NUBES DE HOLBOX",
        "type": "hotel",
        "generation": 82,
        "genLow": 70,
        "genHigh": 94,
        "rooms": 28,
        "covers": 0,
        "category": "",
        "gen_model": "v2_rooms",
        "source": "denue",
        "staff": "11 a 30 personas"
      }
    },
    {
      "type": "Feature",
      "geometry": {
        "type": "Point",
        "coordinates": [
          -87.379672,
          21.52354
        ]
      },
      "properties": {
        "id": "denue/11358483",
        "name": "HOTEL LIFESTYLE KB",
        "type": "hotel",
        "generation": 15,
        "genLow": 12,
        "genHigh": 17,
        "rooms": 5,
        "covers": 0,
        "category": "",
        "gen_model": "v2_rooms",
        "source": "denue",
        "staff": "0 a 5 personas"
      }
    },
    {
      "type": "Feature",
      "geometry": {
        "type": "Point",
        "coordinates": [
          -87.379253,
          21.523362
        ]
      },
      "properties": {
        "id": "denue/8132413",
        "name": "HOTEL LOS ARCOS",
        "type": "hotel",
        "generation": 88,
        "genLow": 75,
        "genHigh": 101,
        "rooms": 30,
        "covers": 0,
        "category": "",
        "gen_model": "v2_rooms",
        "source": "denue",
        "staff": "6 a 10 personas"
      }
    },
    {
      "type": "Feature",
      "geometry": {
        "type": "Point",
        "coordinates": [
          -87.374815,
          21.520285
        ]
      },
      "properties": {
        "id": "denue/7878575",
        "name": "HOTEL MAYAN MITTOZ",
        "type": "hotel",
        "generation": 35,
        "genLow": 30,
        "genHigh": 40,
        "rooms": 12,
        "covers": 0,
        "category": "",
        "gen_model": "v2_rooms",
        "source": "denue",
        "staff": "0 a 5 personas"
      }
    },
    {
      "type": "Feature",
      "geometry": {
        "type": "Point",
        "coordinates": [
          -87.378302,
          21.520537
        ]
      },
      "properties": {
        "id": "denue/10626427",
        "name": "HOTEL MAYARI",
        "type": "hotel",
        "generation": 64,
        "genLow": 55,
        "genHigh": 74,
        "rooms": 22,
        "covers": 0,
        "category": "",
        "gen_model": "v2_rooms",
        "source": "denue",
        "staff": "6 a 10 personas"
      }
    },
    {
      "type": "Feature",
      "geometry": {
        "type": "Point",
        "coordinates": [
          -87.394923,
          21.512686
        ]
      },
      "properties": {
        "id": "denue/11808406",
        "name": "HOTEL NAI HOLBOX",
        "type": "hotel",
        "generation": 59,
        "genLow": 50,
        "genHigh": 67,
        "rooms": 20,
        "covers": 0,
        "category": "",
        "gen_model": "v2_rooms",
        "source": "denue",
        "staff": "31 a 50 personas"
      }
    },
    {
      "type": "Feature",
      "geometry": {
        "type": "Point",
        "coordinates": [
          -87.378608,
          21.520068
        ]
      },
      "properties": {
        "id": "denue/11683198",
        "name": "HOTEL NAJ CASA HOLBOX",
        "type": "hotel",
        "generation": 82,
        "genLow": 70,
        "genHigh": 94,
        "rooms": 28,
        "covers": 0,
        "category": "",
        "gen_model": "v2_rooms",
        "source": "denue",
        "staff": "11 a 30 personas"
      }
    },
    {
      "type": "Feature",
      "geometry": {
        "type": "Point",
        "coordinates": [
          -87.39014,
          21.516472
        ]
      },
      "properties": {
        "id": "denue/12289200",
        "name": "HOTEL NOMADE HOLBOX",
        "type": "hotel",
        "generation": 88,
        "genLow": 75,
        "genHigh": 101,
        "rooms": 30,
        "covers": 0,
        "category": "",
        "gen_model": "v2_rooms",
        "source": "denue",
        "staff": "51 a 100 personas"
      }
    },
    {
      "type": "Feature",
      "geometry": {
        "type": "Point",
        "coordinates": [
          -87.369917,
          21.530489
        ]
      },
      "properties": {
        "id": "denue/9317024",
        "name": "HOTEL PALAPAS DEL SOL",
        "type": "hotel",
        "generation": 88,
        "genLow": 75,
        "genHigh": 101,
        "rooms": 30,
        "covers": 0,
        "category": "",
        "gen_model": "v2_rooms",
        "source": "denue",
        "staff": "11 a 30 personas"
      }
    },
    {
      "type": "Feature",
      "geometry": {
        "type": "Point",
        "coordinates": [
          -87.380714,
          21.521746
        ]
      },
      "properties": {
        "id": "denue/9304894",
        "name": "HOTEL PARA TI",
        "type": "hotel",
        "generation": 47,
        "genLow": 40,
        "genHigh": 54,
        "rooms": 16,
        "covers": 0,
        "category": "",
        "gen_model": "v2_rooms",
        "source": "denue",
        "staff": "6 a 10 personas"
      }
    },
    {
      "type": "Feature",
      "geometry": {
        "type": "Point",
        "coordinates": [
          -87.377358,
          21.524863
        ]
      },
      "properties": {
        "id": "denue/10600063",
        "name": "HOTEL POSADA DAVID",
        "type": "hotel",
        "generation": 12,
        "genLow": 10,
        "genHigh": 13,
        "rooms": 4,
        "covers": 0,
        "category": "",
        "gen_model": "v2_rooms",
        "source": "denue",
        "staff": "0 a 5 personas"
      }
    },
    {
      "type": "Feature",
      "geometry": {
        "type": "Point",
        "coordinates": [
          -87.383765,
          21.520446
        ]
      },
      "properties": {
        "id": "denue/9278000",
        "name": "HOTEL PUERTO HOLBOX",
        "type": "hotel",
        "generation": 41,
        "genLow": 35,
        "genHigh": 47,
        "rooms": 14,
        "covers": 0,
        "category": "",
        "gen_model": "v2_rooms",
        "source": "denue",
        "staff": "6 a 10 personas"
      }
    },
    {
      "type": "Feature",
      "geometry": {
        "type": "Point",
        "coordinates": [
          -87.373826,
          21.526564
        ]
      },
      "properties": {
        "id": "denue/9332130",
        "name": "HOTEL PUNTA CALIZA",
        "type": "hotel",
        "generation": 35,
        "genLow": 30,
        "genHigh": 40,
        "rooms": 12,
        "covers": 0,
        "category": "",
        "gen_model": "v2_rooms",
        "source": "denue",
        "staff": "11 a 30 personas"
      }
    },
    {
      "type": "Feature",
      "geometry": {
        "type": "Point",
        "coordinates": [
          -87.374799,
          21.526931
        ]
      },
      "properties": {
        "id": "denue/9276400",
        "name": "HOTEL SER CASASANDRA",
        "type": "hotel",
        "generation": 53,
        "genLow": 45,
        "genHigh": 61,
        "rooms": 18,
        "covers": 0,
        "category": "",
        "gen_model": "v2_rooms",
        "source": "denue",
        "staff": "11 a 30 personas"
      }
    },
    {
      "type": "Feature",
      "geometry": {
        "type": "Point",
        "coordinates": [
          -87.377155,
          21.523887
        ]
      },
      "properties": {
        "id": "denue/11637017",
        "name": "HOTEL SHANKARA",
        "type": "hotel",
        "generation": 20,
        "genLow": 17,
        "genHigh": 24,
        "rooms": 7,
        "covers": 0,
        "category": "",
        "gen_model": "v2_rooms",
        "source": "denue",
        "staff": "0 a 5 personas"
      }
    },
    {
      "type": "Feature",
      "geometry": {
        "type": "Point",
        "coordinates": [
          -87.380225,
          21.522782
        ]
      },
      "properties": {
        "id": "denue/10995904",
        "name": "HOTEL SIESTA HOLBOX",
        "type": "hotel",
        "generation": 35,
        "genLow": 30,
        "genHigh": 40,
        "rooms": 12,
        "covers": 0,
        "category": "",
        "gen_model": "v2_rooms",
        "source": "denue",
        "staff": "6 a 10 personas"
      }
    },
    {
      "type": "Feature",
      "geometry": {
        "type": "Point",
        "coordinates": [
          -87.389351,
          21.516916
        ]
      },
      "properties": {
        "id": "denue/11170649",
        "name": "HOTEL SOHO BOUTIQUE",
        "type": "hotel",
        "generation": 61,
        "genLow": 52,
        "genHigh": 71,
        "rooms": 21,
        "covers": 0,
        "category": "",
        "gen_model": "v2_rooms",
        "source": "denue",
        "staff": "11 a 30 personas"
      }
    },
    {
      "type": "Feature",
      "geometry": {
        "type": "Point",
        "coordinates": [
          -87.389615,
          21.517302
        ]
      },
      "properties": {
        "id": "denue/11155397",
        "name": "HOTEL SPIRIT",
        "type": "hotel",
        "generation": 41,
        "genLow": 35,
        "genHigh": 47,
        "rooms": 14,
        "covers": 0,
        "category": "",
        "gen_model": "v2_rooms",
        "source": "denue",
        "staff": "11 a 30 personas"
      }
    },
    {
      "type": "Feature",
      "geometry": {
        "type": "Point",
        "coordinates": [
          -87.38085,
          21.523379
        ]
      },
      "properties": {
        "id": "denue/9770496",
        "name": "HOTEL TIERRA DEL MAR",
        "type": "hotel",
        "generation": 18,
        "genLow": 15,
        "genHigh": 20,
        "rooms": 6,
        "covers": 0,
        "category": "",
        "gen_model": "v2_rooms",
        "source": "denue",
        "staff": "6 a 10 personas"
      }
    },
    {
      "type": "Feature",
      "geometry": {
        "type": "Point",
        "coordinates": [
          -87.375017,
          21.526299
        ]
      },
      "properties": {
        "id": "denue/12289025",
        "name": "HOTEL TIERRA MIA",
        "type": "hotel",
        "generation": 44,
        "genLow": 37,
        "genHigh": 51,
        "rooms": 15,
        "covers": 0,
        "category": "",
        "gen_model": "v2_rooms",
        "source": "denue",
        "staff": "11 a 30 personas"
      }
    },
    {
      "type": "Feature",
      "geometry": {
        "type": "Point",
        "coordinates": [
          -87.379299,
          21.521584
        ]
      },
      "properties": {
        "id": "denue/11074434",
        "name": "HOTEL TROPICAL SUITES BY MIJ",
        "type": "hotel",
        "generation": 47,
        "genLow": 40,
        "genHigh": 54,
        "rooms": 16,
        "covers": 0,
        "category": "",
        "gen_model": "v2_rooms",
        "source": "denue",
        "staff": "6 a 10 personas"
      }
    },
    {
      "type": "Feature",
      "geometry": {
        "type": "Point",
        "coordinates": [
          -87.372719,
          21.527162
        ]
      },
      "properties": {
        "id": "denue/11449417",
        "name": "HOTEL VILLA LOS MANGLES HOLBOX",
        "type": "hotel",
        "generation": 15,
        "genLow": 12,
        "genHigh": 17,
        "rooms": 5,
        "covers": 0,
        "category": "",
        "gen_model": "v2_rooms",
        "source": "denue",
        "staff": "0 a 5 personas"
      }
    },
    {
      "type": "Feature",
      "geometry": {
        "type": "Point",
        "coordinates": [
          -87.380571,
          21.521349
        ]
      },
      "properties": {
        "id": "denue/11178905",
        "name": "HOTEL VILLA MARILU",
        "type": "hotel",
        "generation": 35,
        "genLow": 30,
        "genHigh": 40,
        "rooms": 12,
        "covers": 0,
        "category": "",
        "gen_model": "v2_rooms",
        "source": "denue",
        "staff": "0 a 5 personas"
      }
    },
    {
      "type": "Feature",
      "geometry": {
        "type": "Point",
        "coordinates": [
          -87.369088,
          21.531035
        ]
      },
      "properties": {
        "id": "denue/9320453",
        "name": "HOTEL VILLAS CARACOL",
        "type": "hotel",
        "generation": 47,
        "genLow": 40,
        "genHigh": 54,
        "rooms": 16,
        "covers": 0,
        "category": "",
        "gen_model": "v2_rooms",
        "source": "denue",
        "staff": "11 a 30 personas"
      }
    },
    {
      "type": "Feature",
      "geometry": {
        "type": "Point",
        "coordinates": [
          -87.374317,
          21.525327
        ]
      },
      "properties": {
        "id": "denue/8730769",
        "name": "HOTEL VILLAS DEL PALMAR",
        "type": "hotel",
        "generation": 59,
        "genLow": 50,
        "genHigh": 67,
        "rooms": 20,
        "covers": 0,
        "category": "",
        "gen_model": "v2_rooms",
        "source": "denue",
        "staff": "0 a 5 personas"
      }
    },
    {
      "type": "Feature",
      "geometry": {
        "type": "Point",
        "coordinates": [
          -87.37461,
          21.527814
        ]
      },
      "properties": {
        "id": "denue/8011911",
        "name": "HOTEL VILLAS EL ENCANTO HOLBOX",
        "type": "hotel",
        "generation": 26,
        "genLow": 22,
        "genHigh": 30,
        "rooms": 9,
        "covers": 0,
        "category": "",
        "gen_model": "v2_rooms",
        "source": "denue",
        "staff": "0 a 5 personas"
      }
    },
    {
      "type": "Feature",
      "geometry": {
        "type": "Point",
        "coordinates": [
          -87.366479,
          21.532168
        ]
      },
      "properties": {
        "id": "denue/9281119",
        "name": "HOTEL VILLAS FLAMINGOS",
        "type": "hotel",
        "generation": 120,
        "genLow": 102,
        "genHigh": 138,
        "rooms": 41,
        "covers": 0,
        "category": "",
        "gen_model": "v2_rooms",
        "source": "denue",
        "staff": "51 a 100 personas"
      }
    },
    {
      "type": "Feature",
      "geometry": {
        "type": "Point",
        "coordinates": [
          -87.376096,
          21.525107
        ]
      },
      "properties": {
        "id": "denue/9281117",
        "name": "HOTEL VILLAS MARGARITAS",
        "type": "hotel",
        "generation": 53,
        "genLow": 45,
        "genHigh": 61,
        "rooms": 18,
        "covers": 0,
        "category": "",
        "gen_model": "v2_rooms",
        "source": "denue",
        "staff": "6 a 10 personas"
      }
    },
    {
      "type": "Feature",
      "geometry": {
        "type": "Point",
        "coordinates": [
          -87.367583,
          21.531384
        ]
      },
      "properties": {
        "id": "denue/7878523",
        "name": "HOTEL VILLAS TIBURON",
        "type": "hotel",
        "generation": 73,
        "genLow": 62,
        "genHigh": 84,
        "rooms": 25,
        "covers": 0,
        "category": "",
        "gen_model": "v2_rooms",
        "source": "denue",
        "staff": "11 a 30 personas"
      }
    },
    {
      "type": "Feature",
      "geometry": {
        "type": "Point",
        "coordinates": [
          -87.382037,
          21.522266
        ]
      },
      "properties": {
        "id": "denue/9317023",
        "name": "HOTEL ZOMAY",
        "type": "hotel",
        "generation": 41,
        "genLow": 35,
        "genHigh": 47,
        "rooms": 14,
        "covers": 0,
        "category": "",
        "gen_model": "v2_rooms",
        "source": "denue",
        "staff": "6 a 10 personas"
      }
    },
    {
      "type": "Feature",
      "geometry": {
        "type": "Point",
        "coordinates": [
          -87.368232,
          21.531589
        ]
      },
      "properties": {
        "id": "denue/9296153",
        "name": "HOTELITO CRISMI",
        "type": "hotel",
        "generation": 23,
        "genLow": 20,
        "genHigh": 27,
        "rooms": 8,
        "covers": 0,
        "category": "",
        "gen_model": "v2_rooms",
        "source": "denue",
        "staff": "11 a 30 personas"
      }
    },
    {
      "type": "Feature",
      "geometry": {
        "type": "Point",
        "coordinates": [
          -87.379437,
          21.524637
        ]
      },
      "properties": {
        "id": "denue/8279889",
        "name": "HOTELITO LA CONSTANZA DEL ROLO",
        "type": "hotel",
        "generation": 26,
        "genLow": 22,
        "genHigh": 30,
        "rooms": 9,
        "covers": 0,
        "category": "",
        "gen_model": "v2_rooms",
        "source": "denue",
        "staff": "0 a 5 personas"
      }
    },
    {
      "type": "Feature",
      "geometry": {
        "type": "Point",
        "coordinates": [
          -87.378553,
          21.524682
        ]
      },
      "properties": {
        "id": "denue/8279895",
        "name": "HOTELITO VILLAS HOLBOX",
        "type": "hotel",
        "generation": 29,
        "genLow": 25,
        "genHigh": 34,
        "rooms": 10,
        "covers": 0,
        "category": "",
        "gen_model": "v2_rooms",
        "source": "denue",
        "staff": "0 a 5 personas"
      }
    },
    {
      "type": "Feature",
      "geometry": {
        "type": "Point",
        "coordinates": [
          -87.37918,
          21.521714
        ]
      },
      "properties": {
        "id": "denue/10703368",
        "name": "JUGOS Y DESAYUNOS LA PASADITA",
        "type": "restaurante",
        "generation": 13,
        "genLow": 9,
        "genHigh": 16,
        "rooms": 0,
        "covers": 18,
        "category": "",
        "gen_model": "v2_covers",
        "source": "denue",
        "staff": "0 a 5 personas"
      }
    },
    {
      "type": "Feature",
      "geometry": {
        "type": "Point",
        "coordinates": [
          -87.381705,
          21.521018
        ]
      },
      "properties": {
        "id": "denue/10156717",
        "name": "JUGUERIA LA MEDIA NARANJA",
        "type": "restaurante",
        "generation": 13,
        "genLow": 9,
        "genHigh": 16,
        "rooms": 0,
        "covers": 18,
        "category": "",
        "gen_model": "v2_covers",
        "source": "denue",
        "staff": "0 a 5 personas"
      }
    },
    {
      "type": "Feature",
      "geometry": {
        "type": "Point",
        "coordinates": [
          -87.381789,
          21.520899
        ]
      },
      "properties": {
        "id": "denue/8726969",
        "name": "JUGUERIA LOS 2 HERMANOS",
        "type": "restaurante",
        "generation": 13,
        "genLow": 9,
        "genHigh": 16,
        "rooms": 0,
        "covers": 18,
        "category": "",
        "gen_model": "v2_covers",
        "source": "denue",
        "staff": "0 a 5 personas"
      }
    },
    {
      "type": "Feature",
      "geometry": {
        "type": "Point",
        "coordinates": [
          -87.381789,
          21.519585
        ]
      },
      "properties": {
        "id": "denue/11373353",
        "name": "KIN CAMPING",
        "type": "hotel",
        "generation": 12,
        "genLow": 10,
        "genHigh": 13,
        "rooms": 4,
        "covers": 0,
        "category": "",
        "gen_model": "v2_rooms",
        "source": "denue",
        "staff": "0 a 5 personas"
      }
    },
    {
      "type": "Feature",
      "geometry": {
        "type": "Point",
        "coordinates": [
          -87.379022,
          21.524332
        ]
      },
      "properties": {
        "id": "denue/9800005",
        "name": "KOKO COMMUNITY CAFE",
        "type": "restaurante",
        "generation": 13,
        "genLow": 9,
        "genHigh": 16,
        "rooms": 0,
        "covers": 18,
        "category": "",
        "gen_model": "v2_covers",
        "source": "denue",
        "staff": "0 a 5 personas"
      }
    },
    {
      "type": "Feature",
      "geometry": {
        "type": "Point",
        "coordinates": [
          -87.380064,
          21.52415
        ]
      },
      "properties": {
        "id": "denue/8903463",
        "name": "LA ANEMONA MICHELADAS",
        "type": "restaurante",
        "generation": 28,
        "genLow": 20,
        "genHigh": 35,
        "rooms": 0,
        "covers": 39,
        "category": "",
        "gen_model": "v2_covers",
        "source": "denue",
        "staff": "0 a 5 personas"
      }
    },
    {
      "type": "Feature",
      "geometry": {
        "type": "Point",
        "coordinates": [
          -87.378782,
          21.522934
        ]
      },
      "properties": {
        "id": "denue/9718104",
        "name": "LA BAMBA RESTAURANTE",
        "type": "restaurante",
        "generation": 28,
        "genLow": 20,
        "genHigh": 35,
        "rooms": 0,
        "covers": 39,
        "category": "",
        "gen_model": "v2_covers",
        "source": "denue",
        "staff": "0 a 5 personas"
      }
    },
    {
      "type": "Feature",
      "geometry": {
        "type": "Point",
        "coordinates": [
          -87.379746,
          21.523937
        ]
      },
      "properties": {
        "id": "denue/11579855",
        "name": "LA KAPRICHOSA RESTAURANTE",
        "type": "restaurante",
        "generation": 26,
        "genLow": 18,
        "genHigh": 32,
        "rooms": 0,
        "covers": 36,
        "category": "",
        "gen_model": "v2_covers",
        "source": "denue",
        "staff": "0 a 5 personas"
      }
    },
    {
      "type": "Feature",
      "geometry": {
        "type": "Point",
        "coordinates": [
          -87.379472,
          21.524668
        ]
      },
      "properties": {
        "id": "denue/7878526",
        "name": "LA MIRANDA DE RULO",
        "type": "restaurante",
        "generation": 69,
        "genLow": 48,
        "genHigh": 86,
        "rooms": 0,
        "covers": 96,
        "category": "",
        "gen_model": "v2_covers",
        "source": "denue",
        "staff": "6 a 10 personas"
      }
    },
    {
      "type": "Feature",
      "geometry": {
        "type": "Point",
        "coordinates": [
          -87.3802,
          21.524394
        ]
      },
      "properties": {
        "id": "denue/11670248",
        "name": "LA TOSTADORA",
        "type": "restaurante",
        "generation": 69,
        "genLow": 48,
        "genHigh": 86,
        "rooms": 0,
        "covers": 96,
        "category": "",
        "gen_model": "v2_covers",
        "source": "denue",
        "staff": "6 a 10 personas"
      }
    },
    {
      "type": "Feature",
      "geometry": {
        "type": "Point",
        "coordinates": [
          -87.381335,
          21.522271
        ]
      },
      "properties": {
        "id": "denue/7878578",
        "name": "LE JARDIN PANADERIA Y CAFETERIA",
        "type": "restaurante",
        "generation": 13,
        "genLow": 9,
        "genHigh": 16,
        "rooms": 0,
        "covers": 18,
        "category": "",
        "gen_model": "v2_covers",
        "source": "denue",
        "staff": "0 a 5 personas"
      }
    },
    {
      "type": "Feature",
      "geometry": {
        "type": "Point",
        "coordinates": [
          -87.381347,
          21.521063
        ]
      },
      "properties": {
        "id": "denue/9857316",
        "name": "LICUADOS CLUB MAJASHE",
        "type": "restaurante",
        "generation": 26,
        "genLow": 18,
        "genHigh": 32,
        "rooms": 0,
        "covers": 36,
        "category": "",
        "gen_model": "v2_covers",
        "source": "denue",
        "staff": "0 a 5 personas"
      }
    },
    {
      "type": "Feature",
      "geometry": {
        "type": "Point",
        "coordinates": [
          -87.377912,
          21.525327
        ]
      },
      "properties": {
        "id": "denue/11090274",
        "name": "LUUMA 99THENIA Y BAR",
        "type": "restaurante",
        "generation": 346,
        "genLow": 240,
        "genHigh": 432,
        "rooms": 0,
        "covers": 480,
        "category": "",
        "gen_model": "v2_covers",
        "source": "denue",
        "staff": "31 a 50 personas"
      }
    },
    {
      "type": "Feature",
      "geometry": {
        "type": "Point",
        "coordinates": [
          -87.38138,
          21.523272
        ]
      },
      "properties": {
        "id": "denue/9311563",
        "name": "MACONDO HOLBOX",
        "type": "hotel",
        "generation": 64,
        "genLow": 55,
        "genHigh": 74,
        "rooms": 22,
        "covers": 0,
        "category": "",
        "gen_model": "v2_rooms",
        "source": "denue",
        "staff": "11 a 30 personas"
      }
    },
    {
      "type": "Feature",
      "geometry": {
        "type": "Point",
        "coordinates": [
          -87.376841,
          21.524546
        ]
      },
      "properties": {
        "id": "denue/9912344",
        "name": "MAPACHE HOSTAL",
        "type": "hotel",
        "generation": 29,
        "genLow": 25,
        "genHigh": 34,
        "rooms": 10,
        "covers": 0,
        "category": "",
        "gen_model": "v2_rooms",
        "source": "denue",
        "staff": "6 a 10 personas"
      }
    },
    {
      "type": "Feature",
      "geometry": {
        "type": "Point",
        "coordinates": [
          -87.377879,
          21.522199
        ]
      },
      "properties": {
        "id": "denue/10639158",
        "name": "MARISCO EL VIRIL",
        "type": "restaurante",
        "generation": 187,
        "genLow": 130,
        "genHigh": 234,
        "rooms": 0,
        "covers": 260,
        "category": "",
        "gen_model": "v2_covers",
        "source": "denue",
        "staff": "11 a 30 personas"
      }
    },
    {
      "type": "Feature",
      "geometry": {
        "type": "Point",
        "coordinates": [
          -87.379107,
          21.518603
        ]
      },
      "properties": {
        "id": "denue/9425873",
        "name": "MAYAYMAR INMOBILIARIA",
        "type": "hotel",
        "generation": 48,
        "genLow": 48,
        "genHigh": 48,
        "rooms": 0,
        "covers": 0,
        "category": "",
        "gen_model": "v1_staff",
        "source": "denue",
        "staff": "6 a 10 personas"
      }
    },
    {
      "type": "Feature",
      "geometry": {
        "type": "Point",
        "coordinates": [
          -87.37994,
          21.524416
        ]
      },
      "properties": {
        "id": "denue/10249717",
        "name": "MHTOZ HOTEL",
        "type": "hotel",
        "generation": 38,
        "genLow": 32,
        "genHigh": 44,
        "rooms": 13,
        "covers": 0,
        "category": "",
        "gen_model": "v2_rooms",
        "source": "denue",
        "staff": "0 a 5 personas"
      }
    },
    {
      "type": "Feature",
      "geometry": {
        "type": "Point",
        "coordinates": [
          -87.379377,
          21.523474
        ]
      },
      "properties": {
        "id": "denue/11086732",
        "name": "MITICA HAMBURGUESA",
        "type": "restaurante",
        "generation": 86,
        "genLow": 60,
        "genHigh": 108,
        "rooms": 0,
        "covers": 120,
        "category": "",
        "gen_model": "v2_covers",
        "source": "denue",
        "staff": "6 a 10 personas"
      }
    },
    {
      "type": "Feature",
      "geometry": {
        "type": "Point",
        "coordinates": [
          -87.380019,
          21.52421
        ]
      },
      "properties": {
        "id": "denue/10998850",
        "name": "MITTOZ HOTEL",
        "type": "hotel",
        "generation": 38,
        "genLow": 32,
        "genHigh": 44,
        "rooms": 13,
        "covers": 0,
        "category": "",
        "gen_model": "v2_rooms",
        "source": "denue",
        "staff": "0 a 5 personas"
      }
    },
    {
      "type": "Feature",
      "geometry": {
        "type": "Point",
        "coordinates": [
          -87.379526,
          21.523594
        ]
      },
      "properties": {
        "id": "denue/11649487",
        "name": "MONONO RESTAURANTE Y BAR",
        "type": "restaurante",
        "generation": 26,
        "genLow": 18,
        "genHigh": 32,
        "rooms": 0,
        "covers": 36,
        "category": "",
        "gen_model": "v2_covers",
        "source": "denue",
        "staff": "0 a 5 personas"
      }
    },
    {
      "type": "Feature",
      "geometry": {
        "type": "Point",
        "coordinates": [
          -87.383515,
          21.520695
        ]
      },
      "properties": {
        "id": "denue/9269130",
        "name": "MYSTIQUE BLUE SUITES",
        "type": "hotel",
        "generation": 111,
        "genLow": 95,
        "genHigh": 128,
        "rooms": 38,
        "covers": 0,
        "category": "",
        "gen_model": "v2_rooms",
        "source": "denue",
        "staff": "51 a 100 personas"
      }
    },
    {
      "type": "Feature",
      "geometry": {
        "type": "Point",
        "coordinates": [
          -87.378451,
          21.524793
        ]
      },
      "properties": {
        "id": "denue/9649016",
        "name": "NEVERIA LA HOLBOXONA",
        "type": "restaurante",
        "generation": 13,
        "genLow": 9,
        "genHigh": 16,
        "rooms": 0,
        "covers": 18,
        "category": "",
        "gen_model": "v2_covers",
        "source": "denue",
        "staff": "0 a 5 personas"
      }
    },
    {
      "type": "Feature",
      "geometry": {
        "type": "Point",
        "coordinates": [
          -87.373854,
          21.526076
        ]
      },
      "properties": {
        "id": "denue/9032208",
        "name": "PARADISE PAMLS HOTEL",
        "type": "hotel",
        "generation": 9,
        "genLow": 7,
        "genHigh": 10,
        "rooms": 3,
        "covers": 0,
        "category": "",
        "gen_model": "v2_rooms",
        "source": "denue",
        "staff": "6 a 10 personas"
      }
    },
    {
      "type": "Feature",
      "geometry": {
        "type": "Point",
        "coordinates": [
          -87.377078,
          21.526147
        ]
      },
      "properties": {
        "id": "denue/11408808",
        "name": "PAYA ÑAÑA RESTAURANTE",
        "type": "restaurante",
        "generation": 173,
        "genLow": 120,
        "genHigh": 216,
        "rooms": 0,
        "covers": 240,
        "category": "",
        "gen_model": "v2_covers",
        "source": "denue",
        "staff": "11 a 30 personas"
      }
    },
    {
      "type": "Feature",
      "geometry": {
        "type": "Point",
        "coordinates": [
          -87.381892,
          21.520754
        ]
      },
      "properties": {
        "id": "denue/9886523",
        "name": "PESCADERIA LA BENDICION DE DIOS",
        "type": "restaurante",
        "generation": 28,
        "genLow": 20,
        "genHigh": 35,
        "rooms": 0,
        "covers": 39,
        "category": "",
        "gen_model": "v2_covers",
        "source": "denue",
        "staff": "0 a 5 personas"
      }
    },
    {
      "type": "Feature",
      "geometry": {
        "type": "Point",
        "coordinates": [
          -87.378292,
          21.522588
        ]
      },
      "properties": {
        "id": "denue/9616159",
        "name": "PINSHIS TACOS",
        "type": "restaurante",
        "generation": 26,
        "genLow": 18,
        "genHigh": 32,
        "rooms": 0,
        "covers": 36,
        "category": "",
        "gen_model": "v2_covers",
        "source": "denue",
        "staff": "0 a 5 personas"
      }
    },
    {
      "type": "Feature",
      "geometry": {
        "type": "Point",
        "coordinates": [
          -87.379387,
          21.523862
        ]
      },
      "properties": {
        "id": "denue/11155947",
        "name": "PIZZA Y CORRE",
        "type": "restaurante",
        "generation": 32,
        "genLow": 22,
        "genHigh": 40,
        "rooms": 0,
        "covers": 45,
        "category": "",
        "gen_model": "v2_covers",
        "source": "denue",
        "staff": "0 a 5 personas"
      }
    },
    {
      "type": "Feature",
      "geometry": {
        "type": "Point",
        "coordinates": [
          -87.380457,
          21.523892
        ]
      },
      "properties": {
        "id": "denue/10136055",
        "name": "PIZZERIA EL PASO",
        "type": "restaurante",
        "generation": 32,
        "genLow": 22,
        "genHigh": 40,
        "rooms": 0,
        "covers": 45,
        "category": "",
        "gen_model": "v2_covers",
        "source": "denue",
        "staff": "0 a 5 personas"
      }
    },
    {
      "type": "Feature",
      "geometry": {
        "type": "Point",
        "coordinates": [
          -87.378037,
          21.524079
        ]
      },
      "properties": {
        "id": "denue/8132258",
        "name": "PIZZERIA ROOTS",
        "type": "restaurante",
        "generation": 216,
        "genLow": 150,
        "genHigh": 270,
        "rooms": 0,
        "covers": 300,
        "category": "",
        "gen_model": "v2_covers",
        "source": "denue",
        "staff": "11 a 30 personas"
      }
    },
    {
      "type": "Feature",
      "geometry": {
        "type": "Point",
        "coordinates": [
          -87.376985,
          21.521357
        ]
      },
      "properties": {
        "id": "denue/10504881",
        "name": "POLLERIA ASADERO ALEX",
        "type": "restaurante",
        "generation": 32,
        "genLow": 22,
        "genHigh": 40,
        "rooms": 0,
        "covers": 45,
        "category": "",
        "gen_model": "v2_covers",
        "source": "denue",
        "staff": "0 a 5 personas"
      }
    },
    {
      "type": "Feature",
      "geometry": {
        "type": "Point",
        "coordinates": [
          -87.377146,
          21.522781
        ]
      },
      "properties": {
        "id": "denue/10182949",
        "name": "POLLO LA PALAPA",
        "type": "restaurante",
        "generation": 32,
        "genLow": 22,
        "genHigh": 40,
        "rooms": 0,
        "covers": 45,
        "category": "",
        "gen_model": "v2_covers",
        "source": "denue",
        "staff": "0 a 5 personas"
      }
    },
    {
      "type": "Feature",
      "geometry": {
        "type": "Point",
        "coordinates": [
          -87.378168,
          21.521657
        ]
      },
      "properties": {
        "id": "denue/8132248",
        "name": "POLLOS ASADOS ALEX",
        "type": "restaurante",
        "generation": 32,
        "genLow": 22,
        "genHigh": 40,
        "rooms": 0,
        "covers": 45,
        "category": "",
        "gen_model": "v2_covers",
        "source": "denue",
        "staff": "0 a 5 personas"
      }
    },
    {
      "type": "Feature",
      "geometry": {
        "type": "Point",
        "coordinates": [
          -87.381837,
          21.520831
        ]
      },
      "properties": {
        "id": "denue/8726451",
        "name": "POLLOS Y COSTILLAS LUCIA",
        "type": "restaurante",
        "generation": 32,
        "genLow": 22,
        "genHigh": 40,
        "rooms": 0,
        "covers": 45,
        "category": "",
        "gen_model": "v2_covers",
        "source": "denue",
        "staff": "0 a 5 personas"
      }
    },
    {
      "type": "Feature",
      "geometry": {
        "type": "Point",
        "coordinates": [
          -87.37859,
          21.523991
        ]
      },
      "properties": {
        "id": "denue/8132482",
        "name": "POSADA AMAPOLA",
        "type": "hotel",
        "generation": 12,
        "genLow": 10,
        "genHigh": 13,
        "rooms": 4,
        "covers": 0,
        "category": "",
        "gen_model": "v2_rooms",
        "source": "denue",
        "staff": "0 a 5 personas"
      }
    },
    {
      "type": "Feature",
      "geometry": {
        "type": "Point",
        "coordinates": [
          -87.380341,
          21.521606
        ]
      },
      "properties": {
        "id": "denue/10851190",
        "name": "POSADA ANHELING",
        "type": "hotel",
        "generation": 9,
        "genLow": 7,
        "genHigh": 10,
        "rooms": 3,
        "covers": 0,
        "category": "",
        "gen_model": "v2_rooms",
        "source": "denue",
        "staff": "0 a 5 personas"
      }
    },
    {
      "type": "Feature",
      "geometry": {
        "type": "Point",
        "coordinates": [
          -87.378543,
          21.523954
        ]
      },
      "properties": {
        "id": "denue/8132480",
        "name": "POSADA CLARITA",
        "type": "hotel",
        "generation": 15,
        "genLow": 12,
        "genHigh": 17,
        "rooms": 5,
        "covers": 0,
        "category": "",
        "gen_model": "v2_rooms",
        "source": "denue",
        "staff": "0 a 5 personas"
      }
    },
    {
      "type": "Feature",
      "geometry": {
        "type": "Point",
        "coordinates": [
          -87.377188,
          21.522701
        ]
      },
      "properties": {
        "id": "denue/9559253",
        "name": "POSADA DON PANCHON Y MARUXA",
        "type": "hotel",
        "generation": 15,
        "genLow": 12,
        "genHigh": 17,
        "rooms": 5,
        "covers": 0,
        "category": "",
        "gen_model": "v2_rooms",
        "source": "denue",
        "staff": "0 a 5 personas"
      }
    },
    {
      "type": "Feature",
      "geometry": {
        "type": "Point",
        "coordinates": [
          -87.376291,
          21.523811
        ]
      },
      "properties": {
        "id": "denue/7878469",
        "name": "POSADA HOWDUMAR",
        "type": "hotel",
        "generation": 41,
        "genLow": 35,
        "genHigh": 47,
        "rooms": 14,
        "covers": 0,
        "category": "",
        "gen_model": "v2_rooms",
        "source": "denue",
        "staff": "0 a 5 personas"
      }
    },
    {
      "type": "Feature",
      "geometry": {
        "type": "Point",
        "coordinates": [
          -87.379421,
          21.523515
        ]
      },
      "properties": {
        "id": "denue/8132415",
        "name": "POSADA LA RAZA",
        "type": "hotel",
        "generation": 9,
        "genLow": 7,
        "genHigh": 10,
        "rooms": 3,
        "covers": 0,
        "category": "",
        "gen_model": "v2_rooms",
        "source": "denue",
        "staff": "0 a 5 personas"
      }
    },
    {
      "type": "Feature",
      "geometry": {
        "type": "Point",
        "coordinates": [
          -87.37735,
          21.52267
        ]
      },
      "properties": {
        "id": "denue/8132354",
        "name": "POSADA LAURY",
        "type": "hotel",
        "generation": 12,
        "genLow": 10,
        "genHigh": 13,
        "rooms": 4,
        "covers": 0,
        "category": "",
        "gen_model": "v2_rooms",
        "source": "denue",
        "staff": "0 a 5 personas"
      }
    },
    {
      "type": "Feature",
      "geometry": {
        "type": "Point",
        "coordinates": [
          -87.376481,
          21.523501
        ]
      },
      "properties": {
        "id": "denue/8805712",
        "name": "POSADA LOS ABUELOS",
        "type": "hotel",
        "generation": 18,
        "genLow": 15,
        "genHigh": 20,
        "rooms": 6,
        "covers": 0,
        "category": "",
        "gen_model": "v2_rooms",
        "source": "denue",
        "staff": "0 a 5 personas"
      }
    },
    {
      "type": "Feature",
      "geometry": {
        "type": "Point",
        "coordinates": [
          -87.375752,
          21.522957
        ]
      },
      "properties": {
        "id": "denue/10771358",
        "name": "POSADA LOS CORALES",
        "type": "hotel",
        "generation": 12,
        "genLow": 10,
        "genHigh": 13,
        "rooms": 4,
        "covers": 0,
        "category": "",
        "gen_model": "v2_rooms",
        "source": "denue",
        "staff": "0 a 5 personas"
      }
    },
    {
      "type": "Feature",
      "geometry": {
        "type": "Point",
        "coordinates": [
          -87.379259,
          21.52137
        ]
      },
      "properties": {
        "id": "denue/8279948",
        "name": "POSADA ROCIO",
        "type": "hotel",
        "generation": 9,
        "genLow": 7,
        "genHigh": 10,
        "rooms": 3,
        "covers": 0,
        "category": "",
        "gen_model": "v2_rooms",
        "source": "denue",
        "staff": "0 a 5 personas"
      }
    },
    {
      "type": "Feature",
      "geometry": {
        "type": "Point",
        "coordinates": [
          -87.381386,
          21.523375
        ]
      },
      "properties": {
        "id": "denue/9968218",
        "name": "POSADA YALEKIN",
        "type": "hotel",
        "generation": 53,
        "genLow": 45,
        "genHigh": 61,
        "rooms": 18,
        "covers": 0,
        "category": "",
        "gen_model": "v2_rooms",
        "source": "denue",
        "staff": "0 a 5 personas"
      }
    },
    {
      "type": "Feature",
      "geometry": {
        "type": "Point",
        "coordinates": [
          -87.394882,
          21.510175
        ]
      },
      "properties": {
        "id": "denue/10365973",
        "name": "PUNTA COCO BEACH BAR",
        "type": "restaurante",
        "generation": 4,
        "genLow": 3,
        "genHigh": 5,
        "rooms": 0,
        "covers": 6,
        "category": "",
        "gen_model": "v2_covers",
        "source": "denue",
        "staff": "0 a 5 personas"
      }
    },
    {
      "type": "Feature",
      "geometry": {
        "type": "Point",
        "coordinates": [
          -87.372324,
          21.527488
        ]
      },
      "properties": {
        "id": "denue/9275329",
        "name": "RECIDENCIAL CIELITO HOMES",
        "type": "hotel",
        "generation": 59,
        "genLow": 50,
        "genHigh": 67,
        "rooms": 20,
        "covers": 0,
        "category": "",
        "gen_model": "v2_rooms",
        "source": "denue",
        "staff": "11 a 30 personas"
      }
    },
    {
      "type": "Feature",
      "geometry": {
        "type": "Point",
        "coordinates": [
          -87.378647,
          21.522402
        ]
      },
      "properties": {
        "id": "denue/9726657",
        "name": "REHILETE POSADA",
        "type": "hotel",
        "generation": 18,
        "genLow": 15,
        "genHigh": 20,
        "rooms": 6,
        "covers": 0,
        "category": "",
        "gen_model": "v2_rooms",
        "source": "denue",
        "staff": "0 a 5 personas"
      }
    },
    {
      "type": "Feature",
      "geometry": {
        "type": "Point",
        "coordinates": [
          -87.378771,
          21.523026
        ]
      },
      "properties": {
        "id": "denue/9015621",
        "name": "REST. APARADOR 33",
        "type": "restaurante",
        "generation": 26,
        "genLow": 18,
        "genHigh": 32,
        "rooms": 0,
        "covers": 36,
        "category": "",
        "gen_model": "v2_covers",
        "source": "denue",
        "staff": "0 a 5 personas"
      }
    },
    {
      "type": "Feature",
      "geometry": {
        "type": "Point",
        "coordinates": [
          -87.380229,
          21.524127
        ]
      },
      "properties": {
        "id": "denue/8894414",
        "name": "RESTAURANT BAR HOT CORNER",
        "type": "restaurante",
        "generation": 12,
        "genLow": 8,
        "genHigh": 14,
        "rooms": 0,
        "covers": 16,
        "category": "",
        "gen_model": "v2_covers",
        "source": "denue",
        "staff": "6 a 10 personas"
      }
    },
    {
      "type": "Feature",
      "geometry": {
        "type": "Point",
        "coordinates": [
          -87.37827,
          21.524895
        ]
      },
      "properties": {
        "id": "denue/7833532",
        "name": "RESTAURANT BARBA NEGRA",
        "type": "restaurante",
        "generation": 173,
        "genLow": 120,
        "genHigh": 216,
        "rooms": 0,
        "covers": 240,
        "category": "",
        "gen_model": "v2_covers",
        "source": "denue",
        "staff": "11 a 30 personas"
      }
    },
    {
      "type": "Feature",
      "geometry": {
        "type": "Point",
        "coordinates": [
          -87.38032,
          21.524402
        ]
      },
      "properties": {
        "id": "denue/7833469",
        "name": "RESTAURANT BUENAVISTA",
        "type": "restaurante",
        "generation": 69,
        "genLow": 48,
        "genHigh": 86,
        "rooms": 0,
        "covers": 96,
        "category": "",
        "gen_model": "v2_covers",
        "source": "denue",
        "staff": "6 a 10 personas"
      }
    },
    {
      "type": "Feature",
      "geometry": {
        "type": "Point",
        "coordinates": [
          -87.380918,
          21.523938
        ]
      },
      "properties": {
        "id": "denue/7878475",
        "name": "RESTAURANT TRADICIONAL LAS PANCHAS",
        "type": "restaurante",
        "generation": 69,
        "genLow": 48,
        "genHigh": 86,
        "rooms": 0,
        "covers": 96,
        "category": "",
        "gen_model": "v2_covers",
        "source": "denue",
        "staff": "6 a 10 personas"
      }
    },
    {
      "type": "Feature",
      "geometry": {
        "type": "Point",
        "coordinates": [
          -87.379326,
          21.521667
        ]
      },
      "properties": {
        "id": "denue/10511367",
        "name": "RESTAURANTE AFRICA",
        "type": "restaurante",
        "generation": 26,
        "genLow": 18,
        "genHigh": 32,
        "rooms": 0,
        "covers": 36,
        "category": "",
        "gen_model": "v2_covers",
        "source": "denue",
        "staff": "0 a 5 personas"
      }
    },
    {
      "type": "Feature",
      "geometry": {
        "type": "Point",
        "coordinates": [
          -87.377882,
          21.524232
        ]
      },
      "properties": {
        "id": "denue/10314936",
        "name": "RESTAURANTE ALTA GULA",
        "type": "restaurante",
        "generation": 26,
        "genLow": 18,
        "genHigh": 32,
        "rooms": 0,
        "covers": 36,
        "category": "",
        "gen_model": "v2_covers",
        "source": "denue",
        "staff": "0 a 5 personas"
      }
    },
    {
      "type": "Feature",
      "geometry": {
        "type": "Point",
        "coordinates": [
          -87.3784,
          21.522688
        ]
      },
      "properties": {
        "id": "denue/11220229",
        "name": "RESTAURANTE BAH BAH",
        "type": "restaurante",
        "generation": 26,
        "genLow": 18,
        "genHigh": 32,
        "rooms": 0,
        "covers": 36,
        "category": "",
        "gen_model": "v2_covers",
        "source": "denue",
        "staff": "0 a 5 personas"
      }
    },
    {
      "type": "Feature",
      "geometry": {
        "type": "Point",
        "coordinates": [
          -87.36857,
          21.531378
        ]
      },
      "properties": {
        "id": "denue/9293837",
        "name": "RESTAURANTE BAR LAS HAMACAS",
        "type": "restaurante",
        "generation": 26,
        "genLow": 18,
        "genHigh": 32,
        "rooms": 0,
        "covers": 36,
        "category": "",
        "gen_model": "v2_covers",
        "source": "denue",
        "staff": "0 a 5 personas"
      }
    },
    {
      "type": "Feature",
      "geometry": {
        "type": "Point",
        "coordinates": [
          -87.379543,
          21.523574
        ]
      },
      "properties": {
        "id": "denue/10234177",
        "name": "RESTAURANTE BAR LAZARO",
        "type": "restaurante",
        "generation": 26,
        "genLow": 18,
        "genHigh": 32,
        "rooms": 0,
        "covers": 36,
        "category": "",
        "gen_model": "v2_covers",
        "source": "denue",
        "staff": "0 a 5 personas"
      }
    },
    {
      "type": "Feature",
      "geometry": {
        "type": "Point",
        "coordinates": [
          -87.379533,
          21.525319
        ]
      },
      "properties": {
        "id": "denue/8279893",
        "name": "RESTAURANTE BAR SALMA",
        "type": "restaurante",
        "generation": 29,
        "genLow": 20,
        "genHigh": 36,
        "rooms": 0,
        "covers": 40,
        "category": "",
        "gen_model": "v2_covers",
        "source": "denue",
        "staff": "11 a 30 personas"
      }
    },
    {
      "type": "Feature",
      "geometry": {
        "type": "Point",
        "coordinates": [
          -87.375655,
          21.52439
        ]
      },
      "properties": {
        "id": "denue/9568858",
        "name": "RESTAURANTE BAR TARA TARA",
        "type": "restaurante",
        "generation": 69,
        "genLow": 48,
        "genHigh": 86,
        "rooms": 0,
        "covers": 96,
        "category": "",
        "gen_model": "v2_covers",
        "source": "denue",
        "staff": "6 a 10 personas"
      }
    },
    {
      "type": "Feature",
      "geometry": {
        "type": "Point",
        "coordinates": [
          -87.375268,
          21.524911
        ]
      },
      "properties": {
        "id": "denue/10769603",
        "name": "RESTAURANTE BILU",
        "type": "restaurante",
        "generation": 26,
        "genLow": 18,
        "genHigh": 32,
        "rooms": 0,
        "covers": 36,
        "category": "",
        "gen_model": "v2_covers",
        "source": "denue",
        "staff": "0 a 5 personas"
      }
    },
    {
      "type": "Feature",
      "geometry": {
        "type": "Point",
        "coordinates": [
          -87.379704,
          21.522778
        ]
      },
      "properties": {
        "id": "denue/11477231",
        "name": "RESTAURANTE BUG FISH",
        "type": "restaurante",
        "generation": 28,
        "genLow": 20,
        "genHigh": 35,
        "rooms": 0,
        "covers": 39,
        "category": "",
        "gen_model": "v2_covers",
        "source": "denue",
        "staff": "0 a 5 personas"
      }
    },
    {
      "type": "Feature",
      "geometry": {
        "type": "Point",
        "coordinates": [
          -87.374299,
          21.526499
        ]
      },
      "properties": {
        "id": "denue/11834173",
        "name": "RESTAURANTE BY XALOC",
        "type": "hotel",
        "generation": 120,
        "genLow": 120,
        "genHigh": 120,
        "rooms": 0,
        "covers": 0,
        "category": "",
        "gen_model": "v1_staff",
        "source": "denue",
        "staff": "11 a 30 personas"
      }
    },
    {
      "type": "Feature",
      "geometry": {
        "type": "Point",
        "coordinates": [
          -87.378891,
          21.523033
        ]
      },
      "properties": {
        "id": "denue/8132299",
        "name": "RESTAURANTE CASA ALEBRIJE",
        "type": "restaurante",
        "generation": 69,
        "genLow": 48,
        "genHigh": 86,
        "rooms": 0,
        "covers": 96,
        "category": "",
        "gen_model": "v2_covers",
        "source": "denue",
        "staff": "6 a 10 personas"
      }
    },
    {
      "type": "Feature",
      "geometry": {
        "type": "Point",
        "coordinates": [
          -87.380383,
          21.523968
        ]
      },
      "properties": {
        "id": "denue/7833471",
        "name": "RESTAURANTE CASA DE ASADORES MARTIN Y SANTOS",
        "type": "restaurante",
        "generation": 26,
        "genLow": 18,
        "genHigh": 32,
        "rooms": 0,
        "covers": 36,
        "category": "",
        "gen_model": "v2_covers",
        "source": "denue",
        "staff": "0 a 5 personas"
      }
    },
    {
      "type": "Feature",
      "geometry": {
        "type": "Point",
        "coordinates": [
          -87.378483,
          21.523907
        ]
      },
      "properties": {
        "id": "denue/10373696",
        "name": "RESTAURANTE CASA ROMA",
        "type": "restaurante",
        "generation": 69,
        "genLow": 48,
        "genHigh": 86,
        "rooms": 0,
        "covers": 96,
        "category": "",
        "gen_model": "v2_covers",
        "source": "denue",
        "staff": "6 a 10 personas"
      }
    },
    {
      "type": "Feature",
      "geometry": {
        "type": "Point",
        "coordinates": [
          -87.380476,
          21.520287
        ]
      },
      "properties": {
        "id": "denue/8805713",
        "name": "RESTAURANTE CRUSTACEO CASCARUDO",
        "type": "restaurante",
        "generation": 75,
        "genLow": 52,
        "genHigh": 94,
        "rooms": 0,
        "covers": 104,
        "category": "",
        "gen_model": "v2_covers",
        "source": "denue",
        "staff": "6 a 10 personas"
      }
    },
    {
      "type": "Feature",
      "geometry": {
        "type": "Point",
        "coordinates": [
          -87.380863,
          21.522912
        ]
      },
      "properties": {
        "id": "denue/9757367",
        "name": "RESTAURANTE EL FARO",
        "type": "restaurante",
        "generation": 28,
        "genLow": 20,
        "genHigh": 35,
        "rooms": 0,
        "covers": 39,
        "category": "",
        "gen_model": "v2_covers",
        "source": "denue",
        "staff": "0 a 5 personas"
      }
    },
    {
      "type": "Feature",
      "geometry": {
        "type": "Point",
        "coordinates": [
          -87.379136,
          21.522842
        ]
      },
      "properties": {
        "id": "denue/8132296",
        "name": "RESTAURANTE EL SAZON DE TONY",
        "type": "restaurante",
        "generation": 26,
        "genLow": 18,
        "genHigh": 32,
        "rooms": 0,
        "covers": 36,
        "category": "",
        "gen_model": "v2_covers",
        "source": "denue",
        "staff": "0 a 5 personas"
      }
    },
    {
      "type": "Feature",
      "geometry": {
        "type": "Point",
        "coordinates": [
          -87.382148,
          21.523497
        ]
      },
      "properties": {
        "id": "denue/11256881",
        "name": "RESTAURANTE ESCAPE HOLBOX BY PALAPA DE VICTOR",
        "type": "restaurante",
        "generation": 28,
        "genLow": 20,
        "genHigh": 35,
        "rooms": 0,
        "covers": 39,
        "category": "",
        "gen_model": "v2_covers",
        "source": "denue",
        "staff": "0 a 5 personas"
      }
    },
    {
      "type": "Feature",
      "geometry": {
        "type": "Point",
        "coordinates": [
          -87.374939,
          21.527071
        ]
      },
      "properties": {
        "id": "denue/11571702",
        "name": "RESTAURANTE IGUANA",
        "type": "restaurante",
        "generation": 26,
        "genLow": 18,
        "genHigh": 32,
        "rooms": 0,
        "covers": 36,
        "category": "",
        "gen_model": "v2_covers",
        "source": "denue",
        "staff": "0 a 5 personas"
      }
    },
    {
      "type": "Feature",
      "geometry": {
        "type": "Point",
        "coordinates": [
          -87.380234,
          21.523285
        ]
      },
      "properties": {
        "id": "denue/9514516",
        "name": "RESTAURANTE LA BARRACUDA",
        "type": "restaurante",
        "generation": 75,
        "genLow": 52,
        "genHigh": 94,
        "rooms": 0,
        "covers": 104,
        "category": "",
        "gen_model": "v2_covers",
        "source": "denue",
        "staff": "6 a 10 personas"
      }
    },
    {
      "type": "Feature",
      "geometry": {
        "type": "Point",
        "coordinates": [
          -87.388275,
          21.517422
        ]
      },
      "properties": {
        "id": "denue/10787662",
        "name": "RESTAURANTE LA CABANE",
        "type": "restaurante",
        "generation": 69,
        "genLow": 48,
        "genHigh": 86,
        "rooms": 0,
        "covers": 96,
        "category": "",
        "gen_model": "v2_covers",
        "source": "denue",
        "staff": "6 a 10 personas"
      }
    },
    {
      "type": "Feature",
      "geometry": {
        "type": "Point",
        "coordinates": [
          -87.378291,
          21.523802
        ]
      },
      "properties": {
        "id": "denue/10856969",
        "name": "RESTAURANTE LA CHOZITA DEL PURUX",
        "type": "restaurante",
        "generation": 39,
        "genLow": 27,
        "genHigh": 49,
        "rooms": 0,
        "covers": 54,
        "category": "",
        "gen_model": "v2_covers",
        "source": "denue",
        "staff": "0 a 5 personas"
      }
    },
    {
      "type": "Feature",
      "geometry": {
        "type": "Point",
        "coordinates": [
          -87.379605,
          21.523796
        ]
      },
      "properties": {
        "id": "denue/8279892",
        "name": "RESTAURANTE LA COMBI ETVOILA",
        "type": "restaurante",
        "generation": 173,
        "genLow": 120,
        "genHigh": 216,
        "rooms": 0,
        "covers": 240,
        "category": "",
        "gen_model": "v2_covers",
        "source": "denue",
        "staff": "11 a 30 personas"
      }
    },
    {
      "type": "Feature",
      "geometry": {
        "type": "Point",
        "coordinates": [
          -87.379084,
          21.523209
        ]
      },
      "properties": {
        "id": "denue/8857484",
        "name": "RESTAURANTE LA CUEVA DEL BUZO",
        "type": "restaurante",
        "generation": 28,
        "genLow": 20,
        "genHigh": 35,
        "rooms": 0,
        "covers": 39,
        "category": "",
        "gen_model": "v2_covers",
        "source": "denue",
        "staff": "0 a 5 personas"
      }
    },
    {
      "type": "Feature",
      "geometry": {
        "type": "Point",
        "coordinates": [
          -87.380285,
          21.524069
        ]
      },
      "properties": {
        "id": "denue/10208153",
        "name": "RESTAURANTE LA OLITA DE MAR",
        "type": "restaurante",
        "generation": 35,
        "genLow": 24,
        "genHigh": 43,
        "rooms": 0,
        "covers": 48,
        "category": "",
        "gen_model": "v2_covers",
        "source": "denue",
        "staff": "6 a 10 personas"
      }
    },
    {
      "type": "Feature",
      "geometry": {
        "type": "Point",
        "coordinates": [
          -87.380318,
          21.524035
        ]
      },
      "properties": {
        "id": "denue/9580968",
        "name": "RESTAURANTE LA PINSA",
        "type": "restaurante",
        "generation": 69,
        "genLow": 48,
        "genHigh": 86,
        "rooms": 0,
        "covers": 96,
        "category": "",
        "gen_model": "v2_covers",
        "source": "denue",
        "staff": "6 a 10 personas"
      }
    },
    {
      "type": "Feature",
      "geometry": {
        "type": "Point",
        "coordinates": [
          -87.378788,
          21.525106
        ]
      },
      "properties": {
        "id": "denue/8279894",
        "name": "RESTAURANTE LA TAPATIA",
        "type": "restaurante",
        "generation": 69,
        "genLow": 48,
        "genHigh": 86,
        "rooms": 0,
        "covers": 96,
        "category": "",
        "gen_model": "v2_covers",
        "source": "denue",
        "staff": "6 a 10 personas"
      }
    },
    {
      "type": "Feature",
      "geometry": {
        "type": "Point",
        "coordinates": [
          -87.37924,
          21.521761
        ]
      },
      "properties": {
        "id": "denue/9904164",
        "name": "RESTAURANTE LOS TACOS DE HUMO CANTINA HOLBOX",
        "type": "restaurante",
        "generation": 4,
        "genLow": 3,
        "genHigh": 5,
        "rooms": 0,
        "covers": 6,
        "category": "",
        "gen_model": "v2_covers",
        "source": "denue",
        "staff": "0 a 5 personas"
      }
    },
    {
      "type": "Feature",
      "geometry": {
        "type": "Point",
        "coordinates": [
          -87.380288,
          21.522824
        ]
      },
      "properties": {
        "id": "denue/10040948",
        "name": "RESTAURANTE MAIZTRO",
        "type": "restaurante",
        "generation": 69,
        "genLow": 48,
        "genHigh": 86,
        "rooms": 0,
        "covers": 96,
        "category": "",
        "gen_model": "v2_covers",
        "source": "denue",
        "staff": "6 a 10 personas"
      }
    },
    {
      "type": "Feature",
      "geometry": {
        "type": "Point",
        "coordinates": [
          -87.37794,
          21.525299
        ]
      },
      "properties": {
        "id": "denue/10926652",
        "name": "RESTAURANTE MANDARINA",
        "type": "restaurante",
        "generation": 346,
        "genLow": 240,
        "genHigh": 432,
        "rooms": 0,
        "covers": 480,
        "category": "",
        "gen_model": "v2_covers",
        "source": "denue",
        "staff": "31 a 50 personas"
      }
    },
    {
      "type": "Feature",
      "geometry": {
        "type": "Point",
        "coordinates": [
          -87.366199,
          21.532379
        ]
      },
      "properties": {
        "id": "denue/9389734",
        "name": "RESTAURANTE MANGLE",
        "type": "hotel",
        "generation": 240,
        "genLow": 240,
        "genHigh": 240,
        "rooms": 0,
        "covers": 0,
        "category": "",
        "gen_model": "v1_staff",
        "source": "denue",
        "staff": "31 a 50 personas"
      }
    },
    {
      "type": "Feature",
      "geometry": {
        "type": "Point",
        "coordinates": [
          -87.370792,
          21.5299
        ]
      },
      "properties": {
        "id": "denue/7878524",
        "name": "RESTAURANTE MANTARRAYA",
        "type": "restaurante",
        "generation": 75,
        "genLow": 52,
        "genHigh": 94,
        "rooms": 0,
        "covers": 104,
        "category": "",
        "gen_model": "v2_covers",
        "source": "denue",
        "staff": "6 a 10 personas"
      }
    },
    {
      "type": "Feature",
      "geometry": {
        "type": "Point",
        "coordinates": [
          -87.378457,
          21.519237
        ]
      },
      "properties": {
        "id": "denue/11352342",
        "name": "RESTAURANTE MARE MARE",
        "type": "restaurante",
        "generation": 26,
        "genLow": 18,
        "genHigh": 32,
        "rooms": 0,
        "covers": 36,
        "category": "",
        "gen_model": "v2_covers",
        "source": "denue",
        "staff": "0 a 5 personas"
      }
    },
    {
      "type": "Feature",
      "geometry": {
        "type": "Point",
        "coordinates": [
          -87.376735,
          21.523233
        ]
      },
      "properties": {
        "id": "denue/11784612",
        "name": "RESTAURANTE MILPA",
        "type": "restaurante",
        "generation": 69,
        "genLow": 48,
        "genHigh": 86,
        "rooms": 0,
        "covers": 96,
        "category": "",
        "gen_model": "v2_covers",
        "source": "denue",
        "staff": "6 a 10 personas"
      }
    },
    {
      "type": "Feature",
      "geometry": {
        "type": "Point",
        "coordinates": [
          -87.381285,
          21.521672
        ]
      },
      "properties": {
        "id": "denue/11596095",
        "name": "RESTAURANTE MR HAPPY",
        "type": "restaurante",
        "generation": 13,
        "genLow": 9,
        "genHigh": 16,
        "rooms": 0,
        "covers": 18,
        "category": "",
        "gen_model": "v2_covers",
        "source": "denue",
        "staff": "0 a 5 personas"
      }
    },
    {
      "type": "Feature",
      "geometry": {
        "type": "Point",
        "coordinates": [
          -87.378707,
          21.524084
        ]
      },
      "properties": {
        "id": "denue/8132256",
        "name": "RESTAURANTE OLIVERS",
        "type": "restaurante",
        "generation": 26,
        "genLow": 18,
        "genHigh": 32,
        "rooms": 0,
        "covers": 36,
        "category": "",
        "gen_model": "v2_covers",
        "source": "denue",
        "staff": "0 a 5 personas"
      }
    },
    {
      "type": "Feature",
      "geometry": {
        "type": "Point",
        "coordinates": [
          -87.377798,
          21.524148
        ]
      },
      "properties": {
        "id": "denue/9545507",
        "name": "RESTAURANTE ONIGIRI",
        "type": "restaurante",
        "generation": 69,
        "genLow": 48,
        "genHigh": 86,
        "rooms": 0,
        "covers": 96,
        "category": "",
        "gen_model": "v2_covers",
        "source": "denue",
        "staff": "6 a 10 personas"
      }
    },
    {
      "type": "Feature",
      "geometry": {
        "type": "Point",
        "coordinates": [
          -87.366206,
          21.532374
        ]
      },
      "properties": {
        "id": "denue/9389733",
        "name": "RESTAURANTE PEDALES",
        "type": "hotel",
        "generation": 240,
        "genLow": 240,
        "genHigh": 240,
        "rooms": 0,
        "covers": 0,
        "category": "",
        "gen_model": "v1_staff",
        "source": "denue",
        "staff": "31 a 50 personas"
      }
    },
    {
      "type": "Feature",
      "geometry": {
        "type": "Point",
        "coordinates": [
          -87.375233,
          21.526119
        ]
      },
      "properties": {
        "id": "denue/11329347",
        "name": "RESTAURANTE PIEDRA SANTA",
        "type": "restaurante",
        "generation": 173,
        "genLow": 120,
        "genHigh": 216,
        "rooms": 0,
        "covers": 240,
        "category": "",
        "gen_model": "v2_covers",
        "source": "denue",
        "staff": "11 a 30 personas"
      }
    },
    {
      "type": "Feature",
      "geometry": {
        "type": "Point",
        "coordinates": [
          -87.390271,
          21.516587
        ]
      },
      "properties": {
        "id": "denue/9702753",
        "name": "RESTAURANTE PUERTA AZUL",
        "type": "restaurante",
        "generation": 173,
        "genLow": 120,
        "genHigh": 216,
        "rooms": 0,
        "covers": 240,
        "category": "",
        "gen_model": "v2_covers",
        "source": "denue",
        "staff": "11 a 30 personas"
      }
    },
    {
      "type": "Feature",
      "geometry": {
        "type": "Point",
        "coordinates": [
          -87.380418,
          21.5224
        ]
      },
      "properties": {
        "id": "denue/9765832",
        "name": "RESTAURANTE QUARTIERI",
        "type": "restaurante",
        "generation": 26,
        "genLow": 18,
        "genHigh": 32,
        "rooms": 0,
        "covers": 36,
        "category": "",
        "gen_model": "v2_covers",
        "source": "denue",
        "staff": "0 a 5 personas"
      }
    },
    {
      "type": "Feature",
      "geometry": {
        "type": "Point",
        "coordinates": [
          -87.384131,
          21.520012
        ]
      },
      "properties": {
        "id": "denue/10496941",
        "name": "RESTAURANTE SANTOS FUEGOS",
        "type": "restaurante",
        "generation": 173,
        "genLow": 120,
        "genHigh": 216,
        "rooms": 0,
        "covers": 240,
        "category": "",
        "gen_model": "v2_covers",
        "source": "denue",
        "staff": "11 a 30 personas"
      }
    },
    {
      "type": "Feature",
      "geometry": {
        "type": "Point",
        "coordinates": [
          -87.376341,
          21.526602
        ]
      },
      "properties": {
        "id": "denue/10495827",
        "name": "RESTAURANTE SER ESENCIA",
        "type": "restaurante",
        "generation": 173,
        "genLow": 120,
        "genHigh": 216,
        "rooms": 0,
        "covers": 240,
        "category": "",
        "gen_model": "v2_covers",
        "source": "denue",
        "staff": "11 a 30 personas"
      }
    },
    {
      "type": "Feature",
      "geometry": {
        "type": "Point",
        "coordinates": [
          -87.379345,
          21.522538
        ]
      },
      "properties": {
        "id": "denue/10200137",
        "name": "RESTAURANTE SIN NOMBRE",
        "type": "restaurante",
        "generation": 26,
        "genLow": 18,
        "genHigh": 32,
        "rooms": 0,
        "covers": 36,
        "category": "",
        "gen_model": "v2_covers",
        "source": "denue",
        "staff": "0 a 5 personas"
      }
    },
    {
      "type": "Feature",
      "geometry": {
        "type": "Point",
        "coordinates": [
          -87.374251,
          21.527982
        ]
      },
      "properties": {
        "id": "denue/11334065",
        "name": "RESTAURANTE TAMASHI SUSHI",
        "type": "restaurante",
        "generation": 69,
        "genLow": 48,
        "genHigh": 86,
        "rooms": 0,
        "covers": 96,
        "category": "",
        "gen_model": "v2_covers",
        "source": "denue",
        "staff": "6 a 10 personas"
      }
    },
    {
      "type": "Feature",
      "geometry": {
        "type": "Point",
        "coordinates": [
          -87.378911,
          21.52429
        ]
      },
      "properties": {
        "id": "denue/11296138",
        "name": "RESTAURANTE TEMOC TACOS Y MEZCAL",
        "type": "restaurante",
        "generation": 26,
        "genLow": 18,
        "genHigh": 32,
        "rooms": 0,
        "covers": 36,
        "category": "",
        "gen_model": "v2_covers",
        "source": "denue",
        "staff": "0 a 5 personas"
      }
    },
    {
      "type": "Feature",
      "geometry": {
        "type": "Point",
        "coordinates": [
          -87.379802,
          21.524954
        ]
      },
      "properties": {
        "id": "denue/11403081",
        "name": "RESTAURANTE TUCH",
        "type": "restaurante",
        "generation": 28,
        "genLow": 20,
        "genHigh": 35,
        "rooms": 0,
        "covers": 39,
        "category": "",
        "gen_model": "v2_covers",
        "source": "denue",
        "staff": "0 a 5 personas"
      }
    },
    {
      "type": "Feature",
      "geometry": {
        "type": "Point",
        "coordinates": [
          -87.379694,
          21.523514
        ]
      },
      "properties": {
        "id": "denue/7878474",
        "name": "RESTAURANTE VIVA ZAPATA",
        "type": "restaurante",
        "generation": 173,
        "genLow": 120,
        "genHigh": 216,
        "rooms": 0,
        "covers": 240,
        "category": "",
        "gen_model": "v2_covers",
        "source": "denue",
        "staff": "11 a 30 personas"
      }
    },
    {
      "type": "Feature",
      "geometry": {
        "type": "Point",
        "coordinates": [
          -87.378376,
          21.523823
        ]
      },
      "properties": {
        "id": "denue/8132479",
        "name": "RESTAURANTE Y PIZZERIA EDELIN",
        "type": "restaurante",
        "generation": 69,
        "genLow": 48,
        "genHigh": 86,
        "rooms": 0,
        "covers": 96,
        "category": "",
        "gen_model": "v2_covers",
        "source": "denue",
        "staff": "6 a 10 personas"
      }
    },
    {
      "type": "Feature",
      "geometry": {
        "type": "Point",
        "coordinates": [
          -87.377504,
          21.522388
        ]
      },
      "properties": {
        "id": "denue/9616278",
        "name": "RUTA 66",
        "type": "restaurante",
        "generation": 69,
        "genLow": 48,
        "genHigh": 86,
        "rooms": 0,
        "covers": 96,
        "category": "",
        "gen_model": "v2_covers",
        "source": "denue",
        "staff": "6 a 10 personas"
      }
    },
    {
      "type": "Feature",
      "geometry": {
        "type": "Point",
        "coordinates": [
          -87.377403,
          21.523861
        ]
      },
      "properties": {
        "id": "denue/9576416",
        "name": "SEVICHE LA CHINGADA",
        "type": "restaurante",
        "generation": 28,
        "genLow": 20,
        "genHigh": 35,
        "rooms": 0,
        "covers": 39,
        "category": "",
        "gen_model": "v2_covers",
        "source": "denue",
        "staff": "0 a 5 personas"
      }
    },
    {
      "type": "Feature",
      "geometry": {
        "type": "Point",
        "coordinates": [
          -87.383594,
          21.520534
        ]
      },
      "properties": {
        "id": "denue/7878518",
        "name": "SIRENAS CARIBEAN ROOM",
        "type": "hotel",
        "generation": 29,
        "genLow": 25,
        "genHigh": 34,
        "rooms": 10,
        "covers": 0,
        "category": "",
        "gen_model": "v2_rooms",
        "source": "denue",
        "staff": "0 a 5 personas"
      }
    },
    {
      "type": "Feature",
      "geometry": {
        "type": "Point",
        "coordinates": [
          -87.377163,
          21.524732
        ]
      },
      "properties": {
        "id": "denue/10148176",
        "name": "SLOW FOOD RESTAURANTE RAICES",
        "type": "restaurante",
        "generation": 26,
        "genLow": 18,
        "genHigh": 32,
        "rooms": 0,
        "covers": 36,
        "category": "",
        "gen_model": "v2_covers",
        "source": "denue",
        "staff": "0 a 5 personas"
      }
    },
    {
      "type": "Feature",
      "geometry": {
        "type": "Point",
        "coordinates": [
          -87.379952,
          21.524403
        ]
      },
      "properties": {
        "id": "denue/6796800",
        "name": "SPIRIT HOLBOX",
        "type": "hotel",
        "generation": 41,
        "genLow": 35,
        "genHigh": 47,
        "rooms": 14,
        "covers": 0,
        "category": "",
        "gen_model": "v2_rooms",
        "source": "denue",
        "staff": "11 a 30 personas"
      }
    },
    {
      "type": "Feature",
      "geometry": {
        "type": "Point",
        "coordinates": [
          -87.378401,
          21.521635
        ]
      },
      "properties": {
        "id": "denue/10535892",
        "name": "SPORT BAR VEINTIDOS",
        "type": "restaurante",
        "generation": 26,
        "genLow": 18,
        "genHigh": 32,
        "rooms": 0,
        "covers": 36,
        "category": "",
        "gen_model": "v2_covers",
        "source": "denue",
        "staff": "0 a 5 personas"
      }
    },
    {
      "type": "Feature",
      "geometry": {
        "type": "Point",
        "coordinates": [
          -87.379125,
          21.524148
        ]
      },
      "properties": {
        "id": "denue/10650290",
        "name": "SUBWAY",
        "type": "restaurante",
        "generation": 43,
        "genLow": 30,
        "genHigh": 54,
        "rooms": 0,
        "covers": 60,
        "category": "",
        "gen_model": "v2_covers",
        "source": "denue",
        "staff": "0 a 5 personas"
      }
    },
    {
      "type": "Feature",
      "geometry": {
        "type": "Point",
        "coordinates": [
          -87.377693,
          21.522292
        ]
      },
      "properties": {
        "id": "denue/9905193",
        "name": "SUITE PELECANO",
        "type": "hotel",
        "generation": 12,
        "genLow": 10,
        "genHigh": 13,
        "rooms": 4,
        "covers": 0,
        "category": "",
        "gen_model": "v2_rooms",
        "source": "denue",
        "staff": "0 a 5 personas"
      }
    },
    {
      "type": "Feature",
      "geometry": {
        "type": "Point",
        "coordinates": [
          -87.378641,
          21.522806
        ]
      },
      "properties": {
        "id": "denue/9304893",
        "name": "SUITS VILLAS EL JARDIN",
        "type": "hotel",
        "generation": 56,
        "genLow": 47,
        "genHigh": 64,
        "rooms": 19,
        "covers": 0,
        "category": "",
        "gen_model": "v2_rooms",
        "source": "denue",
        "staff": "11 a 30 personas"
      }
    },
    {
      "type": "Feature",
      "geometry": {
        "type": "Point",
        "coordinates": [
          -87.371807,
          21.528042
        ]
      },
      "properties": {
        "id": "denue/11699892",
        "name": "SUNSET RESTAURANTE Y BAR",
        "type": "restaurante",
        "generation": 26,
        "genLow": 18,
        "genHigh": 32,
        "rooms": 0,
        "covers": 36,
        "category": "",
        "gen_model": "v2_covers",
        "source": "denue",
        "staff": "0 a 5 personas"
      }
    },
    {
      "type": "Feature",
      "geometry": {
        "type": "Point",
        "coordinates": [
          -87.379642,
          21.523575
        ]
      },
      "properties": {
        "id": "denue/9970029",
        "name": "TACHALI CAFE",
        "type": "restaurante",
        "generation": 13,
        "genLow": 9,
        "genHigh": 16,
        "rooms": 0,
        "covers": 18,
        "category": "",
        "gen_model": "v2_covers",
        "source": "denue",
        "staff": "0 a 5 personas"
      }
    },
    {
      "type": "Feature",
      "geometry": {
        "type": "Point",
        "coordinates": [
          -87.375839,
          21.524186
        ]
      },
      "properties": {
        "id": "denue/10767685",
        "name": "TACOS DE GUISADO LOS TACOSTUMBRA",
        "type": "restaurante",
        "generation": 52,
        "genLow": 36,
        "genHigh": 65,
        "rooms": 0,
        "covers": 72,
        "category": "",
        "gen_model": "v2_covers",
        "source": "denue",
        "staff": "0 a 5 personas"
      }
    },
    {
      "type": "Feature",
      "geometry": {
        "type": "Point",
        "coordinates": [
          -87.377946,
          21.521901
        ]
      },
      "properties": {
        "id": "denue/9974726",
        "name": "TACOS Y TORTAS EL COMPA CHARLY",
        "type": "restaurante",
        "generation": 52,
        "genLow": 36,
        "genHigh": 65,
        "rooms": 0,
        "covers": 72,
        "category": "",
        "gen_model": "v2_covers",
        "source": "denue",
        "staff": "0 a 5 personas"
      }
    },
    {
      "type": "Feature",
      "geometry": {
        "type": "Point",
        "coordinates": [
          -87.378653,
          21.524532
        ]
      },
      "properties": {
        "id": "denue/11426549",
        "name": "TACOS Y TORTAS LAS 3 CRUCES",
        "type": "restaurante",
        "generation": 52,
        "genLow": 36,
        "genHigh": 65,
        "rooms": 0,
        "covers": 72,
        "category": "",
        "gen_model": "v2_covers",
        "source": "denue",
        "staff": "0 a 5 personas"
      }
    },
    {
      "type": "Feature",
      "geometry": {
        "type": "Point",
        "coordinates": [
          -87.381335,
          21.518284
        ]
      },
      "properties": {
        "id": "denue/11068254",
        "name": "TAMALES SIN NOMBRE",
        "type": "restaurante",
        "generation": 26,
        "genLow": 18,
        "genHigh": 32,
        "rooms": 0,
        "covers": 36,
        "category": "",
        "gen_model": "v2_covers",
        "source": "denue",
        "staff": "0 a 5 personas"
      }
    },
    {
      "type": "Feature",
      "geometry": {
        "type": "Point",
        "coordinates": [
          -87.376583,
          21.523393
        ]
      },
      "properties": {
        "id": "denue/9995566",
        "name": "TAQUERIA EL POBLANO",
        "type": "restaurante",
        "generation": 346,
        "genLow": 240,
        "genHigh": 432,
        "rooms": 0,
        "covers": 480,
        "category": "",
        "gen_model": "v2_covers",
        "source": "denue",
        "staff": "11 a 30 personas"
      }
    },
    {
      "type": "Feature",
      "geometry": {
        "type": "Point",
        "coordinates": [
          -87.381729,
          21.520984
        ]
      },
      "properties": {
        "id": "denue/8726448",
        "name": "TAQUERIA JULIO",
        "type": "restaurante",
        "generation": 52,
        "genLow": 36,
        "genHigh": 65,
        "rooms": 0,
        "covers": 72,
        "category": "",
        "gen_model": "v2_covers",
        "source": "denue",
        "staff": "0 a 5 personas"
      }
    },
    {
      "type": "Feature",
      "geometry": {
        "type": "Point",
        "coordinates": [
          -87.388178,
          21.51759
        ]
      },
      "properties": {
        "id": "denue/10128830",
        "name": "TAQUERIA LA CABANE",
        "type": "restaurante",
        "generation": 52,
        "genLow": 36,
        "genHigh": 65,
        "rooms": 0,
        "covers": 72,
        "category": "",
        "gen_model": "v2_covers",
        "source": "denue",
        "staff": "0 a 5 personas"
      }
    },
    {
      "type": "Feature",
      "geometry": {
        "type": "Point",
        "coordinates": [
          -87.379732,
          21.523355
        ]
      },
      "properties": {
        "id": "denue/11384657",
        "name": "TAQUERIA LA JAROCHITA",
        "type": "restaurante",
        "generation": 52,
        "genLow": 36,
        "genHigh": 65,
        "rooms": 0,
        "covers": 72,
        "category": "",
        "gen_model": "v2_covers",
        "source": "denue",
        "staff": "0 a 5 personas"
      }
    },
    {
      "type": "Feature",
      "geometry": {
        "type": "Point",
        "coordinates": [
          -87.379047,
          21.524354
        ]
      },
      "properties": {
        "id": "denue/11532308",
        "name": "TAQUERIA MATEO",
        "type": "restaurante",
        "generation": 138,
        "genLow": 96,
        "genHigh": 173,
        "rooms": 0,
        "covers": 192,
        "category": "",
        "gen_model": "v2_covers",
        "source": "denue",
        "staff": "6 a 10 personas"
      }
    },
    {
      "type": "Feature",
      "geometry": {
        "type": "Point",
        "coordinates": [
          -87.37869,
          21.525015
        ]
      },
      "properties": {
        "id": "denue/10301843",
        "name": "TAQUERIA TACOMOQUIERAS",
        "type": "restaurante",
        "generation": 52,
        "genLow": 36,
        "genHigh": 65,
        "rooms": 0,
        "covers": 72,
        "category": "",
        "gen_model": "v2_covers",
        "source": "denue",
        "staff": "0 a 5 personas"
      }
    },
    {
      "type": "Feature",
      "geometry": {
        "type": "Point",
        "coordinates": [
          -87.375623,
          21.524424
        ]
      },
      "properties": {
        "id": "denue/10134751",
        "name": "TARA TARA HOTEL",
        "type": "hotel",
        "generation": 26,
        "genLow": 22,
        "genHigh": 30,
        "rooms": 9,
        "covers": 0,
        "category": "",
        "gen_model": "v2_rooms",
        "source": "denue",
        "staff": "6 a 10 personas"
      }
    },
    {
      "type": "Feature",
      "geometry": {
        "type": "Point",
        "coordinates": [
          -87.378771,
          21.523026
        ]
      },
      "properties": {
        "id": "denue/10820281",
        "name": "TEQUILA O CLOCK BAR",
        "type": "restaurante",
        "generation": 4,
        "genLow": 3,
        "genHigh": 5,
        "rooms": 0,
        "covers": 6,
        "category": "",
        "gen_model": "v2_covers",
        "source": "denue",
        "staff": "0 a 5 personas"
      }
    },
    {
      "type": "Feature",
      "geometry": {
        "type": "Point",
        "coordinates": [
          -87.378539,
          21.524695
        ]
      },
      "properties": {
        "id": "denue/8939488",
        "name": "TIERRA MIA CAFE",
        "type": "restaurante",
        "generation": 13,
        "genLow": 9,
        "genHigh": 16,
        "rooms": 0,
        "covers": 18,
        "category": "",
        "gen_model": "v2_covers",
        "source": "denue",
        "staff": "0 a 5 personas"
      }
    },
    {
      "type": "Feature",
      "geometry": {
        "type": "Point",
        "coordinates": [
          -87.373084,
          21.528615
        ]
      },
      "properties": {
        "id": "denue/9389802",
        "name": "VILAS HM PARAISO DELMAR",
        "type": "hotel",
        "generation": 170,
        "genLow": 144,
        "genHigh": 195,
        "rooms": 58,
        "covers": 0,
        "category": "",
        "gen_model": "v2_rooms",
        "source": "denue",
        "staff": "51 a 100 personas"
      }
    },
    {
      "type": "Feature",
      "geometry": {
        "type": "Point",
        "coordinates": [
          -87.373251,
          21.527272
        ]
      },
      "properties": {
        "id": "denue/6803941",
        "name": "VILLAS HM PALAPAS DEL MAR",
        "type": "hotel",
        "generation": 152,
        "genLow": 129,
        "genHigh": 175,
        "rooms": 52,
        "covers": 0,
        "category": "",
        "gen_model": "v2_rooms",
        "source": "denue",
        "staff": "51 a 100 personas"
      }
    },
    {
      "type": "Feature",
      "geometry": {
        "type": "Point",
        "coordinates": [
          -87.386017,
          21.518055
        ]
      },
      "properties": {
        "id": "denue/9279327",
        "name": "WHY KNOT",
        "type": "hotel",
        "generation": 18,
        "genLow": 15,
        "genHigh": 20,
        "rooms": 6,
        "covers": 0,
        "category": "",
        "gen_model": "v2_rooms",
        "source": "denue",
        "staff": "0 a 5 personas"
      }
    }
  ]
}