id,clee,nom_estab,raz_social,codigo_act,nombre_act,per_ocu,tipo_vial,nom_vial,tipo_v_e_1,nom_v_e_1,tipo_v_e_2,nom_v_e_2,tipo_v_e_3,nom_v_e_3,numero_ext,letra_ext,edificio,edificio_e,numero_int,letra_int,tipo_asent,nomb_asent,tipoCenCom,nom_CenCom,num_local,cod_postal,cve_ent,entidad,cve_mun,municipio,cve_loc,localidad,ageb,manzana,telefono,correoelec,www,tipoUniEco,latitud,longitud,fecha_alta
6176700,23007114119000145102000000U2,SOC COOP DE PRODUCCION PESQUERA CABO CATOCHE,SOCIEDAD COOPERATIVA DE PRODUCCION PESQUERA CABO CATOCHE,114119,"Pesca y captura de peces, crustáceos, moluscos y otras especies",31 a 50 personas,CALLE,BENITO JUÁREZ,CALLE,Jeronimo de Aguilar,CALLE,Paseo Kuka,CALLE,Morelos,1,,,,,,COLONIA,HOLBOX,,,,77310,23,Quintana Roo,007,Lázaro Cárdenas,0012,Holbox,0233,004,,COOP_CABOCATOCHE@HOTMAIL.COM,,Fijo,21.52222058,-87.37801141,2010-07
6176705,23007114119000135102000000U3,SOC COOP DE PRODUCCION PESQUERA VANGUARDIA DEL MAR,SOC COOP DE PRODUCCION PESQUERA VANGUARDIA DEL MAR,114119,"Pesca y captura de peces, crustáceos, moluscos y otras especies",51 a 100 personas,CALLE,BENITO JUÁREZ,AVENIDA,Jeronimo de Aguilar,CALLE,Paseo Kuka,CALLE,Morelos,1,,,,,,COLONIA,HOLBOX,,,,77310,23,Quintana Roo,007,Lázaro Cárdenas,0012,Holbox,0233,004,,COOPERATIVA_VANGUARDIA@HOTMAIL.COM,,Fijo,21.52219926,-87.37798877,2010-07
9303777,23007221111000011000041184S3,CENTRAL COMBUSTION INTERNA,CFE GENERACION VI EPS,221111,Generación de electricidad a partir de combustibles fósiles,0 a 5 personas,AVENIDA,BENITO JUÁREZ,OTRO(ESPECIFIQUE),Océano Atlantico,OTRO(ESPECIFIQUE),Ninguno,OTRO(ESPECIFIQUE),Ninguno,,SN,EDIFICIO SIN NOMBRE,1,,,PUEBLO,CENTRO,,,,77310,23,Quintana Roo,007,Lázaro Cárdenas,0012,Holbox,0233,054,,,,Fijo,21.52032987,-87.37618649,2020-11
8367608,23007221312000011000041510S7,COMISION DE AGUA POTABLE Y ALCANTARILLADO,COMISION DE AGUA POTABLE Y ALCANTARRILLADO DEL ESTADO DE QUINTANA ROO,221312,"Captación, tratamiento y suministro de agua realizados por el sector público",0 a 5 personas,CALLE,HERNÁN CORTEZ,AVENIDA,NINGUNO,AVENIDA,BENITO JUÁREZ,CALLE,PALOMINO,,SN,,,,,LOCALIDAD,HOLBOX,,,,77310,23,Quintana Roo,007,Lázaro Cárdenas,0012,Holbox,0233,014,,CARLOS.GERENCIA.CAPA.L.C@GMAIL.COM,WWW.CAPA.COM,Fijo,21.52160665,-87.37710525,2019-11
11635935,23007314991000051000000000U2,ASI VOY ROPA,,314991,"Confección, bordado y deshilado de productos textiles",0 a 5 personas,AVENIDA,TIBURON BALLENA,CALLE,JERONIMO DE AGUILAR,CALLE,PORFIRIO DIAZ,CALLE,PORFIRIO DIAZ,,SN,,1,,,LOCALIDAD,HOLBOX,CENTRO Y PLAZA COMERCIAL,PLAZA ELPUEBLITO,SN,77310,23,Quintana Roo,007,Lázaro Cárdenas,0012,Holbox,0233,002,,ASIVOYVIKINIS@GMAIL.COM,,Fijo,21.52302558,-87.3787714,2024-11
10072951,23007311922000021000000000U3,COMPLETO CAFE,,311922,Elaboración de café tostado y molido,0 a 5 personas,CALLE,PASEO KUKA,CALLE,CARITO,AVENIDA,PALOMINO,CALLE,HERNAN CORTES,,SN,,,,,LOCALIDAD,HOLBOX,,,,77310,23,Quintana Roo,007,Lázaro Cárdenas,0012,Holbox,0233,013,,,,Fijo,21.52292302,-87.37701377,2024-11
8132197,23007311812000081000000000U0,LA CONCHITA PANADERIA,,311812,Panificación tradicional,0 a 5 personas,AVENIDA,PALOMINO,CALLE,PASEO KUKA,CALLE,HERNAN CORTEZ,AVENIDA,TIBURON BALLENA,,SN,,,,,LOCALIDAD,HOLBOX,,,,77310,23,Quintana Roo,007,Lázaro Cárdenas,0012,Holbox,0233,014,9841202083,,,Fijo,21.52266842,-87.37715413,2019-11
9586989,23007311520000031000000000U4,LA GELATERIA,,311520,Elaboración de helados y paletas,0 a 5 personas,AVENIDA,TIBURON BALLENA,CALLE,PEDRO JOAQUIN CODWELL,CALLE,VICENTE GUERRERO,AVENIDA,PALOMINO,,SN,,,,,LOCALIDAD,HOLBOX,,,,77310,23,Quintana Roo,007,Lázaro Cárdenas,0012,Holbox,0233,024,,,,Fijo,21.52399818,-87.37980736,2024-11
10047781,23007311812000181000000000U8,PANADERIA CRISTO REY,BARTOLOME CAMAL,311812,Panificación tradicional,0 a 5 personas,CALLE,PASEO KUKA,CALLE,VULKAY,CALLE,SIERRA,CALLE,PASEO KUKA,,SN,,,,,OTRO,HOLBOX,,,,77310,23,Quintana Roo,007,Lázaro Cárdenas,0012,Holbox,0233,046,,,,Fijo,21.52404354,-87.37597151,2024-11
10219306,23007311812000201000000000U4,PANADERIA ROSAURA,JORGE HERNANDEZ,311812,Panificación tradicional,0 a 5 personas,CALLE,DAMERO,AVENIDA,PALOMINO,CALLE,CARITO,CALLE,PORFIRIO DIAZ,,SN,,,,,LOCALIDAD,HOLBOX,,,,77310,23,Quintana Roo,007,Lázaro Cárdenas,0012,Holbox,0233,010,,,,Fijo,21.52460517,-87.37857516,2024-11
11067240,23007312112000061000000000U6,POTABILIZADORA DE AGUA,,312112,Purificación y embotellado de agua,0 a 5 personas,CALLE,JERONIMO DE AGUILAR,AVENIDA,BENITO JUAREZ,AVENIDA,PALOMINO,CALLE,PORFIRIO DIAZ,,SN,,,,,LOCALIDAD,HOLBOX,,,,77310,23,Quintana Roo,007,Lázaro Cárdenas,0012,Holbox,0233,002,,,,Fijo,21.52315741,-87.37793431,2024-11
10342454,23007311830000301000000000U4,TORTILLERIA EDIOLY,,311830,Elaboración de tortillas de maíz y molienda de nixtamal,0 a 5 personas,CALLE,PASEO KUKA,CALLE,VULKAY,CALLE,SIERRA,CALLE,HERNAN CORTES,,SN,,,,,OTRO,HOLBOX,,,,77310,23,Quintana Roo,007,Lázaro Cárdenas,0012,Holbox,0233,046,,,,Fijo,21.52412709,-87.37589377,2024-11
7833464,23007311830000241100000000U2,TORTILLERIA EL DUKE,,311830,Elaboración de tortillas de maíz y molienda de nixtamal,0 a 5 personas,CALLE,JERONIMO DE AGUILAR,AVENIDA,BENITO JUAREZ,AVENIDA,PALOMINO,CALLE,PASEO KUKA,,SN,,,,,LOCALIDAD,HOLBOX,,,,77310,23,Quintana Roo,007,Lázaro Cárdenas,0012,Holbox,0233,003,,,,Fijo,21.5228226,-87.37814729,2019-11
8132471,23007311813000032001000000U1,TORTILLERIA MARIA ESTHER,,311813,Elaboración de tortillas de harina de trigo de forma tradicional,0 a 5 personas,AVENIDA,TIBURON BALLENA,CALLE,JERONIMO DE AGUILAR,CALLE,PORFIRIO DIAZ,AVENIDA,PALOMINO,,SN,,,,,LOCALIDAD,HOLBOX,,,,77310,23,Quintana Roo,007,Lázaro Cárdenas,0012,Holbox,0233,002,9841576161,,,Fijo,21.5227916,-87.37851382,2019-11
9682247,23007311813000042000000000U0,TORTILLERIA MC,BRISEIDA CANTO,311813,Elaboración de tortillas de harina de trigo de forma tradicional,6 a 10 personas,CALLE,PARGO,CALLE,PORFIRIO DIAZ,CALLE,PEDRO JOAQUIN CODWELL,CALLE,TINTORERA,,SN,,,,,OTRO,HOLBOX,,,,77310,23,Quintana Roo,007,Lázaro Cárdenas,0012,Holbox,0233,048,,,,Fijo,21.5203705,-87.38152906,2024-11
11337691,23007321910000161000000000U0,CARPINTERIA BOUTIQUE LA BLANQUITA,,321910,Fabricación de productos de madera para la construcción,0 a 5 personas,CALLE,CANANE,CALLE,HERNAN CORTEZ,CALLE,PASEO KUKA,CALLE,LISA,,SN,,,,,OTRO,HOLBOX,,,,77310,23,Quintana Roo,007,Lázaro Cárdenas,0012,Holbox,0233,017,,,,Fijo,21.52089417,-87.37871234,2024-11
9889844,23007332320000141000000000U1,ALUMINIOS SIN NOMBRE,ALBERTO RUEDA,332320,Fabricación de productos de herrería,0 a 5 personas,CALLE,GERONIMO DE AGUILAR,CALLE,LISA,CALLE,CANANE,CALLE,GERONIMO DE AGUILAR,,SN,,,,,OTRO,HOLBOX,,,,77310,23,Quintana Roo,007,Lázaro Cárdenas,0012,Holbox,0233,018,,,,Semifijo,21.52129047,-87.37956526,2024-11
7833529,23007337120000051000000000U1,CARPINTERIA VALENTINA,,337120,"Fabricación de muebles, excepto cocinas integrales, muebles modulares de baño y muebles de oficina y estantería",0 a 5 personas,AVENIDA,PALOMINO,CALLE,OCEANO ATLANTICO,CALLE,HERNAN CORTEZ,AVENIDA,BENITO JUAREZ,,SN,,,,,LOCALIDAD,HOLBOX,,,,77310,23,Quintana Roo,007,Lázaro Cárdenas,0012,Holbox,0233,032,9841069444,DIEGGOSMAY@GMAIL.COM,,Fijo,21.52175313,-87.37616216,2019-11
7878473,23007435110000011000000000U7,ARTES DE PESCA EL DELFIN,,435110,"Comercio al por mayor de maquinaria y equipo agropecuario, forestal y para la pesca",0 a 5 personas,AVENIDA,TIBURON BALLENA,CALLE,VICENTE GUERRERO,CALLE,PEDRO JOAQUIN CODWELL,CALLE,ESMEDREGAL,,SN,,,,,LOCALIDAD,HOLBOX,,,,77310,23,Quintana Roo,007,Lázaro Cárdenas,0012,Holbox,0233,023,9841782306,,,Fijo,21.52409829,-87.3800124,2019-11
9740837,23007434211000071000000000U8,BODEGA MATERIALES HOLBOX,RENE CORREA,434211,"Comercio al por mayor de cemento, tabique y grava",0 a 5 personas,CALLE,ESMEDREGAL,CALLE,NINGUNO,CALLE,OCEANO ATLANTICO,CALLE,ESMEDREGAL,,SN,,,,,OTRO,HOLBOX,,,,77310,23,Quintana Roo,007,Lázaro Cárdenas,0012,Holbox,0233,054,,,,Fijo,21.51997087,-87.37672846,2024-11
8705857,23007434311000021000000000U1,COMERCIO AL POR MAYOR DE DESECHOS METALICOS,,434311,Comercio al por mayor de desechos metálicos,0 a 5 personas,CALLE,HERNAN CORTES,CALLE,CARITO,AVENIDA,PALOMINO,CALLE,PASEO KUKA,,SN,,,,,LOCALIDAD,HOLBOX,,,,77310,23,Quintana Roo,007,Lázaro Cárdenas,0012,Holbox,0233,013,,,,Fijo,21.52250157,-87.37623133,2019-11
10352651,23007467116000021000000000U4,MATERIALES PARA CONSTRUCCION,,434211,"Comercio al por mayor de cemento, tabique y grava",0 a 5 personas,AVENIDA,PALOMINO,CALLE,NINGUNO,CALLE,HERNAN CORTEZ,AVENIDA,PALOMINO,,SN,,,,,OTRO,HOLBOX,,,,77310,23,Quintana Roo,007,Lázaro Cárdenas,0012,Holbox,0233,031,,,,Fijo,21.52089626,-87.37505925,2024-11
11099747,23007467116000032000000000U1,TIENDA DE MATERIALES PARA LA CONSTRUCCION LA CALETA HOLBOX,MATERIALES LA CALETA HOLBOX,434211,"Comercio al por mayor de cemento, tabique y grava",6 a 10 personas,CALLE,NINGUNO,CALLE,MORELOS,CALLE,LISA,CALLE,ESMEDREGAL,,SN,,,,,OTRO,HOLBOX,,,,77310,23,Quintana Roo,007,Lázaro Cárdenas,0012,Holbox,0233,136,,LACALETA_HOLBOX@OCLOK.COM,,Fijo,21.51900107,-87.37665139,2024-11
9446098,23007462112000292001013173S5,3110 ABARROTES DUNOSUSA QR HOLBOX,PROVEEDORA DEL PANADERO,462112,Comercio al por menor en minisupers,11 a 30 personas,CALLE,PASEO KUKA,CALLE,MORELOS,AVENIDA,BENITO JUÁREZ,CALLE,HERNÁN CORTEZ,,SN,,,,,LOCALIDAD,HOLBOX,,,,77310,23,Quintana Roo,007,Lázaro Cárdenas,0012,Holbox,0233,015,,,WWW.DUNOSUSA.COM.MX,Fijo,21.52199118,-87.37786394,2023-11
6884564,23007464111000101000010364S8,703647 FARMACIAS SIMILARES HOLBOX,SIMICUN,464111,Farmacias sin minisúper,0 a 5 personas,CALLE,PORFIRIO DÍAZ,CALLE,JUSTO SIERRA,CALLE,CARITO,CALLE,PEDRO JOAQUÍN CODWELL,,SN,,,0,SN,PUEBLO,ISLA DE HOLBOX,,,,77310,23,Quintana Roo,007,Lázaro Cárdenas,0012,Holbox,0233,027,,DANIEL.GOMEZ@SIMICUN.COM,WWW.FARMACIASDESIMILARES.COM,Fijo,21.524366,-87.37783457,2019-04
7878570,23007461110001061000000000U8,ABARROTES GENESARET,,461110,"Comercio al por menor en tiendas de abarrotes, ultramarinos y misceláneas",0 a 5 personas,CALLE,PARGO,CALLE,PORFIRIO DIAZ,CALLE,JERONIMO DE AGUILAR,CALLE,PARGO,,SN,,,,,OTRO,HOLBOX,,,,77310,23,Quintana Roo,007,Lázaro Cárdenas,0012,Holbox,0233,071,,,,Fijo,21.52014785,-87.38136617,2019-11
10453954,23007461110001381000000000U0,ABARROTES MILAGROS,,461110,"Comercio al por menor en tiendas de abarrotes, ultramarinos y misceláneas",0 a 5 personas,CALLE,NINGUNO,CALLE,CANANE,CALLE,MORELOS,CALLE,CANANE,,SN,,,,,OTRO,HOLBOX,,,,77310,23,Quintana Roo,007,Lázaro Cárdenas,0012,Holbox,0233,074,,,,Fijo,21.51970062,-87.37680079,2024-11
10908823,23007463215000061000000000U4,ACCESORIOS SIN NOMBRE,,463215,Comercio al por menor de bisutería y accesorios de vestir,0 a 5 personas,AVENIDA,PALOMINO,OTRO(ESPECIFIQUE),MAR,CALLE,PEDRO JOAQUIN CODWELL,CALLE,CARITO,,SN,,,,,LOCALIDAD,HOLBOX,,,,77310,23,Quintana Roo,007,Lázaro Cárdenas,0012,Holbox,0233,025,,,,Fijo,21.5243008,-87.37898669,2024-11
7833463,23007465915000101010000000U1,AGATA ROPA,,463211,"Comercio al por menor de ropa, excepto de bebé y lencería",0 a 5 personas,AVENIDA,TIBURON BALLENA,CALLE,PEDRO JOAQUIN CODWELL,CALLE,VICENTE GUERRERO,AVENIDA,PALOMINO,,SN,,,,,LOCALIDAD,HOLBOX,,,,77310,23,Quintana Roo,007,Lázaro Cárdenas,0012,Holbox,0233,024,,,,Fijo,21.52386659,-87.37967587,2019-11
10319143,23007463211000481000000000U3,AGUA DE MAR,,463211,"Comercio al por menor de ropa, excepto de bebé y lencería",0 a 5 personas,AVENIDA,BENITO JUAREZ,CALLE,JERONIMO DE AGUILAR,CALLE,PASEO KUKA,CALLE,ESMEDREGAL,1,,,,,,LOCALIDAD,HOLBOX,,,,77310,23,Quintana Roo,007,Lázaro Cárdenas,0012,Holbox,0233,004,,,,Fijo,21.52252812,-87.37833793,2024-11
9766298,23007461213000131000000000U2,AGUA PURIFICADA SIN NOMBRE,,461213,Comercio al por menor de bebidas no alcohólicas y hielo,0 a 5 personas,CALLE,NINGUNO,CALLE,NINGUNO,CALLE,SIERRA,CALLE,NINGUNO,,SN,,,,,OTRO,HOLBOX,,,,77310,23,Quintana Roo,007,Lázaro Cárdenas,0012,Holbox,0233,124,,,,Fijo,21.52149081,-87.3742806,2024-11
8132300,23007465915000061001000000U7,ARTESANIA MAYAD,INOVACION PARA MEXICO PARA EL MUNDO,465915,Comercio al por menor en tiendas de artesanías,6 a 10 personas,AVENIDA,TIBURON BALLENA,CALLE,JERONIMO DE AGUILAR,CALLE,PORFIRIO DIAZ,CALLE,ESMEDREGAL,,SN,,,,,LOCALIDAD,HOLBOX,,,,77310,23,Quintana Roo,007,Lázaro Cárdenas,0012,Holbox,0233,001,,,,Fijo,21.52294318,-87.37879209,2019-11
7833470,23007463214000011010000000U2,ARTESANIAS MADRE SAGRADA,,465915,Comercio al por menor en tiendas de artesanías,0 a 5 personas,CALLE,ESMEDREGAL,CALLE,VICENTE GUERRERO,OTRO(ESPECIFIQUE),MAR,AVENIDA,PEDRO JOAQUIN COLDWELL,,SN,,,,,OTRO,HOLBOX,,,,77310,23,Quintana Roo,007,Lázaro Cárdenas,0012,Holbox,0233,042,,,,Fijo,21.52378634,-87.3806502,2019-11
8132250,23007465915000041100000000U9,ARTESANIAS SILVIAS,,465915,Comercio al por menor en tiendas de artesanías,0 a 5 personas,AVENIDA,PEDRO JOAQUIN COLDWELL,CALLE,MORELOS,AVENIDA,BENITO JUAREZ,CALLE,DAMERO,,SN,,,,,LOCALIDAD,HOLBOX,,,,77310,23,Quintana Roo,007,Lázaro Cárdenas,0012,Holbox,0233,023,,,,Fijo,21.52376707,-87.3804733,2019-11
9762819,23007463211000491000000000U2,BAZAR DE ROPA MODA CARIBE,YARA,463211,"Comercio al por menor de ropa, excepto de bebé y lencería",0 a 5 personas,CALLE,PORFIRIO DIAZ,CALLE,MORELOS,CALLE,CANANE,CALLE,PORFIRIO DIAZ,,SN,,,,,OTRO,HOLBOX,,,,77310,23,Quintana Roo,007,Lázaro Cárdenas,0012,Holbox,0233,006,,,,Fijo,21.52216031,-87.37974518,2024-11
11701280,23007463211000501000000000U8,BAZAR DE ROPA SIN NOMBRE,,463211,"Comercio al por menor de ropa, excepto de bebé y lencería",0 a 5 personas,CALLE,GERONIMO DE AGUILAR,CALLE,CANANE,CALLE,MORELOS,CALLE,GERONIMO DE AGUILAR,,SN,,,,,OTRO,HOLBOX,,,,77310,23,Quintana Roo,007,Lázaro Cárdenas,0012,Holbox,0233,005,,,,Fijo,21.52177389,-87.37912643,2024-11
10212447,23007461213000142000000000U9,BODEGA DE COCA COLA,COCA COLA,461213,Comercio al por menor de bebidas no alcohólicas y hielo,6 a 10 personas,CALLE,ESMEDREGAL,CALLE,HERNAN CORTEZ,CALLE,OCEANO ATLANTICO,CALLE,ESMEDREGAL,,SN,,,,,OTRO,HOLBOX,,,,77310,23,Quintana Roo,007,Lázaro Cárdenas,0012,Holbox,0233,033,,,,Fijo,21.52067088,-87.3773541,2024-11
11574682,23007461213000121000000000U3,BODEGA DE PEPSI,,461213,Comercio al por menor de bebidas no alcohólicas y hielo,0 a 5 personas,CALLE,PASEO KUKA,AVENIDA,BENITO JUAREZ,CALLE,MORELOS,CALLE,HERNAN CORTEZ,,SN,,,,,OTRO,HOLBOX,,,,77310,23,Quintana Roo,007,Lázaro Cárdenas,0012,Holbox,0233,015,,,,Fijo,21.52156299,-87.37825318,2024-11
8132259,23007463211000201000000000U5,BOUTIQUE,,463211,"Comercio al por menor de ropa, excepto de bebé y lencería",0 a 5 personas,CALLE,JERONIMO DE AGUILAR,CALLE,CARITO,AVENIDA,PALOMINO,CALLE,PORFIRIO DIAZ,,SN,,,,,LOCALIDAD,HOLBOX,,,,77310,23,Quintana Roo,007,Lázaro Cárdenas,0012,Holbox,0233,011,,,,Fijo,21.52340511,-87.37767197,2019-11
7833462,23007463211000261000000000U9,BOUTIQUE AMOUR,,463211,"Comercio al por menor de ropa, excepto de bebé y lencería",0 a 5 personas,CALLE,DEMERO,AVENIDA,BENITO JUAREZ,AVENIDA,PALOMINO,AVENIDA,PALOMINO,,SN,,,,,LOCALIDAD,HOLBOX,,,,77310,23,Quintana Roo,007,Lázaro Cárdenas,0012,Holbox,0233,024,,,,Fijo,21.5239705,-87.37928739,2019-11
11664754,23007463211000471000000000U4,BOUTIQUE BEACH HOUSE,BLUE HLBX,463211,"Comercio al por menor de ropa, excepto de bebé y lencería",0 a 5 personas,CALLE,PORFIRIO DIAZ,CALLE,CARITO,AVENIDA,PALOMINO,CALLE,JERONIMO DE AGUILAR,,SN,,,,,LOCALIDAD,HOLBOX,,,,77310,23,Quintana Roo,007,Lázaro Cárdenas,0012,Holbox,0233,011,,,,Fijo,21.52374272,-87.37834583,2024-11
9814076,23007463211000351000000000U8,BOUTIQUE GITANA,DOLL TULUM,463211,"Comercio al por menor de ropa, excepto de bebé y lencería",0 a 5 personas,AVENIDA,BENITO JUAREZ,CALLE,JERONIMO DE AGUILAR,CALLE,PASEO KUKA,CALLE,ESMEDREGAL,,SN,,,,,LOCALIDAD,HOLBOX,,,,77310,23,Quintana Roo,007,Lázaro Cárdenas,0012,Holbox,0233,004,,,,Fijo,21.52236324,-87.37816287,2024-11
8132297,23007463211000211000000000U4,BOUTIQUE KASSANDRA,,463211,"Comercio al por menor de ropa, excepto de bebé y lencería",0 a 5 personas,CALLE,PORFIRIO DIAZ,AVENIDA,BENITO JUAREZ,CALLE,MORELOS,CALLE,JERONIMO DE AGUILAR,,SN,,,,,LOCALIDAD,HOLBOX,,,,77310,23,Quintana Roo,007,Lázaro Cárdenas,0012,Holbox,0233,001,,,,Fijo,21.52280175,-87.37917268,2019-11
7833466,23007463211000271000000000U8,BOUTIQUE LIFE,,463211,"Comercio al por menor de ropa, excepto de bebé y lencería",0 a 5 personas,CALLE,DAMERO,AVENIDA,PALOMINO,CALLE,CARITO,CALLE,DAMERO,,SN,,,,,LOCALIDAD,HOLBOX,,,,77310,23,Quintana Roo,007,Lázaro Cárdenas,0012,Holbox,0233,025,,,,Fijo,21.52457373,-87.37867082,2019-11
10405309,23007463211000411000000000U0,BOUTIQUE MERCANTIL ROPA Y ACCESORIOS,BLUE HLBX,463211,"Comercio al por menor de ropa, excepto de bebé y lencería",0 a 5 personas,CALLE,DAMERO,AVENIDA,BENITO JUAREZ,CALLE,MORELOS,CALLE,PORFIRIO DIAZ,,SN,,,,,LOCALIDAD,HOLBOX,,,,77531,23,Quintana Roo,007,Lázaro Cárdenas,0012,Holbox,0233,008,,,,Fijo,21.52311929,-87.37993464,2024-11
10299469,23007463211000521000000000U6,BOUTIQUE OMEN CONMUNITY,,463211,"Comercio al por menor de ropa, excepto de bebé y lencería",0 a 5 personas,CALLE,DAMERO,AVENIDA,PALOMINO,CALLE,CARITO,OTRO(ESPECIFIQUE),MAR,,SN,,,,,LOCALIDAD,HOLBOX,,,,77310,23,Quintana Roo,007,Lázaro Cárdenas,0012,Holbox,0233,025,,,,Fijo,21.5246591,-87.37857768,2024-11
10057464,23007463211000541000000000U4,BOUTIQUE SHALOM,,463211,"Comercio al por menor de ropa, excepto de bebé y lencería",0 a 5 personas,AVENIDA,PALOMINO,OTRO(ESPECIFIQUE),MAR,CALLE,PEDRO JOAQUIN CODWELL,CALLE,CARITO,,SN,,,,,LOCALIDAD,HOLBOX,,,,77310,23,Quintana Roo,007,Lázaro Cárdenas,0012,Holbox,0233,025,,,,Fijo,21.52440776,-87.37910813,2024-11
10513466,23007463211000361000000000U7,BOUTIQUE SUN Y SAND,,463211,"Comercio al por menor de ropa, excepto de bebé y lencería",0 a 5 personas,CALLE,DAMERO,AVENIDA,PALOMINO,CALLE,CARITO,CALLE,PORFIRIO DIAZ,,SN,,,,,LOCALIDAD,HOLBOX,,,,77310,23,Quintana Roo,007,Lázaro Cárdenas,0012,Holbox,0233,010,,,,Fijo,21.52457301,-87.37860933,2024-11
11770640,23007465915000311000000000U6,BOUTIQUE WAAY,,465915,Comercio al por menor en tiendas de artesanías,0 a 5 personas,AVENIDA,BENITO JUÁREZ,CALLE,Porfirio Díaz,CALLE,Jeronimo de Aguilar,CALLE,Morelos,,SN,,,,,LOCALIDAD,HOLBOX,,,,77310,23,Quintana Roo,007,Lázaro Cárdenas,0012,Holbox,0233,001,,,,Fijo,21.52265487,-87.3784747,2025-04
10861398,23007463211000441000000000U7,BUTIQUE SUNDAY,BLUE HOLBOX,463211,"Comercio al por menor de ropa, excepto de bebé y lencería",0 a 5 personas,AVENIDA,TIBURON BALLENA,CALLE,PORFIRIO DIAZ,CALLE,PEDRO JOAQUIN CODWELL,CALLE,ESMEDREGAL,,SN,,,,,LOCALIDAD,HOLBOX,,,,77531,23,Quintana Roo,007,Lázaro Cárdenas,0012,Holbox,0233,008,,,,Fijo,21.52349209,-87.37939637,2024-11
8132306,23007461121000152001000000U3,CARNICERIA BIG BEEF,,461121,Comercio al por menor de carnes rojas,0 a 5 personas,CALLE,JERONIMO DE AGUILAR,AVENIDA,BENITO JUAREZ,CALLE,MORELOS,CALLE,PORFIRIO DIAZ,,SN,,,,,LOCALIDAD,HOLBOX,,,,77310,23,Quintana Roo,007,Lázaro Cárdenas,0012,Holbox,0233,001,,,,Fijo,21.5225534,-87.37850468,2019-11
11274228,23007461121000231000000000U5,CARNICERIA EL JIREH,,461121,Comercio al por menor de carnes rojas,0 a 5 personas,CALLE,DAMERO,CALLE,PARGO,CALLE,TINTORERA,CALLE,DAMERO,,SN,,,,,OTRO,HOLBOX,,,,77310,23,Quintana Roo,007,Lázaro Cárdenas,0012,Holbox,0233,048,,,,Fijo,21.52079412,-87.38186312,2024-11
10120279,23007461121000181000000000U2,CARNICERIA EL POTRO SONRIENTE,,461121,Comercio al por menor de carnes rojas,0 a 5 personas,CALLE,JERONIMO DE AGUILAR,AVENIDA,BENITO JUAREZ,AVENIDA,PALOMINO,CALLE,PASEO KUKA,,SN,,,,,LOCALIDAD,HOLBOX,,,,77310,23,Quintana Roo,007,Lázaro Cárdenas,0012,Holbox,0233,003,,,,Fijo,21.52317935,-87.37781083,2024-11
8132199,23007466212000061000000000U8,CENTRO DE DISTRIBUCION TELCEL INOVA TE,,466212,Comercio al por menor de teléfonos y otros aparatos de comunicación,0 a 5 personas,CALLE,ESMEDREGAL,CALLE,PORFIRIO DIAZ,CALLE,PEDRO JOAQUIN CODWELL,AVENIDA,TIBURON BALLENA,,SN,,,,,LOCALIDAD,HOLBOX,,,,77531,23,Quintana Roo,007,Lázaro Cárdenas,0012,Holbox,0233,008,,INNOVATE.HOLBOX@HOTMAIL.COM,,Fijo,21.52295751,-87.37978338,2019-11
7878585,23007461212000271000000000U8,CERVECERIA CEDIS CUHAUTEMOC MOCTEZUMA,CERVECERIA CUHAUTEMOC MOCTEZUMA HEINEKEN MEXICO,461212,Comercio al por menor de cerveza,0 a 5 personas,CALLE,DAMERO,CALLE,CANANE,CALLE,LISA,CALLE,DAMERO,,SN,,,,,OTRO,HOLBOX,,,,77310,23,Quintana Roo,007,Lázaro Cárdenas,0012,Holbox,0233,021,,,,Fijo,21.52248716,-87.38057831,2019-11
11022001,23007461212000641000000000U2,CERVEFRIO EL REFILL,NINKASI,461212,Comercio al por menor de cerveza,0 a 5 personas,CALLE,NINGUNO,CALLE,NINGUNO,CALLE,NINGUNO,OTRO(ESPECIFIQUE),NINGUNO,,SN,,,,,OTRO,HOLBOX,,,,77310,23,Quintana Roo,007,Lázaro Cárdenas,0012,Holbox,0233,073,,,,Fijo,21.52082036,-87.37377981,2024-11
7833411,23007462112000192000000000U7,CHAKTE MINI SUPER,,462112,Comercio al por menor en minisupers,6 a 10 personas,CALLE,PEDRO JOAQUIN COLDWELL,AVENIDA,BENITO JUAREZ,AVENIDA,PALOMINO,CALLE,DEMERO,,SN,,,,,LOCALIDAD,HOLBOX,,,,77310,23,Quintana Roo,007,Lázaro Cárdenas,0012,Holbox,0233,024,,,,Fijo,21.52423837,-87.38000642,2019-11
10612121,23007464111000161000000000U2,DRUGS CLINIC,CARIBBEARN MOBILE HEALTHEARE,464111,Farmacias sin minisúper,0 a 5 personas,CALLE,PASEO KUKA,CALLE,VULKAY,CALLE,SIERRA,CALLE,VULKAY,,SN,,,,,OTRO,HOLBOX,,,,77310,23,Quintana Roo,007,Lázaro Cárdenas,0012,Holbox,0233,046,,,,Fijo,21.52410242,-87.37591673,2024-11
10534427,23007464112000021000000000U6,DRUGSTORE,,464112,Farmacias con minisúper,0 a 5 personas,AVENIDA,BENITO JUAREZ,CALLE,JERONIMO DE AGUILAR,CALLE,PASEO KUKA,CALLE,ESMEDREGAL,,SN,,,,,LOCALIDAD,HOLBOX,,,,77310,23,Quintana Roo,007,Lázaro Cárdenas,0012,Holbox,0233,004,,,,Fijo,21.52249596,-87.37830379,2024-11
10860535,23007463211000511000000000U7,DUPLAS DESING TIENDA DE ROPA,,463211,"Comercio al por menor de ropa, excepto de bebé y lencería",0 a 5 personas,CALLE,DAMERO,CALLE,NINGUNO,CALLE,JUSTO SIERRA,CALLE,PASEO KUKA,,SN,,,,,LOCALIDAD,HOLBOX,,,,77310,23,Quintana Roo,007,Lázaro Cárdenas,0012,Holbox,0233,044,,,,Fijo,21.52644807,-87.37657938,2024-11
10281831,23007467111000143000000000U7,EL CACHORRO FERRETERIA,FERROTLAPALERIA EL CACHORRO,467111,Comercio al por menor en ferreterías y tlapalerías,11 a 30 personas,AVENIDA,PALOMINO,CALLE,JERONIMO DE AGUILAR,CALLE,PORFIRIO DIAZ,AVENIDA,TIBURON BALLENA,,SN,,,,,LOCALIDAD,HOLBOX,,,,77310,23,Quintana Roo,007,Lázaro Cárdenas,0012,Holbox,0233,002,,FERROTLAPALERIAHOLBOX@GRUPOCACHORRO.COM.MX,,Fijo,21.52348756,-87.37813116,2024-11
11217794,23007461170000071000000000U2,EL MANGLE BLANCO,,461170,Comercio al por menor de paletas de hielo y helados,0 a 5 personas,CALLE,DAMERO,CALLE,MORELOS,AVENIDA,BENITO JUAREZ,AVENIDA,PEDRO JOAQUIN COLDWELL,,SN,,,,,LOCALIDAD,HOLBOX,,,,77310,23,Quintana Roo,007,Lázaro Cárdenas,0012,Holbox,0233,023,,,,Fijo,21.52362027,-87.37960306,2024-11
11416772,23007461211000022000000000U7,ESTACION TEQUILA,INOVACION DE MEXICO PARA EL MUNDO,461211,Comercio al por menor de vinos y licores,6 a 10 personas,AVENIDA,BENITO JUAREZ,CALLE,JERONIMO DE AGUILAR,CALLE,PASEO KUKA,CALLE,ESMEDREGAL,,SN,,,,,LOCALIDAD,HOLBOX,,,,77310,23,Quintana Roo,007,Lázaro Cárdenas,0012,Holbox,0233,004,,,,Fijo,21.52243662,-87.37824078,2024-11
8132475,23007461121000161000000000U4,EXPENDIO DE CARNE EL BUFALO,,461121,Comercio al por menor de carnes rojas,0 a 5 personas,CALLE,DAMERO,AVENIDA,PALOMINO,CALLE,CARITO,CALLE,PORFIRIO DIAZ,,SN,,,,,LOCALIDAD,HOLBOX,,,,77310,23,Quintana Roo,007,Lázaro Cárdenas,0012,Holbox,0233,010,,,,Fijo,21.52436292,-87.37883257,2019-11
10794544,23007464111000151000000000U3,FARMACIA DE LA RIVIERA,HGB FARMACIAS DE LA RIVERA,464111,Farmacias sin minisúper,0 a 5 personas,CALLE,DAMERO,AVENIDA,PALOMINO,CALLE,CARITO,OTRO(ESPECIFIQUE),MAR,,SN,,,,,LOCALIDAD,HOLBOX,,,,77310,23,Quintana Roo,007,Lázaro Cárdenas,0012,Holbox,0233,025,,,,Fijo,21.5247583,-87.37846944,2024-11
11749776,23007464111000201000000000U6,FARMACIA HOLBOX,LUROLA,464111,Farmacias sin minisúper,0 a 5 personas,CALLE,CARITO,OTRO(ESPECIFIQUE),MAR,CALLE,PEDRO JOAQUIN CODWELL,AVENIDA,PALOMINO,,SN,,,,,LOCALIDAD,HOLBOX,,,,77310,23,Quintana Roo,007,Lázaro Cárdenas,0012,Holbox,0233,025,,,WWW.FARMACIASPV.COM.MX,Fijo,21.52547917,-87.37918885,2025-04
7833465,23007464111000091000000000U1,FARMACIA JESY,,464111,Farmacias sin minisúper,0 a 5 personas,CALLE,DAMERO,AVENIDA,PALOMINO,CALLE,CARITO,CALLE,CARITO,,SN,,,,,LOCALIDAD,HOLBOX,,,,77310,23,Quintana Roo,007,Lázaro Cárdenas,0012,Holbox,0233,025,,,,Fijo,21.52462739,-87.37861228,2019-11
8132302,23007464113000011000000000U5,FARMACIA PEPES,,464113,"Comercio al por menor de productos naturistas, medicamentos homeopáticos y de complementos alimenticios",0 a 5 personas,AVENIDA,TIBURON BALLENA,CALLE,JERONIMO DE AGUILAR,CALLE,PORFIRIO DIAZ,CALLE,PORFIRIO DIAZ,,SN,,,,,LOCALIDAD,HOLBOX,,,,77310,23,Quintana Roo,007,Lázaro Cárdenas,0012,Holbox,0233,001,,,,Fijo,21.52283062,-87.37866819,2019-11
9475581,23007464111000131000010716S5,FARMACIAS YZA SUC 0325 HOLBOX,FARMACON,464111,Farmacias sin minisúper,0 a 5 personas,AVENIDA,PASEO KUKA,CALLE,Benito Juárez,CALLE,Morelos,CALLE,Jeronimo de Aguilar,,SN,,,,,PUEBLO,HOLBOX,,,,77310,23,Quintana Roo,007,Lázaro Cárdenas,0012,Holbox,0233,004,,ATENCIONACLIENTES@YZA.MX,WWW.YZA.MX,Fijo,21.52205539,-87.37790742,2024-05
9520810,23007465915000301000000000U7,FENICIA COLLECTIVE MARKET,GONZALO CHI,465915,Comercio al por menor en tiendas de artesanías,0 a 5 personas,AVENIDA,TIBURON BALLENA,CALLE,VICENTE GUERRERO,CALLE,PEDRO JOAQUIN CODWELL,CALLE,ESMEDREGAL,,SN,,,,,LOCALIDAD,HOLBOX,,,,77310,23,Quintana Roo,007,Lázaro Cárdenas,0012,Holbox,0233,023,,,,Fijo,21.52388645,-87.37980165,2024-11
9873953,23007467111000162000000000U7,FERRETERIA LEUGOM,LEUGOM FERRETERIA,467111,Comercio al por menor en ferreterías y tlapalerías,6 a 10 personas,AVENIDA,TIBURON BALLENA,CALLE,NINGUNO,CALLE,OCEANO ATLANTICO,AVENIDA,TIBURON BALLENA,,SN,,,,,OTRO,HOLBOX,,,,77310,23,Quintana Roo,007,Lázaro Cárdenas,0012,Holbox,0233,054,,,,Fijo,21.52059342,-87.37644486,2024-11
10244021,23007467111000131000000000U2,FERRETERIA YARIS,,467111,Comercio al por menor en ferreterías y tlapalerías,0 a 5 personas,CALLE,PORFIRIO DIAZ,CALLE,CARITO,CALLE,JUSTO SIERRA,CALLE,DAMERO,,SN,,,,,LOCALIDAD,HOLBOX,,,,77310,23,Quintana Roo,007,Lázaro Cárdenas,0012,Holbox,0233,027,,,,Fijo,21.52475599,-87.37746004,2024-11
10596575,23007461130000331000000000U4,FRUTERIA EL CHANGO AZUL,JESUS VALDERMAR,461130,Comercio al por menor de frutas y verduras frescas,0 a 5 personas,CALLE,GERONIMO DE AGUILAR,CALLE,CANANE,CALLE,MORELOS,CALLE,CANANE,,SN,,,,,OTRO,HOLBOX,,,,77310,23,Quintana Roo,007,Lázaro Cárdenas,0012,Holbox,0233,005,,,,Semifijo,21.5216549,-87.37923444,2024-11
9917695,23007461130000311000000000U6,FRUTERIA GUASABES,HECTOR CARRILLO,461130,Comercio al por menor de frutas y verduras frescas,0 a 5 personas,CALLE,PASEO KUKA,CALLE,NINGUNO,CALLE,NINGUNO,CALLE,GERONIMO,,SN,,,,,LOCALIDAD,HOLBOX,,,,77310,23,Quintana Roo,007,Lázaro Cárdenas,0012,Holbox,0233,062,,,,Fijo,21.52613318,-87.37422724,2024-11
11383454,23007461130000251000000000U4,FRUTERIA JUNIOR,,461130,Comercio al por menor de frutas y verduras frescas,0 a 5 personas,CALLE,CARITO,CALLE,PORFIRIO DIAZ,CALLE,PEDRO JOAQUIN CODWELL,AVENIDA,PALOMINO,,SN,,,,,LOCALIDAD,HOLBOX,,,,77310,23,Quintana Roo,007,Lázaro Cárdenas,0012,Holbox,0233,010,,,,Fijo,21.52466583,-87.37831203,2024-11
10692398,23007461130000271000000000U2,FRUTERIA LA BENDICION DE DIOS,,461130,Comercio al por menor de frutas y verduras frescas,0 a 5 personas,CALLE,PASEO KUKA,CALLE,CARITO,AVENIDA,PALOMINO,CALLE,HERNAN CORTES,,SN,,,,,LOCALIDAD,HOLBOX,,,,77310,23,Quintana Roo,007,Lázaro Cárdenas,0012,Holbox,0233,013,,,,Fijo,21.52287925,-87.37705444,2024-11
11751318,23007461130000341000000000U3,FRUTERIA LA BODEGUITA,,461130,Comercio al por menor de frutas y verduras frescas,0 a 5 personas,CALLE,PASEO KUKA,CALLE,Sierra,CALLE,Carito,CALLE,Jeronimo de Aguilar,,SN,,,,,LOCALIDAD,HOLBOX,,,,77310,23,Quintana Roo,007,Lázaro Cárdenas,0012,Holbox,0233,029,,,,Fijo,21.52334894,-87.3767202,2025-04
9997230,23007461130000221000000000U7,FRUTERIA LA CONCEPCION,EDUARDO COCOM,461130,Comercio al por menor de frutas y verduras frescas,0 a 5 personas,CALLE,JERONIMO DE AGUILAR,AVENIDA,PALOMINO,CALLE,CARITO,CALLE,PASEO KUKA,,SN,,,,,LOCALIDAD,HOLBOX,,,,77310,23,Quintana Roo,007,Lázaro Cárdenas,0012,Holbox,0233,012,,,,Fijo,21.52332216,-87.37767869,2024-11
8726449,23007461130000141000000000U7,FRUTERIA LA ESTRELLITA,,461130,Comercio al por menor de frutas y verduras frescas,0 a 5 personas,CALLE,DAMERO,CALLE,PARGO,CALLE,TINTORERA,CALLE,DAMERO,,SN,,,,,OTRO,HOLBOX,,,,77310,23,Quintana Roo,007,Lázaro Cárdenas,0012,Holbox,0233,048,,,,Fijo,21.52105836,-87.38167676,2019-11
10679726,23007461130000241000000000U5,FRUTERIA LA ESTRELLITA,,461130,Comercio al por menor de frutas y verduras frescas,0 a 5 personas,CALLE,PASEO KUKA,AVENIDA,BENITO JUAREZ,CALLE,MORELOS,CALLE,JERONIMO DE AGUILAR,,SN,,,,,LOCALIDAD,HOLBOX,,,,77310,23,Quintana Roo,007,Lázaro Cárdenas,0012,Holbox,0233,004,,,,Fijo,21.52204827,-87.3779139,2024-11
10631401,23007461130000231000000000U6,FRUTERIA LAS TRES COSECHAS,,461130,Comercio al por menor de frutas y verduras frescas,0 a 5 personas,CALLE,CANANE,CALLE,PEDRO JOAQUIN CODWELL,CALLE,PORFIRIO DIAZ,CALLE,LISA,,SN,,,,,OTRO,HOLBOX,,,,77310,23,Quintana Roo,007,Lázaro Cárdenas,0012,Holbox,0233,020,,,,Fijo,21.5222056,-87.38020591,2024-11
8726450,23007461130000152000000000U4,FRUTERIA LOS TRES HERMANOS,,461130,Comercio al por menor de frutas y verduras frescas,6 a 10 personas,CALLE,DAMERO,CALLE,PARGO,CALLE,TINTORERA,CALLE,DAMERO,,SN,,,,,OTRO,HOLBOX,,,,77310,23,Quintana Roo,007,Lázaro Cárdenas,0012,Holbox,0233,048,,,,Fijo,21.52110245,-87.38164565,2019-11
9997659,23007461130000321000000000U5,FRUTERIA LOS TRES HERMANOS,,461130,Comercio al por menor de frutas y verduras frescas,0 a 5 personas,CALLE,DAMERO,CALLE,TINTORERA,CALLE,LISA,CALLE,DAMERO,,SN,,,,,OTRO,HOLBOX,,,,77310,23,Quintana Roo,007,Lázaro Cárdenas,0012,Holbox,0233,037,,,,Fijo,21.52142732,-87.38139087,2024-11
11487767,23007461130000212000000000U6,FRUTERIA TUMBEN KUXTAL,,461130,Comercio al por menor de frutas y verduras frescas,6 a 10 personas,CALLE,ESMEDREGAL,CALLE,VICENTE GUERRERO,CALLE,PEDRO JOAQUIN CODWELL,AVENIDA,TIBURON BALLENA,,SN,,,,,LOCALIDAD,HOLBOX,,,,77310,23,Quintana Roo,007,Lázaro Cárdenas,0012,Holbox,0233,023,,,,Fijo,21.52327061,-87.38011083,2024-11
9738271,23007461130000291000000000U0,FRUTERIA Y JUGUERIA GARCIA,SALOMON GARCIA,461130,Comercio al por menor de frutas y verduras frescas,0 a 5 personas,CALLE,PORFIRIO DIAZ,AVENIDA,PALOMINO,CALLE,CARITO,CALLE,DAMERO,,SN,,,,,LOCALIDAD,HOLBOX,,,,77310,23,Quintana Roo,007,Lázaro Cárdenas,0012,Holbox,0233,010,,,,Fijo,21.52407759,-87.37809884,2024-11
11755217,23003464111000261000055132S9,HOLBOX,GFLOFEX,464111,Farmacias sin minisúper,0 a 5 personas,CALLE,PASEO KUKA,CALLE,Carito,CALLE,Sierra,CALLE,Hernán Cortez,,SN,,,,,COLONIA,CENTRO,,,,77310,23,Quintana Roo,007,Lázaro Cárdenas,0012,Holbox,0233,030,3221974132,,,Fijo,21.52349767,-87.37648421,2025-04
11475319,23007463211000431000000000U8,HOLBOX ART PARADISE,AXEL MARQUES,463211,"Comercio al por menor de ropa, excepto de bebé y lencería",0 a 5 personas,CALLE,PORFIRIO DIAZ,AVENIDA,BENITO JUAREZ,CALLE,MORELOS,CALLE,JERONIMO DE AGUILAR,,SN,,,,,LOCALIDAD,HOLBOX,,,,77310,23,Quintana Roo,007,Lázaro Cárdenas,0012,Holbox,0233,001,,,,Fijo,21.52259116,-87.37936064,2024-11
8279891,23007466313000011000000000U9,HOLBOX GALERIA,CASA ANTIGUA GALERIA HOLBOX,466313,Comercio al por menor de antigüedades y obras de arte,0 a 5 personas,CALLE,DEMERO,AVENIDA,BENITO JUAREZ,AVENIDA,PALOMINO,CALLE,PEDRO JOAQUIN COLDWELL,,SN,,,,,LOCALIDAD,HOLBOX,,,,77310,23,Quintana Roo,007,Lázaro Cárdenas,0012,Holbox,0233,024,,HOLBOXGALERIA@GMAIL.COM,,Fijo,21.5240642,-87.37920155,2019-11
9647251,23007463211000331000000000U0,HOLBOX GUIDE SHOP,,463211,"Comercio al por menor de ropa, excepto de bebé y lencería",0 a 5 personas,AVENIDA,BENITO JUAREZ,CALLE,JERONIMO DE AGUILAR,CALLE,PASEO KUKA,CALLE,ESMEDREGAL,,SN,,,,,LOCALIDAD,HOLBOX,,,,77310,23,Quintana Roo,007,Lázaro Cárdenas,0012,Holbox,0233,004,,IFO@HOBOXHAI.COM,WWW.HOLBOXGAI.COM,Fijo,21.52247286,-87.37827926,2024-11
11818345,23007464111000191000055132S9,HOLBOX II,GFLOFEX,464111,Farmacias sin minisúper,0 a 5 personas,CALLE,PEDRO JOAQUÍN CODWELL,CALLE,Ninguno,CALLE,Ninguno,CALLE,Ninguno,,SN,,,6,,COLONIA,HOLBOX,,,,77310,23,Quintana Roo,007,Lázaro Cárdenas,0012,Holbox,0233,010,3221974132,,,Fijo,21.52465547,-87.3785217,2025-04
11778187,23007464111000181000055132S0,HOLBOX VI,GFLOFEX,464111,Farmacias sin minisúper,0 a 5 personas,AVENIDA,BENITO JUÁREZ,CALLE,Hernán Cortez,CALLE,Paseo Kuka,CALLE,Palomino,,SN,,,,,COLONIA,HOLBOX,,,,77310,23,Quintana Roo,007,Lázaro Cárdenas,0012,Holbox,0233,014,3222197413,,,Fijo,21.52179964,-87.37745512,2025-04
11520992,23007465915000211000000000U8,IGUANA RANA SUBENIR,INOVACION DE MEXICO PARA EL MUNDO,465915,Comercio al por menor en tiendas de artesanías,0 a 5 personas,CALLE,DEMERO,AVENIDA,BENITO JUAREZ,AVENIDA,PALOMINO,AVENIDA,PALOMINO,,SN,,,,,LOCALIDAD,HOLBOX,,,,77310,23,Quintana Roo,007,Lázaro Cárdenas,0012,Holbox,0233,024,,,,Fijo,21.52392649,-87.37932771,2024-11
11454465,23007465112000061000000000U1,JOYERIA NOA,VIVA ZAPATA,465112,Comercio al por menor de artículos de joyería y relojes,0 a 5 personas,AVENIDA,PALOMINO,CALLE,PEDRO JOAQUIN CODWELL,CALLE,VICENTE GUERRERO,AVENIDA,TIBURON BALLENA,,SN,,,,,LOCALIDAD,HOLBOX,,,,77310,23,Quintana Roo,007,Lázaro Cárdenas,0012,Holbox,0233,024,,,,Fijo,21.52451168,-87.37929608,2024-11
10562924,23007465912000141000000000U4,JUGUETERIA Y NOVEDADES KAPRICHITOS,JUGUETERIA Y NOVEDADES KAPRICHITOS,465912,Comercio al por menor de regalos,0 a 5 personas,CALLE,CARITO,CALLE,PORFIRIO DIAZ,CALLE,PEDRO JOAQUIN CODWELL,AVENIDA,PALOMINO,,SN,,,,,LOCALIDAD,HOLBOX,,,,77310,23,Quintana Roo,007,Lázaro Cárdenas,0012,Holbox,0233,010,,,,Fijo,21.52461461,-87.37825968,2024-11
10330852,23007465912000131000000000U5,LA CUBANA NOVEDADES,,463211,"Comercio al por menor de ropa, excepto de bebé y lencería",0 a 5 personas,CALLE,PASEO KUKA,CALLE,CARITO,AVENIDA,PALOMINO,CALLE,HERNAN CORTES,,SN,,,,,LOCALIDAD,HOLBOX,,,,77310,23,Quintana Roo,007,Lázaro Cárdenas,0012,Holbox,0233,013,,,,Fijo,21.52313957,-87.3768125,2024-11
11543233,23007463211000531000000000U5,LA DHACMA BOUTIQUE,,463211,"Comercio al por menor de ropa, excepto de bebé y lencería",0 a 5 personas,CALLE,DAMERO,CALLE,JUSTO SIERRA,CALLE,CARITO,OTRO(ESPECIFIQUE),MAR,,SN,,,,,LOCALIDAD,HOLBOX,,,,77310,23,Quintana Roo,007,Lázaro Cárdenas,0012,Holbox,0233,026,,,,Fijo,21.52521725,-87.37801972,2024-11
10832333,23007461170000061000000000U3,LA GELATERIA,,461170,Comercio al por menor de paletas de hielo y helados,0 a 5 personas,AVENIDA,PALOMINO,CALLE,PEDRO JOAQUIN CODWELL,CALLE,VICENTE GUERRERO,AVENIDA,TIBURON BALLENA,,SN,,,,,LOCALIDAD,HOLBOX,,,,77310,23,Quintana Roo,007,Lázaro Cárdenas,0012,Holbox,0233,024,,,,Fijo,21.52469068,-87.37949687,2024-11
10315388,23007463211000391000000000U4,LETTRARUM ROPA Y ACCESORIOS,,463211,"Comercio al por menor de ropa, excepto de bebé y lencería",0 a 5 personas,CALLE,PEDRO JOAQUIN COLDWELL,AVENIDA,BENITO JUAREZ,AVENIDA,PALOMINO,CALLE,DEMERO,,SN,,,,,LOCALIDAD,HOLBOX,,,,77310,23,Quintana Roo,007,Lázaro Cárdenas,0012,Holbox,0233,024,,LETTRARUMS.DS@GMAIL.COM,,Fijo,21.52449022,-87.37976613,2024-11
9645681,23007465915000251000000000U4,MAKA ARTESANIAS,MANUEL CASTRO,465915,Comercio al por menor en tiendas de artesanías,0 a 5 personas,AVENIDA,TIBURON BALLENA,CALLE,VICENTE GUERRERO,CALLE,PEDRO JOAQUIN CODWELL,CALLE,ESMEDREGAL,,SN,,,,,LOCALIDAD,HOLBOX,,,,77310,23,Quintana Roo,007,Lázaro Cárdenas,0012,Holbox,0233,023,,,,Fijo,21.52393394,-87.3798489,2024-11
8705799,23007465112000041000000000U3,MANDALA TIENDA DE ARTESANIA,,465112,Comercio al por menor de artículos de joyería y relojes,0 a 5 personas,AVENIDA,TIBURON BALLENA,CALLE,JERONIMO DE AGUILAR,CALLE,PORFIRIO DIAZ,AVENIDA,PALOMINO,,SN,,1,,,LOCALIDAD,HOLBOX,CENTRO Y PLAZA COMERCIAL,PLAZA ELPUEBLITO,SN,77310,23,Quintana Roo,007,Lázaro Cárdenas,0012,Holbox,0233,002,9847452927,,,Fijo,21.52302558,-87.3787714,2019-11
11415833,23007465915000241000000000U5,MIGUEL ARTESANIA,,465915,Comercio al por menor en tiendas de artesanías,0 a 5 personas,CALLE,PEDRO JOAQUIN COLDWELL,AVENIDA,BENITO JUAREZ,AVENIDA,PALOMINO,CALLE,DEMERO,,SN,,,,,LOCALIDAD,HOLBOX,,,,77310,23,Quintana Roo,007,Lázaro Cárdenas,0012,Holbox,0233,024,,,,Fijo,21.52465,-87.37961369,2024-11
8279896,23007462112000231010000000U3,MINI MART LA CONCHUELA DEL PAMPANO,ALEJANDRO ZAPATA,461110,"Comercio al por menor en tiendas de abarrotes, ultramarinos y misceláneas",0 a 5 personas,AVENIDA,PALOMINO,OTRO(ESPECIFIQUE),MAR,CALLE,PEDRO JOAQUIN CODWELL,CALLE,CARITO,,SN,,,,,LOCALIDAD,HOLBOX,,,,77310,23,Quintana Roo,007,Lázaro Cárdenas,0012,Holbox,0233,025,,,,Fijo,21.52438538,-87.37908272,2019-11
7833530,23007462112000201010000000U6,MINI SUPER INNA,,461110,"Comercio al por menor en tiendas de abarrotes, ultramarinos y misceláneas",0 a 5 personas,CALLE,DAMERO,CALLE,JUSTO SIERRA,CALLE,CARITO,CALLE,CARITO,,SN,,,,,LOCALIDAD,HOLBOX,,,,77310,23,Quintana Roo,007,Lázaro Cárdenas,0012,Holbox,0233,026,9841163693,,,Fijo,21.52504089,-87.37819303,2019-11
8962142,23007462112000091010000000U1,MINI SUPER LA CHANGA,,461110,"Comercio al por menor en tiendas de abarrotes, ultramarinos y misceláneas",0 a 5 personas,CALLE,JERONIMO DE AGUILAR,AVENIDA,BENITO JUAREZ,AVENIDA,PALOMINO,CALLE,PORFIRIO DIAZ,,SN,,,,,LOCALIDAD,HOLBOX,,,,77310,23,Quintana Roo,007,Lázaro Cárdenas,0012,Holbox,0233,002,,,,Fijo,21.52312342,-87.37796642,2019-11
8705852,23007461110001071000000000U7,MINI SUPER MAYRA TIENDA,,461110,"Comercio al por menor en tiendas de abarrotes, ultramarinos y misceláneas",0 a 5 personas,AVENIDA,BENITO JUAREZ,CALLE,JERONIMO DE AGUILAR,CALLE,PASEO KUKA,CALLE,ESMEDREGAL,,SN,,,27,,LOCALIDAD,HOLBOX,,,,77310,23,Quintana Roo,007,Lázaro Cárdenas,0012,Holbox,0233,004,,,,Fijo,21.52223957,-87.37803157,2019-11
10714539,23007461110001501000000000U3,MINI SUPER OFE,,461110,"Comercio al por menor en tiendas de abarrotes, ultramarinos y misceláneas",0 a 5 personas,CALLE,DAMERO,CALLE,NINGUNO,CALLE,JUSTO SIERRA,CALLE,PASEO KUKA,,SN,,,,,LOCALIDAD,HOLBOX,,,,77310,23,Quintana Roo,007,Lázaro Cárdenas,0012,Holbox,0233,044,,,,Fijo,21.52633733,-87.37672185,2024-11
10394993,23007461110001361000000000U2,MINI SUPER PASEO KUKA,ALDO CANUL,461110,"Comercio al por menor en tiendas de abarrotes, ultramarinos y misceláneas",0 a 5 personas,CALLE,PASEO KUKA,CALLE,SIERRA,CALLE,CARITO,CALLE,HERNAN CORTES,,SN,,,,,LOCALIDAD,HOLBOX,,,,77310,23,Quintana Roo,007,Lázaro Cárdenas,0012,Holbox,0233,030,,,,Fijo,21.52375889,-87.37623688,2024-11
10828834,23007461110001471000000000U9,MINI SUPER PUNTA MOSQUITO,JEAN PIERRE,461110,"Comercio al por menor en tiendas de abarrotes, ultramarinos y misceláneas",0 a 5 personas,CALLE,NINGUNO,CALLE,PASEO KUKA,OTRO(ESPECIFIQUE),MAR,CALLE,CHAN CHI,,SN,,,,,LOCALIDAD,HOLBOX,,,,77310,23,Quintana Roo,007,Lázaro Cárdenas,0012,Holbox,0233,072,,,,Fijo,21.52747513,-87.37401664,2024-11
8132301,23007462112000131010000000U5,MINISUPER BESA,,461110,"Comercio al por menor en tiendas de abarrotes, ultramarinos y misceláneas",0 a 5 personas,AVENIDA,TIBURON BALLENA,CALLE,JERONIMO DE AGUILAR,CALLE,PORFIRIO DIAZ,CALLE,JERONIMO DE AGUILAR,,SN,,,,,LOCALIDAD,HOLBOX,,,,77310,23,Quintana Roo,007,Lázaro Cárdenas,0012,Holbox,0233,001,,SUPERBESA2021@GMAIL.COM,,Fijo,21.5228711,-87.37871275,2019-11
9552754,23007461110001531000000000U0,MINISUPER BULLPEN,,461110,"Comercio al por menor en tiendas de abarrotes, ultramarinos y misceláneas",0 a 5 personas,AVENIDA,PALOMINO,CALLE,NINGUNO,CALLE,HERNAN CORTEZ,AVENIDA,PALOMINO,,SN,,,,,OTRO,HOLBOX,,,,77310,23,Quintana Roo,007,Lázaro Cárdenas,0012,Holbox,0233,031,,,,Fijo,21.52080005,-87.37494823,2024-11
8132483,23007462112000181010000000U0,MINISUPER CHEFOS STORE,,461110,"Comercio al por menor en tiendas de abarrotes, ultramarinos y misceláneas",0 a 5 personas,AVENIDA,PALOMINO,CALLE,PORFIRIO DIAZ,CALLE,PEDRO JOAQUIN CODWELL,CALLE,CARITO,,SN,,,,,LOCALIDAD,HOLBOX,,,,77310,23,Quintana Roo,007,Lázaro Cárdenas,0012,Holbox,0233,010,,,,Fijo,21.52412617,-87.37876076,2019-11
8132349,23007462112000151010000000U3,MINISUPER CHELIS,,461110,"Comercio al por menor en tiendas de abarrotes, ultramarinos y misceláneas",0 a 5 personas,CALLE,JERONIMO DE AGUILAR,AVENIDA,BENITO JUAREZ,CALLE,MORELOS,CALLE,PORFIRIO DIAZ,,SN,,,,,LOCALIDAD,HOLBOX,,,,77310,23,Quintana Roo,007,Lázaro Cárdenas,0012,Holbox,0233,001,9848752025,,,Fijo,21.52244582,-87.37860614,2019-11
8227575,23007462112000261010000000U0,MINISUPER EL DESQUITE,,461110,"Comercio al por menor en tiendas de abarrotes, ultramarinos y misceláneas",0 a 5 personas,CALLE,PASEO KUKA,CALLE,VULKAY,CALLE,SIERRA,CALLE,PASEO KUKA,,SN,,,,,OTRO,HOLBOX,,,,77310,23,Quintana Roo,007,Lázaro Cárdenas,0012,Holbox,0233,046,9841575857,,,Fijo,21.52429814,-87.37573463,2019-11
8132253,23007462112000111011000000U7,MINISUPER EL OSO,,461110,"Comercio al por menor en tiendas de abarrotes, ultramarinos y misceláneas",6 a 10 personas,CALLE,PASEO KUKA,CALLE,VULKAY,CALLE,SAN PEDRO,CALLE,HERNAN CORTEZ,,SN,,,,,LOCALIDAD,HOLBOX,,,,77310,23,Quintana Roo,007,Lázaro Cárdenas,0012,Holbox,0233,052,,,,Fijo,21.5247074,-87.37535608,2019-11
7833582,23007461110000921000000000U4,MINISUPER JAZMIN,,461110,"Comercio al por menor en tiendas de abarrotes, ultramarinos y misceláneas",0 a 5 personas,CALLE,CANANE,CALLE,PASEO KUKA,CALLE,JERONIMO DE AGUILAR,CALLE,LISA,,SN,,,,,OTRO,HOLBOX,,,,77310,23,Quintana Roo,007,Lázaro Cárdenas,0012,Holbox,0233,018,9841293938,,,Fijo,21.52123398,-87.37910308,2019-11
10527402,23007461110001311000000000U7,MINISUPER LAS FRIDAS PUNTA COCO,,461110,"Comercio al por menor en tiendas de abarrotes, ultramarinos y misceláneas",0 a 5 personas,CALLE,C CHERNA,CALLE,NINGUNO,CERRADA,NINGUNO,CALLE,AV. PEDRO JOAQUIN COLDWEL,,SN,,,,,LOCALIDAD,HOLBOX,,,,77310,23,Quintana Roo,007,Lázaro Cárdenas,0012,Holbox,0233,098,,LASFRIDADSPUNTACOCI@OUTLOOK..COM,,Fijo,21.51176413,-87.39349896,2024-11
8132254,23007311812000111110000000U5,MINISUPER LAS NADUTAS,,461110,"Comercio al por menor en tiendas de abarrotes, ultramarinos y misceláneas",0 a 5 personas,CALLE,LISA,CALLE,HERNAN CORTEZ,CALLE,OCEANO ATLANTICO,CALLE,CANANE,,SN,,,,,OTRO,HOLBOX,,,,77310,23,Quintana Roo,007,Lázaro Cárdenas,0012,Holbox,0233,035,,,,Fijo,21.51962425,-87.37828095,2019-11
10882486,23007461110001521000000000U1,MINISUPER LOS MOSCOS,NIKANSI,461110,"Comercio al por menor en tiendas de abarrotes, ultramarinos y misceláneas",0 a 5 personas,CALLE,DEMERO,AVENIDA,BENITO JUAREZ,AVENIDA,PALOMINO,CALLE,PEDRO JOAQUIN COLDWELL,,SN,,,,,LOCALIDAD,HOLBOX,,,,77310,23,Quintana Roo,007,Lázaro Cárdenas,0012,Holbox,0233,024,,,,Fijo,21.52424766,-87.37903348,2024-11
8132363,23007462112000161010000000U2,MINISUPER LOS TIGRITOS,,461110,"Comercio al por menor en tiendas de abarrotes, ultramarinos y misceláneas",0 a 5 personas,CALLE,DAMERO,CALLE,CANANE,CALLE,MORELOS,CALLE,DAMERO,,SN,,,,,OTRO,HOLBOX,,,,77310,23,Quintana Roo,007,Lázaro Cárdenas,0012,Holbox,0233,007,,,,Fijo,21.52256251,-87.38041385,2019-11
9014874,23007462112000221010000000U4,MINISUPER LUIS 8,,461110,"Comercio al por menor en tiendas de abarrotes, ultramarinos y misceláneas",0 a 5 personas,CALLE,DAMERO,AVENIDA,PALOMINO,CALLE,CARITO,CALLE,DAMERO,,SN,,,,,LOCALIDAD,HOLBOX,,,,77310,23,Quintana Roo,007,Lázaro Cárdenas,0012,Holbox,0233,025,,,,Fijo,21.5247087,-87.37852356,2019-11
9826284,23007461110001241000000000U6,MINISUPER M STORE,,461110,"Comercio al por menor en tiendas de abarrotes, ultramarinos y misceláneas",0 a 5 personas,CALLE,ESMEDREGAL,CALLE,HERNAN CORTEZ,CALLE,OCEANO ATLANTICO,CALLE,ESMEDREGAL,,SN,,,,,OTRO,HOLBOX,,,,77310,23,Quintana Roo,007,Lázaro Cárdenas,0012,Holbox,0233,033,,,,Fijo,21.5209235,-87.37765409,2024-11
8132414,23007462112000172011000000U9,MINISUPER MOGUEL,,461110,"Comercio al por menor en tiendas de abarrotes, ultramarinos y misceláneas",0 a 5 personas,AVENIDA,TIBURON BALLENA,CALLE,PORFIRIO DIAZ,CALLE,PEDRO JOAQUIN CODWELL,CALLE,DAMERO,,SN,,,,,LOCALIDAD,HOLBOX,,,,77531,23,Quintana Roo,007,Lázaro Cárdenas,0012,Holbox,0233,008,,,,Fijo,21.52356912,-87.37948117,2019-11
11375937,23007461110001281000000000U2,MINISUPER SIX CRISMI,,461110,"Comercio al por menor en tiendas de abarrotes, ultramarinos y misceláneas",0 a 5 personas,CERRADA,NINGUNO,CALLE,NINGUNO,CALLE,NINGUNO,CALLE,PASEO KUKA,,SN,,,,,LOCALIDAD,HOLBOX,,,,77310,23,Quintana Roo,007,Lázaro Cárdenas,0012,Holbox,0233,080,,,,Fijo,21.53028911,-87.36957368,2024-11
10738017,23007461110001401000000000U6,MINISUPER SIX MI BELLA ISLA,JULIO,461110,"Comercio al por menor en tiendas de abarrotes, ultramarinos y misceláneas",0 a 5 personas,CALLE,ESMEDREGAL,OTRO(ESPECIFIQUE),MAR,CALLE,VICENTE GUERRERO,CALLE,ESMEDREGAL,,SN,,,,,OTRO,HOLBOX,,,,77310,23,Quintana Roo,007,Lázaro Cárdenas,0012,Holbox,0233,041,,,,Fijo,21.52379537,-87.38076822,2024-11
10535426,23007461110001561000000000U7,MINISUPER TATA,,461110,"Comercio al por menor en tiendas de abarrotes, ultramarinos y misceláneas",0 a 5 personas,CALLE,DAMERO,CALLE,CANANE,CALLE,MORELOS,CALLE,DAMERO,,SN,,,,,OTRO,HOLBOX,,,,77310,23,Quintana Roo,007,Lázaro Cárdenas,0012,Holbox,0233,022,,,,Fijo,21.52286941,-87.38024932,2024-11
11580949,23007466212000131000000000U9,MOVIL SHOP,,466212,Comercio al por menor de teléfonos y otros aparatos de comunicación,0 a 5 personas,AVENIDA,BENITO JUAREZ,CALLE,JERONIMO DE AGUILAR,CALLE,PASEO KUKA,CALLE,ESMEDREGAL,,SN,,,,,LOCALIDAD,HOLBOX,,,,77310,23,Quintana Roo,007,Lázaro Cárdenas,0012,Holbox,0233,004,,MIVILSHOPHOLBOX@GMAIL.COM,WWW.MOVILSHOP.CARRD.CO,Fijo,21.52256437,-87.37837641,2024-11
11132818,23007465112000051000000000U2,NOA JOYERIA,VIVA ZAPATA,465112,Comercio al por menor de artículos de joyería y relojes,0 a 5 personas,CALLE,DAMERO,CALLE,MORELOS,AVENIDA,BENITO JUAREZ,AVENIDA,PEDRO JOAQUIN COLDWELL,,SN,,,,,LOCALIDAD,HOLBOX,,,,77310,23,Quintana Roo,007,Lázaro Cárdenas,0012,Holbox,0233,023,,,,Fijo,21.52348308,-87.37972115,2024-11
8839278,23007465912000081000000000U2,NOVEDADES EL ABUELO DONAS,,465912,Comercio al por menor de regalos,0 a 5 personas,AVENIDA,BENITO JUAREZ,CALLE,JERONIMO DE AGUILAR,CALLE,PASEO KUKA,AVENIDA,PALOMINO,,SN,,,,,LOCALIDAD,HOLBOX,,,,77310,23,Quintana Roo,007,Lázaro Cárdenas,0012,Holbox,0233,003,,,,Fijo,21.522414,-87.3781074,2019-11
10529984,23007465912000211000000000U5,NOVEDADES LA BOUTIQUE DE CHONITA,,465912,Comercio al por menor de regalos,0 a 5 personas,AVENIDA,BENITO JUAREZ,CALLE,PASEO KUKA,CALLE,HERNAN CORTEZ,AVENIDA,BENITO JUAREZ,,SN,,,,,OTRO,HOLBOX,,,,77310,23,Quintana Roo,007,Lázaro Cárdenas,0012,Holbox,0233,015,,,,Fijo,21.52156278,-87.37731302,2024-11
10455251,23007465912000121000000000U6,NOVEDADES PACOX,ZSEKELY MOGUEL,465912,Comercio al por menor de regalos,0 a 5 personas,AVENIDA,TIBURON BALLENA,CALLE,HERNAN CORTEZ,CALLE,OCEANO ATLANTICO,AVENIDA,TIBURON BALLENA,,SN,,,,,OTRO,HOLBOX,,,,77310,23,Quintana Roo,007,Lázaro Cárdenas,0012,Holbox,0233,033,,,,Fijo,21.5213064,-87.3770408,2024-11
11743148,23007462112000382000000000U4,OPERADORA DE TIENDA HOLBOX GOMART,OPERADORA DE TIENDAS HOLBOX,462112,Comercio al por menor en minisupers,6 a 10 personas,AVENIDA,TIBURON BALLENA,CALLE,PASEO KUKA,CALLE,HERNAN CORTEZ,AVENIDA,PALOMINO,,SN,,,,,LOCALIDAD,HOLBOX,,,,77310,23,Quintana Roo,007,Lázaro Cárdenas,0012,Holbox,0233,014,,,,Fijo,21.52209543,-87.37776915,2025-04
12324697,23007462112000421000008202S0,OXXO SUC 507CF ISLA HOLBOX CUN,CADENA COMERCIAL OXXO,462112,Comercio al por menor en minisupers,0 a 5 personas,CALLE,TIBURÓN BALLENA,AVENIDA,DAMERO,AVENIDA,PEDRO JOAQUÍN COLDWELL,CALLE,PALOMINO,13,,,,,,COLONIA,ISLA DE HOLBOX,,,,77310,23,Quintana Roo,007,Lázaro Cárdenas,0012,Holbox,0233,024,,ATENCIONCLIENTES@OXXO.COM,WWW.OXXO.COM,Fijo,21.52422454,-87.38001961,2026-04
8132364,23007465311000151000000000U8,PAPELERIA EL ESTUDIANTE,,465311,Comercio al por menor de artículos de papelería,0 a 5 personas,CALLE,DAMERO,CALLE,CANANE,CALLE,MORELOS,CALLE,DAMERO,,SN,,,,,OTRO,HOLBOX,,,,77310,23,Quintana Roo,007,Lázaro Cárdenas,0012,Holbox,0233,007,9848077517,,,Fijo,21.52300165,-87.38003589,2019-11
8132423,23007465311000161000000000U7,PAPELERIA Y NOVEDADES AXEL,,465311,Comercio al por menor de artículos de papelería,0 a 5 personas,CALLE,JERONIMO DE AGUILAR,AVENIDA,BENITO JUAREZ,AVENIDA,PALOMINO,CALLE,PORFIRIO DIAZ,,SN,,,,,LOCALIDAD,HOLBOX,,,,77310,23,Quintana Roo,007,Lázaro Cárdenas,0012,Holbox,0233,002,9995698063,,,Fijo,21.52308943,-87.37799852,2019-11
10052849,23007465111000051000000000U4,PERFUMERIA GIANETI APOTHECARY,RUSCONI DAVIDE,465111,Comercio al por menor de artículos de perfumería y cosméticos,0 a 5 personas,AVENIDA,PALOMINO,CALLE,PORFIRIO DIAZ,CALLE,PEDRO JOAQUIN CODWELL,CALLE,CARITO,,SN,,,,,LOCALIDAD,HOLBOX,,,,77310,23,Quintana Roo,007,Lázaro Cárdenas,0012,Holbox,0233,010,,,,Fijo,21.52401255,-87.37861682,2024-11
7833472,23007461123000091000000000U9,PESCADERIA DOÑA TERE,,461123,Comercio al por menor de pescados y mariscos,0 a 5 personas,CALLE,NINGUNO,CALLE,NINGUNO,CALLE,NINGUNO,CALLE,NINGUNO,,SN,,,,,OTRO,HOLBOX,,,,77310,23,Quintana Roo,007,Lázaro Cárdenas,0012,Holbox,0233,031,9841292153,,,Fijo,21.52120987,-87.37431161,2019-11
9569985,23007465915000221000000000U7,PIÑATAS ARTESANIAS Y NOVEDADES CREACIONES AVILA,,465915,Comercio al por menor en tiendas de artesanías,0 a 5 personas,CALLE,DAMERO,CALLE,PARGO,CALLE,TINTORERA,CALLE,DAMERO,,SN,,,,,OTRO,HOLBOX,,,,77310,23,Quintana Roo,007,Lázaro Cárdenas,0012,Holbox,0233,048,,,,Fijo,21.52115325,-87.38160983,2024-11
12295291,23007467113000051000000000U8,PINTURAS COMEX,MS COMERCIALIZADORA E IMPORTADORA,467113,Comercio al por menor de pintura,0 a 5 personas,AVENIDA,DAMERO,CALLE,,CALLE,,AVENIDA,,,SN,,,,,PUEBLO,HOLBOX,,,,77310,23,Quintana Roo,007,Lázaro Cárdenas,0012,Holbox,0233,800,,,,Fijo,21.51817075,-87.3830226,2026-04
8132192,23007434314000011000000000U6,PLASTICOS CHANDAY,,467115,Comercio al por menor de artículos para la limpieza,0 a 5 personas,AVENIDA,PALOMINO,CALLE,JERONIMO DE AGUILAR,CALLE,PASEO KUKA,CALLE,CARITO,,SN,,,,,LOCALIDAD,HOLBOX,,,,77310,23,Quintana Roo,007,Lázaro Cárdenas,0012,Holbox,0233,012,,,,Fijo,21.52311251,-87.37761415,2019-11
7878581,23007461122000201000000000U6,POLLERIA SIN NOMBRE,,461122,Comercio al por menor de carne de aves,0 a 5 personas,CALLE,HERNAN CORTES,CALLE,VULKAY,CALLE,SIERRA,CALLE,HERNAN CORTES,,SN,,,,,OTRO,HOLBOX,,,,77310,23,Quintana Roo,007,Lázaro Cárdenas,0012,Holbox,0233,066,,,,Fijo,21.52331098,-87.37536099,2019-11
8132356,23007461122000181000000000U0,POLLOS FRESCOS Y ASADOS,DELICIA DEL ROCIO TINAL KOYOC,461122,Comercio al por menor de carne de aves,0 a 5 personas,AVENIDA,BENITO JUAREZ,CALLE,JERONIMO DE AGUILAR,CALLE,PASEO KUKA,AVENIDA,PALOMINO,,SN,,,,,LOCALIDAD,HOLBOX,,,,77310,23,Quintana Roo,007,Lázaro Cárdenas,0012,Holbox,0233,003,,,,Fijo,21.52233155,-87.37801986,2019-11
11490553,23007467115000021000000000U6,PRODUCTOS DE LIMPIEZA PROLIPAZ,RITA CEN,467115,Comercio al por menor de artículos para la limpieza,0 a 5 personas,CALLE,PORFIRIO DIAZ,AVENIDA,BENITO JUAREZ,CALLE,MORELOS,CALLE,JERONIMO DE AGUILAR,,SN,,,,,LOCALIDAD,HOLBOX,,,,77310,23,Quintana Roo,007,Lázaro Cárdenas,0012,Holbox,0233,001,,PROLIPAZHOLBOX@GMAIL.COM,,Fijo,21.52286742,-87.37911407,2024-11
8227624,23007463211000301000000000U3,SANDMADE BOUTIQUE,,463211,"Comercio al por menor de ropa, excepto de bebé y lencería",0 a 5 personas,AVENIDA,TIBURON BALLENA,CALLE,JERONIMO DE AGUILAR,CALLE,PORFIRIO DIAZ,CALLE,JERONIMO DE AGUILAR,,SN,,,,,LOCALIDAD,HOLBOX,,,,77310,23,Quintana Roo,007,Lázaro Cárdenas,0012,Holbox,0233,002,9841643012,SANDMADESWIMWEAR@HOTMAIL.COM,,Fijo,21.52275113,-87.37846927,2019-11
11620693,23007462112000321000000000U2,SCODI2 MINI SUPER,,461110,"Comercio al por menor en tiendas de abarrotes, ultramarinos y misceláneas",0 a 5 personas,CALLE,SIERRA,CALLE,PASEO KUKA,CALLE,HERNAN CORTEZ,CALLE,PASEO KUKA,,SN,,,,,LOCALIDAD,HOLBOX,,,,77310,23,Quintana Roo,007,Lázaro Cárdenas,0012,Holbox,0233,030,,,,Fijo,21.523648,-87.37603277,2024-11
8286054,23007468411000042001000000U4,SERVICIOS MARINOS HOLBOX,SERVICIOS MARINOS HOLBOX,468411,Comercio al por menor de gasolina y diesel,0 a 5 personas,CALLE,AVENIDA CANANE,CALLE,NINGUNO,CALLE,NINGUNO,CALLE,MORELOS,,SN,,,,SN,LOCALIDAD,ISLA HOLBOX,,,,77730,23,Quintana Roo,007,Lázaro Cárdenas,0012,Holbox,0233,074,,ES_11299@ENERKOM.COM.MX,,Fijo,21.51931569,-87.37683163,2019-11
9243550,23007461212000331100009259S0,SIX CLAUDIAS,CONTROLADORA DE NEGOCIOS COMERCIALES,461212,Comercio al por menor de cerveza,0 a 5 personas,CALLE,JERONIMO DE AGUILAR,CALLE,CARITO,AVENIDA,PALOMINO,CALLE,PORFIRIO DÍAZ,,SN,,,,,COLONIA,CENTRO HOLBOX,,,,77310,23,Quintana Roo,007,Lázaro Cárdenas,0012,Holbox,0233,012,,SAUL.RODRIGUEZ@HEINEKEN.COM,WWW.HEINEKEN.COM,Fijo,21.52346192,-87.3775501,2026-04
8839328,23007461110000931000000000U3,SIX CLAUDIAS,ROSARIO CASERES,461212,Comercio al por menor de cerveza,0 a 5 personas,CALLE,JERONIMO DE AGUILAR,CALLE,CARITO,AVENIDA,PALOMINO,CALLE,PORFIRIO DIAZ,,SN,,,,,LOCALIDAD,HOLBOX,,,,77310,23,Quintana Roo,007,Lázaro Cárdenas,0012,Holbox,0233,011,,,,Fijo,21.52349662,-87.37758343,2019-11
11733001,23007461212000651000000000U1,SIX EL CAMPEON,CONTROLADORA DE NEGOCIOS COMERCIALES,461212,Comercio al por menor de cerveza,0 a 5 personas,AVENIDA,PALOMINO,CALLE,JERONIMO DE AGUILAR,CALLE,PASEO KUKA,AVENIDA,BENITO JUAREZ,,SN,,,,,LOCALIDAD,HOLBOX,,,,77310,23,Quintana Roo,007,Lázaro Cárdenas,0012,Holbox,0233,003,,,,Fijo,21.52296708,-87.37754143,2025-04
9243557,23007461212000361000009259S7,SIX EL SOÑADOR,CONTROLADORA DE NEGOCIOS COMERCIALES,461212,Comercio al por menor de cerveza,0 a 5 personas,AVENIDA,BENITO JUÁREZ,CALLE,OCÉANO ATLANTICO,CALLE,NINGUNO,CALLE,MORELOS,,SN,,,,,COLONIA,CENTRO,,,,77310,23,Quintana Roo,007,Lázaro Cárdenas,0012,Holbox,0233,054,,SAUL.RODRIGUEZ@HEINEKEN.COM,WWW.HEINEKEN.COM,Fijo,21.52060134,-87.37645262,2026-04
10818548,23007462112000351000000000U9,SIX JESAVEL,,461212,Comercio al por menor de cerveza,0 a 5 personas,AVENIDA,TIBURON BALLENA,OTRO(ESPECIFIQUE),MAR,CALLE,VICENTE GUERRERO,AVENIDA,PALOMINO,,SN,,,,,LOCALIDAD,HOLBOX,,,,77310,23,Quintana Roo,007,Lázaro Cárdenas,0012,Holbox,0233,043,,,,Fijo,21.52435093,-87.38015868,2024-11
9243556,23007461212000381000009259S5,SIX MI BELLA ISLA,CONTROLADORA DE NEGOCIOS COMERCIALES,461212,Comercio al por menor de cerveza,0 a 5 personas,CALLE,MORELOS,CALLE,,CALLE,,CALLE,CANANE,,SN,,,,,COLONIA,CENTRO HOLBOX,,,,77310,23,Quintana Roo,007,Lázaro Cárdenas,0012,Holbox,0233,022,,SAUL.RODRIGUEZ@HEINEKEN.COM,WWW.HEINEKEN.COM,Fijo,21.52324327,-87.38019082,2026-04
9040651,23007461123000071000000000U1,SOCIEDAD COOPERATIVA DE PRODUCCION PESQUERA,SOCIEDAD COOPERATIVA DE PRODUCCION PESQUERA,461123,Comercio al por menor de pescados y mariscos,0 a 5 personas,AVENIDA,TIBURON BALLENA,CALLE,OCEANO ATLANTICO,CALLE,HERNAN CORTEZ,AVENIDA,BENITO JUAREZ,,SN,,,,,LOCALIDAD,HOLBOX,,,,77310,23,Quintana Roo,007,Lázaro Cárdenas,0012,Holbox,0233,032,,VANGUARDIA.DELMAR@HOTMAIL.COM,,Fijo,21.52124255,-87.37686366,2019-11
11843474,23007463211000591000000000U9,SOMBRA ROPAS Y ACCESORIOS,DOLL TULUM,463211,"Comercio al por menor de ropa, excepto de bebé y lencería",0 a 5 personas,AVENIDA,BENITO JUÁREZ,CALLE,Jeronimo de Aguilar,CALLE,Paseo Kuka,CALLE,Morelos,,SN,,,,,LOCALIDAD,HOLBOX,,,,77310,23,Quintana Roo,007,Lázaro Cárdenas,0012,Holbox,0233,004,,,,Fijo,21.52239947,-87.37820134,2025-04
9590305,23007464111000141000000000U4,STAR PHARMACY,PHARMACY STAR,464111,Farmacias sin minisúper,0 a 5 personas,CALLE,DAMERO,AVENIDA,PALOMINO,CALLE,CARITO,CALLE,PORFIRIO DIAZ,,SN,,,,,LOCALIDAD,HOLBOX,,,,77310,23,Quintana Roo,007,Lázaro Cárdenas,0012,Holbox,0233,010,,,,Fijo,21.52444534,-87.37874499,2024-11
9974457,23007463211000401000000000U1,SUN A SAN TIENDA DE ROPA,,463211,"Comercio al por menor de ropa, excepto de bebé y lencería",0 a 5 personas,AVENIDA,BENITO JUAREZ,CALLE,JERONIMO DE AGUILAR,CALLE,PASEO KUKA,CALLE,ESMEDREGAL,,SN,,,,,LOCALIDAD,HOLBOX,,,,77310,23,Quintana Roo,007,Lázaro Cárdenas,0012,Holbox,0233,004,,,,Fijo,21.52250502,-87.3783134,2024-11
12322681,23007462112000392000012312S3,SUPER CHEDARUI TIBURON BALLENA T086,TIENDAS CHEDRAUI,462112,Comercio al por menor en minisupers,6 a 10 personas,CALLE,DAMERO,CALLE,TIBURON BALLENA,CALLE,ESMEDREGAL,CALLE,PORFIRIO DIAZ,,MZA 3 ZONA 2,,,,,LOCALIDAD,ISLA HOLBOX,,,,77310,23,Quintana Roo,007,Lázaro Cárdenas,0012,Holbox,0233,008,,BUZON@CHEDRAUI.COM.MX,WWW.CHEDRAUI.COM.MX,Fijo,21.52345852,-87.37935941,2026-04
8132304,23007462112000142000000000U2,SUPER MONKEYS,,462112,Comercio al por menor en minisupers,6 a 10 personas,AVENIDA,TIBURON BALLENA,CALLE,JERONIMO DE AGUILAR,CALLE,PORFIRIO DIAZ,CALLE,PORFIRIO DIAZ,,SN,,,,,LOCALIDAD,HOLBOX,,,,77310,23,Quintana Roo,007,Lázaro Cárdenas,0012,Holbox,0233,001,,JUD_MOD@HOTMAIL.COM,,Fijo,21.52277239,-87.37860408,2019-11
11557715,23007461211000031000000000U8,TEQUILA HOUSE VENTA DE LICORES,INOVACION DE MEXICO PARA EL MUNDO,461211,Comercio al por menor de vinos y licores,0 a 5 personas,CALLE,DAMERO,CALLE,CARITO,CALLE,JUSTO SIERRA,CALLE,PORFIRIO DIAZ,,SN,,,,,LOCALIDAD,HOLBOX,,,,77310,23,Quintana Roo,007,Lázaro Cárdenas,0012,Holbox,0233,027,,,,Fijo,21.52495074,-87.37821181,2024-11
10131721,23007463211000561000000000U2,TIENDA APOLLO BOUTIQUE,,463211,"Comercio al por menor de ropa, excepto de bebé y lencería",0 a 5 personas,CALLE,DAMERO,AVENIDA,PALOMINO,CALLE,CARITO,CALLE,PORFIRIO DIAZ,,SN,,,,,LOCALIDAD,HOLBOX,,,,77310,23,Quintana Roo,007,Lázaro Cárdenas,0012,Holbox,0233,010,,,,Fijo,21.52426645,-87.37893508,2024-11
8132251,23007461110000851000000000U3,TIENDA DE ABARROTES BETHEL,,461110,"Comercio al por menor en tiendas de abarrotes, ultramarinos y misceláneas",0 a 5 personas,CALLE,VULKAY,CALLE,PASEO KUKA,CALLE,HERNAN CORTEZ,CALLE,SIERRA,,SN,,,,,OTRO,HOLBOX,,,,77310,23,Quintana Roo,007,Lázaro Cárdenas,0012,Holbox,0233,046,9841855892,,,Fijo,21.52385877,-87.37505893,2019-11
11049060,23007461110001231000000000U7,TIENDA DE ABARROTES SIN NOMBRE,,461110,"Comercio al por menor en tiendas de abarrotes, ultramarinos y misceláneas",0 a 5 personas,CALLE,PASEO KUKA,CALLE,NINGUNO,OTRO(ESPECIFIQUE),NINGUNO,CALLE,NINGUNO,2,,,,,,OTRO,HOLBOX,,,,77310,23,Quintana Roo,007,Lázaro Cárdenas,0012,Holbox,0233,133,,,,Fijo,21.51785184,-87.38172655,2024-11
10459363,23007463215000051000000000U5,TIENDA DE ACCESORIOS LA MAR,,463215,Comercio al por menor de bisutería y accesorios de vestir,0 a 5 personas,CALLE,DAMERO,CALLE,NINGUNO,CALLE,JUSTO SIERRA,CALLE,PASEO KUKA,,SN,,,,,LOCALIDAD,HOLBOX,,,,77310,23,Quintana Roo,007,Lázaro Cárdenas,0012,Holbox,0233,044,,,,Fijo,21.52618147,-87.37693099,2024-11
10062856,23007465915000271000000000U2,TIENDA DE ARTESANIAS BARRA AZUL,,465915,Comercio al por menor en tiendas de artesanías,0 a 5 personas,CALLE,PORFIRIO DIAZ,AVENIDA,PALOMINO,CALLE,CARITO,CALLE,DAMERO,,SN,,,,,LOCALIDAD,HOLBOX,,,,77310,23,Quintana Roo,007,Lázaro Cárdenas,0012,Holbox,0233,010,,,,Fijo,21.52416039,-87.3780202,2024-11
9970748,23007465915000281000000000U1,TIENDA DE ARTESANIAS CHIAPAS,,465915,Comercio al por menor en tiendas de artesanías,0 a 5 personas,CALLE,DAMERO,CALLE,JUSTO SIERRA,CALLE,CARITO,OTRO(ESPECIFIQUE),MAR,,SN,,,,,LOCALIDAD,HOLBOX,,,,77310,23,Quintana Roo,007,Lázaro Cárdenas,0012,Holbox,0233,026,,,,Fijo,21.52526536,-87.37797245,2024-11
8132260,23007465915000052001000000U6,TIENDA DE ARTESANIAS PUESTA DEL SOL,,465915,Comercio al por menor en tiendas de artesanías,0 a 5 personas,CALLE,DAMERO,AVENIDA,PALOMINO,CALLE,CARITO,AVENIDA,PALOMINO,,SN,,,,,LOCALIDAD,HOLBOX,,,,77310,23,Quintana Roo,007,Lázaro Cárdenas,0012,Holbox,0233,010,9841442584,,,Fijo,21.52463732,-87.37854099,2019-11
10302386,23007465915000291000000000U0,TIENDA DE ARTESANIAS VALENTIN,,465915,Comercio al por menor en tiendas de artesanías,0 a 5 personas,CALLE,DAMERO,AVENIDA,BENITO JUAREZ,CALLE,MORELOS,CALLE,PORFIRIO DIAZ,,SN,,,,,LOCALIDAD,HOLBOX,,,,77531,23,Quintana Roo,007,Lázaro Cárdenas,0012,Holbox,0233,008,,,,Fijo,21.52331337,-87.37976759,2024-11
10173369,23007465112000071000000000U0,TIENDA DE JOYERIA DESTINY,,465112,Comercio al por menor de artículos de joyería y relojes,0 a 5 personas,CALLE,DAMERO,CALLE,CANANE,CALLE,MORELOS,CALLE,DAMERO,,SN,,,,,OTRO,HOLBOX,,,,77310,23,Quintana Roo,007,Lázaro Cárdenas,0012,Holbox,0233,007,,,,Fijo,21.52264874,-87.38033964,2024-11
11643495,23007464121000021000000000U7,TIENDA DE LENTES HAPPY EYES CO,,464121,Comercio al por menor de lentes,0 a 5 personas,AVENIDA,PALOMINO,CALLE,PORFIRIO DIAZ,CALLE,PEDRO JOAQUIN CODWELL,CALLE,CARITO,,SN,,,,,LOCALIDAD,HOLBOX,,,,77310,23,Quintana Roo,007,Lázaro Cárdenas,0012,Holbox,0233,010,,,,Fijo,21.52392815,-87.37850991,2024-11
9982868,23007465912000111000000000U7,TIENDA DE NOVEDADES NOELY,,465912,Comercio al por menor de regalos,0 a 5 personas,AVENIDA,TIBURON BALLENA,CALLE,VICENTE GUERRERO,CALLE,PEDRO JOAQUIN CODWELL,CALLE,ESMEDREGAL,,SN,,,,,LOCALIDAD,HOLBOX,,,,77310,23,Quintana Roo,007,Lázaro Cárdenas,0012,Holbox,0233,023,,,,Fijo,21.52384895,-87.37976436,2024-11
10529577,23007463211000461000000000U5,TIENDA DE ROPA JOANA CHOC,,463211,"Comercio al por menor de ropa, excepto de bebé y lencería",0 a 5 personas,CALLE,DAMERO,CALLE,CANANE,CALLE,MORELOS,CALLE,DAMERO,,SN,,,,,OTRO,HOLBOX,,,,77310,23,Quintana Roo,007,Lázaro Cárdenas,0012,Holbox,0233,007,,,,Fijo,21.52285853,-87.38015907,2024-11
8894413,23007463211000181000000000U9,TIENDA DE ROPA LA DIOSA MAYA,,463211,"Comercio al por menor de ropa, excepto de bebé y lencería",0 a 5 personas,AVENIDA,PALOMINO,CALLE,PEDRO JOAQUIN CODWELL,CALLE,VICENTE GUERRERO,AVENIDA,PALOMINO,,SN,,,,,LOCALIDAD,HOLBOX,,,,77310,23,Quintana Roo,007,Lázaro Cárdenas,0012,Holbox,0233,024,,,,Fijo,21.52445404,-87.37923142,2019-11
7833461,23007463211000251000000000U0,TIENDA DE ROPA LOLITA,,463211,"Comercio al por menor de ropa, excepto de bebé y lencería",0 a 5 personas,CALLE,DEMERO,AVENIDA,BENITO JUAREZ,AVENIDA,PALOMINO,CALLE,PEDRO JOAQUIN COLDWELL,,SN,,,,,LOCALIDAD,HOLBOX,,,,77310,23,Quintana Roo,007,Lázaro Cárdenas,0012,Holbox,0233,024,,LOLITAHOLBOX@GMAIL.COM,,Fijo,21.52401059,-87.37925066,2019-11
9011201,23007463211000171000000000U0,TIENDA DE ROPA PATO STYLE,,463211,"Comercio al por menor de ropa, excepto de bebé y lencería",0 a 5 personas,CALLE,DAMERO,CALLE,CARITO,CALLE,JUSTO SIERRA,CALLE,DAMERO,,SN,,,,,LOCALIDAD,HOLBOX,,,,77310,23,Quintana Roo,007,Lázaro Cárdenas,0012,Holbox,0233,027,,,,Fijo,21.52487117,-87.37829393,2019-11
10522879,23007463211000581000000000U0,TIENDA DE ROPA ZIBA,,463211,"Comercio al por menor de ropa, excepto de bebé y lencería",0 a 5 personas,AVENIDA,NINGUNO,CALLE,VICENTE GUERRERO,OTRO(ESPECIFIQUE),MAR,AVENIDA,TIBURON BALLENA,,SN,,,,,OTRO,HOLBOX,,,,77310,23,Quintana Roo,007,Lázaro Cárdenas,0012,Holbox,0233,042,,,,Fijo,21.5243303,-87.38025082,2024-11
9967645,23007463310000091000000000U0,TIENDA DE SANDALIAS HUNUCMQ,,463310,Comercio al por menor de calzado,0 a 5 personas,CALLE,DAMERO,AVENIDA,BENITO JUAREZ,CALLE,MORELOS,CALLE,PORFIRIO DIAZ,,SN,,,,,LOCALIDAD,HOLBOX,,,,77531,23,Quintana Roo,007,Lázaro Cárdenas,0012,Holbox,0233,008,,,,Fijo,21.52335841,-87.37972883,2024-11
9762460,23007461110001271000000000U3,TIENDA PUNTA COCO MARKET,,461110,"Comercio al por menor en tiendas de abarrotes, ultramarinos y misceláneas",0 a 5 personas,CALLE,CHARAL,CALLE,VICENTE GUERRERO,CALLE,NINGUNO,CALLE,CHARAL,,SN,,,,,OTRO,HOLBOX,,,,77310,23,Quintana Roo,007,Lázaro Cárdenas,0012,Holbox,0233,115,,,,Semifijo,21.5173388,-87.38818778,2024-11
11465363,23007461110001541000000000U9,TIENDA SCONDI2,,461110,"Comercio al por menor en tiendas de abarrotes, ultramarinos y misceláneas",0 a 5 personas,CALLE,LISA,CALLE,NINGUNO,CALLE,OCEANO ATLANTICO,CALLE,GONZALO GUERRERO,,SN,,,,,OTRO,HOLBOX,,,,77310,23,Quintana Roo,007,Lázaro Cárdenas,0012,Holbox,0233,122,,,,Fijo,21.51937573,-87.37812997,2024-11
11401530,23007461110001551000000000U8,TIENDITA LOS COCOS,JESUS MAICHALE,461110,"Comercio al por menor en tiendas de abarrotes, ultramarinos y misceláneas",0 a 5 personas,CALLE,TINTORERA,CALLE,PORFIRIO DIAZ,CALLE,PEDRO JOAQUIN CODWELL,CALLE,PARGO,,SN,,,,,OTRO,HOLBOX,,,,77310,23,Quintana Roo,007,Lázaro Cárdenas,0012,Holbox,0233,048,,,,Fijo,21.5208637,-87.38109749,2024-11
10804842,23007463211000571000000000U1,TLALEH CONCEPT STORE,TLALEH CONCEPT STORE,463211,"Comercio al por menor de ropa, excepto de bebé y lencería",0 a 5 personas,CALLE,DAMERO,AVENIDA,BENITO JUAREZ,CALLE,MORELOS,CALLE,PORFIRIO DIAZ,,SN,,,,,LOCALIDAD,HOLBOX,,,,77531,23,Quintana Roo,007,Lázaro Cárdenas,0012,Holbox,0233,008,,TLALEH.CLOTHING@GMAIL.COM,,Fijo,21.52337411,-87.37971531,2024-11
10957836,23007463211000341000000000U9,VALENTIN STORE ROPA Y ACCESORIOS,,463211,"Comercio al por menor de ropa, excepto de bebé y lencería",0 a 5 personas,CALLE,DAMERO,AVENIDA,BENITO JUAREZ,CALLE,MORELOS,CALLE,PORFIRIO DIAZ,,SN,,,,,LOCALIDAD,HOLBOX,,,,77531,23,Quintana Roo,007,Lázaro Cárdenas,0012,Holbox,0233,008,,,,Fijo,21.52316433,-87.37989588,2024-11
8132416,23007465915000071000000000U6,VENTA DE ARTESANIAS NATURAL,RAMIRO LOPEZ,465915,Comercio al por menor en tiendas de artesanías,0 a 5 personas,AVENIDA,TIBURON BALLENA,CALLE,PORFIRIO DIAZ,CALLE,PEDRO JOAQUIN CODWELL,CALLE,ESMEDREGAL,,SN,,,,,LOCALIDAD,HOLBOX,,,,77531,23,Quintana Roo,007,Lázaro Cárdenas,0012,Holbox,0233,008,,,,Fijo,21.52344274,-87.37934203,2019-11
10946969,23007466212000141000000000U8,VENTA DE CELULARES Y ACCESORIOS,ALEXANDER RODRIGUEZ,466212,Comercio al por menor de teléfonos y otros aparatos de comunicación,0 a 5 personas,CALLE,DAMERO,CALLE,PARGO,CALLE,TINTORERA,CALLE,DAMERO,,SN,,,,,OTRO,HOLBOX,,,,77310,23,Quintana Roo,007,Lázaro Cárdenas,0012,Holbox,0233,048,,,,Fijo,21.52118041,-87.38159068,2024-11
9717449,23007466312000081000000000U4,VIVERO YUMIL KA AN,,466312,Comercio al por menor de plantas y flores naturales,0 a 5 personas,CALLE,TINTORERA,CALLE,PEDRO JOAQUIN CODWELL,CALLE,VICENTE GUERRERO,CALLE,LISA,,SN,,,,,OTRO,HOLBOX,,,,77310,23,Quintana Roo,007,Lázaro Cárdenas,0012,Holbox,0233,038,9848077597,,,Fijo,21.5214438,-87.38170538,2024-11
11267472,23007463211000551000000000U3,XAMAN BY WAY,,463211,"Comercio al por menor de ropa, excepto de bebé y lencería",0 a 5 personas,CALLE,DAMERO,AVENIDA,BENITO JUAREZ,CALLE,MORELOS,CALLE,PORFIRIO DIAZ,,SN,,,,,LOCALIDAD,HOLBOX,,,,77531,23,Quintana Roo,007,Lázaro Cárdenas,0012,Holbox,0233,008,,,,Fijo,21.52338004,-87.37971021,2024-11
9666241,23007466211000021000000000U4,YOMATICA,ENVEJECER LOPEZ CORTES,466211,"Comercio al por menor de mobiliario, equipo y accesorios de cómputo",0 a 5 personas,AVENIDA,TIBURON BALLENA,CALLE,OCEANO ATLANTICO,CALLE,OCEANO PACIFICO,AVENIDA,PALOMINO,,SN,,,,,OTRO,HOLBOX,,,,77310,23,Quintana Roo,007,Lázaro Cárdenas,0012,Holbox,0233,047,,TIENDA@YOMATICA.COM,,Fijo,21.52083212,-87.37648965,2024-11
9243553,23007461212000321100009259S1,YUC SIX BICHOS,CONTROLADORA DE NEGOCIOS COMERCIALES,461212,Comercio al por menor de cerveza,0 a 5 personas,AVENIDA,PALOMINO,CALLE,PORFIRIO DÍAZ,CALLE,PEDRO JOAQUÍN CODWELL,CALLE,CARITO,,SN,,,,,COLONIA,HOLBOX,,,,77310,23,Quintana Roo,007,Lázaro Cárdenas,0012,Holbox,0233,800,,SAUL.RODRIGUEZ@HEINEKEN.COM,WWW.HEINEKEN.COM,Fijo,21.52387076,-87.3784372,2026-04
9486355,23007461212000551000009259S3,YUC SIX CRISMI,CONTROLADORA DE NEGOCIOS COMERCIALES,461212,Comercio al por menor de cerveza,0 a 5 personas,AVENIDA,AVENIDA DAMERO,OTRO(ESPECIFIQUE),NINGUNO,OTRO(ESPECIFIQUE),NINGUNO,OTRO(ESPECIFIQUE),NINGUNO,1,,,,,,COLONIA,ISLA HOLBOX,,,,77310,23,Quintana Roo,007,Lázaro Cárdenas,0012,Holbox,0233,069,,SAUL.RODRIGUEZ@HEINEKEN.COM,WWW.HEINEKEN.COM,Fijo,21.52046277,-87.38065571,2024-05
9482162,23007461212000611000009259S5,YUC SIX EL CAMPEON,CONTROLADORA DE NEGOCIOS COMERCIALES,461212,Comercio al por menor de cerveza,0 a 5 personas,AVENIDA,BENITO JUÁREZ,CALLE,,CALLE,,CALLE,,3,MZA5,,,,,COLONIA,HOLBOX,,,,77310,23,Quintana Roo,007,Lázaro Cárdenas,0012,Holbox,0233,054,,SAUL.RODRIGUEZ@HEINEKEN.COM,WWW.HEINEKEN.COM,Fijo,21.52062662,-87.37647741,2026-04
9482285,23007461212000451000009259S6,YUC SIX JESSAVEL,CONTROLADORA DE NEGOCIOS COMERCIALES,461212,Comercio al por menor de cerveza,0 a 5 personas,AVENIDA,BENITO JUÁREZ,CALLE,,CALLE,,AVENIDA,,,SN,,,,,COLONIA,N/A,,,,77310,23,Quintana Roo,007,Lázaro Cárdenas,0012,Holbox,0233,053,,SAUL.RODRIGUEZ@HEINEKEN.COM,WWW.HEINEKEN.COM,Fijo,21.52044599,-87.37611331,2026-04
8726452,23007463310000061000000000U3,ZAPATERIA BRITANY,,463310,Comercio al por menor de calzado,0 a 5 personas,CALLE,PORFIRIO DIAZ,CALLE,PARGO,CALLE,TINTORERA,CALLE,DAMERO,,SN,,,,,OTRO,HOLBOX,,,,77310,23,Quintana Roo,007,Lázaro Cárdenas,0012,Holbox,0233,048,,,,Fijo,21.52075176,-87.38110339,2019-11
12275670,23007483210000141000000000U1,HOLBOX EXPRESS FAST FERRY,TRANSBORDADORES DE HOLBOX,483210,Transporte por aguas interiores,0 a 5 personas,AVENIDA,TIBURON BALLENA,CALLE,NINGUNO,CALLE,OCEANO ATLANTICO,AVENIDA,TIBURON BALLENA,,SN,,,,,OTRO,HOLBOX,,,,77310,23,Quintana Roo,007,Lázaro Cárdenas,0012,Holbox,0233,054,,,,Fijo,21.52037354,-87.37622929,2026-04
6514628,23007483112000023101000000U9,TRANSBORDADORES HOLBOX,TRANSBORDADORES HOLBOX,483112,"Transporte marítimo de cabotaje, excepto de petróleo y gas natural",31 a 50 personas,CALLE,NINGUNO,CALLE,Palomino,CALLE,Benito Juárez,OTRO(ESPECIFIQUE),Océano Pacifico,1,,,,,,COLONIA,CENTRO ISLA HOBOX,,,,77310,23,Quintana Roo,007,Lázaro Cárdenas,0012,Holbox,0233,053,9841873326,CORMONKEY@OUTLOOK.COM,,Fijo,21.51979668,-87.37544821,2016-01
12319140,23007492110000021000000000U6,OFICINA BYAL,BYAL,492110,Servicios de mensajería y paquetería foránea,0 a 5 personas,CALLE,CARITO,CALLE,Porfirio Diaz,CALLE,Jeronimo de Aguilar,CALLE,Justo Sierra,,SN,,,,,LOCALIDAD,HOLBOX,,,,77310,23,Quintana Roo,007,Lázaro Cárdenas,0012,Holbox,0233,028,,,,Fijo,21.52403353,-87.37758371,2026-04
9274907,23007517311000031000014251S0,ISLA HOLBOX,FINANCIERA PARA EL BIENESTAR,517311,Operadores de servicios de telecomunicaciones alámbricas,0 a 5 personas,CALLE,PORFIRIO DÍAZ,AVENIDA,PALOMINO,AVENIDA,BENITO JUÁREZ,CALLE,JERONIMO DE AGUILAR,,SN,,,,,COLONIA,CENTRO,,,,77310,23,Quintana Roo,007,Lázaro Cárdenas,0012,Holbox,0233,002,,JUAN.RAMIREZ@TELECOMM.GOB.MX,HTTPS://WWW.TELECOMM.GOB.MX/,Fijo,21.52337614,-87.37866005,2020-11
9414594,23007522110000121001013870S0,CIBANCO HOLBOX,CIBANCO S.A. INSTITUCION DE BANCA MULTIPLE,522110,Banca múltiple,11 a 30 personas,CALLE,BENITO JUÁREZ,CALLE,PASEO KUKA,CALLE,HERNÁN CORTEZ,CALLE,NINGUNO,,SN,,,,,PUEBLO,HOLBOX,,,,77310,23,Quintana Roo,007,Lázaro Cárdenas,0012,Holbox,0233,015,,,,Fijo,21.52157348,-87.37732438,2026-04
8705742,23007523122000011000000000U5,G CAPITAL,CENTRO CAMBIARIO,523122,Centros cambiarios,0 a 5 personas,AVENIDA,TIBURON BALLENA,CALLE,JERONIMO DE AGUILAR,CALLE,PORFIRIO DIAZ,CALLE,PORFIRIO DIAZ,,SN,,,,,LOCALIDAD,HOLBOX,,,,77310,23,Quintana Roo,007,Lázaro Cárdenas,0012,Holbox,0233,001,,,,Fijo,21.52298861,-87.37884211,2019-11
8705801,23007531114000011000000000U2,ADMINISTRACION PLAZA EL PUEBLITO,ENTRETENIMIENTO INTEGRAL DE LA PENINSULA,531114,Alquiler sin intermediación de oficinas y locales comerciales,0 a 5 personas,AVENIDA,TIBURON BALLENA,CALLE,JERONIMO DE AGUILAR,CALLE,PORFIRIO DIAZ,AVENIDA,PALOMINO,,SN,,1,,,LOCALIDAD,HOLBOX,CENTRO Y PLAZA COMERCIAL,PLAZA ELPUEBLITO,SN,77310,23,Quintana Roo,007,Lázaro Cárdenas,0012,Holbox,0233,002,,,,Fijo,21.52302558,-87.3787714,2019-11
10815890,23007532289000161000000000U4,AMAS BIKE RENTAL,,532289,Alquiler de otros artículos para el hogar y personales,0 a 5 personas,CALLE,DAMERO,CALLE,CANANE,CALLE,MORELOS,CALLE,DAMERO,,SN,,,,,OTRO,HOLBOX,,,,77310,23,Quintana Roo,007,Lázaro Cárdenas,0012,Holbox,0233,022,,,,Fijo,21.52265577,-87.3804332,2024-11
11254722,23007532289000141000000000U6,BIKE RENTAL SIN NOMBRE,,532289,Alquiler de otros artículos para el hogar y personales,0 a 5 personas,CALLE,CHARAL,CALLE,NINGUNO,OTRO(ESPECIFIQUE),MAR,CALLE,CHARAL,,SN,,,,,OTRO,HOLBOX,,,,77310,23,Quintana Roo,007,Lázaro Cárdenas,0012,Holbox,0233,113,,,,Semifijo,21.51755016,-87.38851826,2024-11
10326482,23007532289000151000000000U5,BIKE RENTAL SIN NOMBRE,DEYVI MONTES,532289,Alquiler de otros artículos para el hogar y personales,0 a 5 personas,CALLE,CHARAL,CALLE,NINGUNO,CALLE,CHARAL,CALLE,NINGUNO,,SN,,,,,PUEBLO,HOLBOX,,,,77310,23,Quintana Roo,007,Lázaro Cárdenas,0012,Holbox,0233,114,,,,Fijo,21.51763298,-87.38849718,2024-11
10132917,23007532289000131000000000U7,BIKES HOLBOX,JONY DIAZ,532289,Alquiler de otros artículos para el hogar y personales,0 a 5 personas,CALLE,CANANE,CALLE,VICENTE GUERRERO,CALLE,PEDRO JOAQUIN CODWELL,CALLE,CANANE,,SN,,,,,OTRO,HOLBOX,,,,77310,23,Quintana Roo,007,Lázaro Cárdenas,0012,Holbox,0233,022,,,,Fijo,21.52299893,-87.38095701,2024-11
9712105,23007532289000101000000000U0,BIKES HOLBOX RENTA DE BICI,,532289,Alquiler de otros artículos para el hogar y personales,0 a 5 personas,CALLE,PASEO KUKA,CALLE,CARITO,AVENIDA,PALOMINO,CALLE,HERNAN CORTES,,SN,,,,,LOCALIDAD,HOLBOX,,,,77310,23,Quintana Roo,007,Lázaro Cárdenas,0012,Holbox,0233,013,9843115000,BIKEHOLBOX@GMAIL.COM,,Fijo,21.52295724,-87.37698196,2024-11
8367610,23007812410000011010000000U4,CACHARRO,BOOX KING,532289,Alquiler de otros artículos para el hogar y personales,0 a 5 personas,CALLE,JERONIMO DE AGUILAR,AVENIDA,PALOMINO,CALLE,CARITO,CALLE,PASEO KUKA,,SN,,,,,LOCALIDAD,HOLBOX,,,,77310,23,Quintana Roo,007,Lázaro Cárdenas,0012,Holbox,0233,012,,RENTADORA@GRUPOELCACHORRO.COM,,Fijo,21.523263,-87.37773312,2019-11
11628723,23007531210000021000000000U7,CARIBE HOLBOX,HEIDI Y ASOCIADOS,531210,Inmobiliarias y corredores de bienes raíces,0 a 5 personas,AVENIDA,TIBURON BALLENA,CALLE,VICENTE GUERRERO,CALLE,PEDRO JOAQUIN CODWELL,CALLE,DAMERO,,SN,,,,,LOCALIDAD,HOLBOX,,,,77310,23,Quintana Roo,007,Lázaro Cárdenas,0012,Holbox,0233,023,,,,Fijo,21.52402767,-87.37994215,2024-11
10239086,23007531112000021000000000U5,CUARTOS DE RENTA ART MAYA ROOMS,IGNACIO BIVONA,531112,Alquiler sin intermediación de viviendas no amuebladas,0 a 5 personas,AVENIDA,DAMERO,CALLE,NINGUNO,CALLE,NINGUNO,AVENIDA,DAMERO,,SN,,,,,OTRO,HOLBOX,,,,77310,23,Quintana Roo,007,Lázaro Cárdenas,0012,Holbox,0233,139,,,,Fijo,21.51913371,-87.38279799,2024-11
10342196,23007532289000121000000000U8,HOLBOX CRUISERS,,532289,Alquiler de otros artículos para el hogar y personales,0 a 5 personas,CALLE,NINGUNO,AVENIDA,PALOMINO,AVENIDA,BENITO JUAREZ,CALLE,NINGUNO,,SN,,,,,OTRO,HOLBOX,,,,77310,23,Quintana Roo,007,Lázaro Cárdenas,0012,Holbox,0233,053,,,,Fijo,21.52005632,-87.3751115,2024-11
11005506,23007531210000031000000000U6,NORTH COAST REAL ESTATE,,531210,Inmobiliarias y corredores de bienes raíces,0 a 5 personas,AVENIDA,TIBURON BALLENA,CALLE,PASEO KUKA,CALLE,HERNAN CORTEZ,AVENIDA,PALOMINO,,SN,,,,,LOCALIDAD,HOLBOX,,,,77310,23,Quintana Roo,007,Lázaro Cárdenas,0012,Holbox,0233,014,,NORTHCOSTALTENQUIRIES@GMAIL.COM,,Fijo,21.52208921,-87.37776254,2024-11
11602283,23007532289000111000000000U9,RENTADORA DE BICI BIKE LAND,,532289,Alquiler de otros artículos para el hogar y personales,0 a 5 personas,AVENIDA,PALOMINO,CALLE,JERONIMO DE AGUILAR,CALLE,PORFIRIO DIAZ,CALLE,CARITO,,SN,,,,,LOCALIDAD,HOLBOX,,,,77310,23,Quintana Roo,007,Lázaro Cárdenas,0012,Holbox,0233,011,,,WWW.BIKELANDHOLBOX.COM,Fijo,21.52361888,-87.37819976,2024-11
8132424,23007532289000031000000000U9,RENTADORA DE CARRITOS DE GOLF 2 DE AGOSTO,,532289,Alquiler de otros artículos para el hogar y personales,0 a 5 personas,CALLE,JERONIMO DE AGUILAR,AVENIDA,BENITO JUAREZ,AVENIDA,PALOMINO,CALLE,PORFIRIO DIAZ,,SN,,,,,LOCALIDAD,HOLBOX,,,,77310,23,Quintana Roo,007,Lázaro Cárdenas,0012,Holbox,0233,002,,,,Fijo,21.52294793,-87.37813219,2019-11
8132411,23007532289000011000000000U1,RENTADORA DE CARRITOS DE GOLF GLENDY TOURS,,532289,Alquiler de otros artículos para el hogar y personales,0 a 5 personas,CALLE,PORFIRIO DIAZ,CALLE,CANANE,CALLE,MORELOS,CALLE,PORFIRIO DIAZ,,SN,,,,,OTRO,HOLBOX,,,,77310,23,Quintana Roo,007,Lázaro Cárdenas,0012,Holbox,0233,007,9848752093,WCAMAL@HOLBOXGLENDYTOURS.COM,WWW.HOLBOXGLENDYTOURS.COM,Fijo,21.52233213,-87.37969293,2019-11
10537987,23007532289000171000000000U3,RENTADORA DE CARROS DE GOLF LA CONCHITA,RENTADORA LA CONCHITA,532289,Alquiler de otros artículos para el hogar y personales,0 a 5 personas,AVENIDA,TIBURON BALLENA,CALLE,NINGUNO,CALLE,OCEANO ATLANTICO,AVENIDA,TIBURON BALLENA,,SN,,,,,OTRO,HOLBOX,,,,77310,23,Quintana Roo,007,Lázaro Cárdenas,0012,Holbox,0233,054,,,,Fijo,21.52045124,-87.37630547,2024-11
8962140,23007532110000021000000000U8,RENTADORA MONKEYS,OPERADORA TURISTICA MONKEYS,532110,Alquiler de automóviles sin chofer,0 a 5 personas,AVENIDA,TIBURON BALLENA,CALLE,JERONIMO DE AGUILAR,CALLE,PORFIRIO DIAZ,CALLE,ESMEDREGAL,,SN,,,,,LOCALIDAD,HOLBOX,,,,77310,23,Quintana Roo,007,Lázaro Cárdenas,0012,Holbox,0233,001,,,,Fijo,21.52271808,-87.37854428,2019-11
8705743,23007532289000081000000000U4,RESTADORA WILLYS,TURISTICA WILLYS,532289,Alquiler de otros artículos para el hogar y personales,0 a 5 personas,AVENIDA,TIBURON BALLENA,CALLE,JERONIMO DE AGUILAR,CALLE,PORFIRIO DIAZ,CALLE,JERONIMO DE AGUILAR,,SN,,,,,LOCALIDAD,HOLBOX,,,,77310,23,Quintana Roo,007,Lázaro Cárdenas,0012,Holbox,0233,001,9841207552,,,Fijo,21.52287607,-87.37871821,2019-11
7833525,23007541941000011000000000U6,REFUGIO ANIMAL HOLBOX CONSULTORIO VETERINARIO,,541941,Servicios veterinarios para mascotas prestados por el sector privado,0 a 5 personas,CALLE,TINTORERA,CALLE,PEDRO JOAQUIN CODWELL,CALLE,VICENTE GUERRERO,CALLE,TINTORERA,,SN,,,,,OTRO,HOLBOX,,,,77310,23,Quintana Roo,007,Lázaro Cárdenas,0012,Holbox,0233,038,9848078954,MOREMONTESB@GMAIL.COM,,Fijo,21.52166753,-87.38198597,2019-11
10344222,23007561510000031000000000U2,AGENCIA DE VIAJES AZUL TURQUESA,,561510,Agencias de viajes,0 a 5 personas,CALLE,PASEO KUKA,CALLE,CARITO,CALLE,SIERRA,CALLE,JERONIMO DE AGUILAR,,SN,,,,,LOCALIDAD,HOLBOX,,,,77310,23,Quintana Roo,007,Lázaro Cárdenas,0012,Holbox,0233,029,,,,Fijo,21.5237708,-87.37632808,2024-11
10826505,23007561432000131000000000U7,CIBER RED,,561432,Servicios de acceso a computadoras,0 a 5 personas,AVENIDA,PALOMINO,CALLE,JERONIMO DE AGUILAR,CALLE,PORFIRIO DIAZ,CALLE,CARITO,,SN,,,,,LOCALIDAD,HOLBOX,,,,77310,23,Quintana Roo,007,Lázaro Cárdenas,0012,Holbox,0233,011,,,,Fijo,21.5234014,-87.37794173,2024-11
10030319,23007561520000023000000000U8,HOLBOX AVENTURE,HOLTUS,561520,Organización de excursiones y paquetes turísticos para agencias de viajes,11 a 30 personas,AVENIDA,BENITO JUAREZ,CALLE,JERONIMO DE AGUILAR,CALLE,PASEO KUKA,CALLE,ESMEDREGAL,,SN,,,,,LOCALIDAD,HOLBOX,,,,77310,23,Quintana Roo,007,Lázaro Cárdenas,0012,Holbox,0233,004,,IFO@HOLBOXAVENTURE.COM,WWW.HOBOXAVENTURE.COM,Fijo,21.52234013,-87.37813834,2024-11
10758539,23007561520000041000000000U0,LA ESQUINA DEL PAMPANO TUORS,ALBERTO AGUILRA,561520,Organización de excursiones y paquetes turísticos para agencias de viajes,0 a 5 personas,CALLE,DAMERO,AVENIDA,PALOMINO,CALLE,CARITO,OTRO(ESPECIFIQUE),MAR,,SN,,,,,LOCALIDAD,HOLBOX,,,,77310,23,Quintana Roo,007,Lázaro Cárdenas,0012,Holbox,0233,025,,,,Fijo,21.52453713,-87.37871076,2024-11
10610628,23007561520000031000000000U1,TOUR SIN NOMBRE,,561520,Organización de excursiones y paquetes turísticos para agencias de viajes,0 a 5 personas,CALLE,DAMERO,AVENIDA,PALOMINO,CALLE,CARITO,OTRO(ESPECIFIQUE),MAR,,SN,,,,,LOCALIDAD,HOLBOX,,,,77310,23,Quintana Roo,007,Lázaro Cárdenas,0012,Holbox,0233,025,9933872077,,,Semifijo,21.52463633,-87.37860252,2024-11
12300543,23007561520000061000000000U8,TOURS VIP HOLBOX EXPERIENCE,MANTA-TIBURON,561520,Organización de excursiones y paquetes turísticos para agencias de viajes,0 a 5 personas,CALLE,NINGUNO,CALLE,NINGUNO,AVENIDA,PALOMINO,CALLE,NINGUNO,,SN,,,,,OTRO,HOLBOX,,,,77310,23,Quintana Roo,007,Lázaro Cárdenas,0012,Holbox,0233,031,9848752107,,,Fijo,21.52048628,-87.37430932,2026-04
9966669,23007561520000051000000000U9,TURISTICA DEL ROSARIO,,561520,Organización de excursiones y paquetes turísticos para agencias de viajes,0 a 5 personas,AVENIDA,TIBURON BALLENA,CALLE,OCEANO ATLANTICO,CALLE,OCEANO PACIFICO,AVENIDA,TIBURON BALLENA,,SN,,,,,OTRO,HOLBOX,,,,77310,23,Quintana Roo,007,Lázaro Cárdenas,0012,Holbox,0233,047,,,,Fijo,21.52085598,-87.37651309,2024-11
11687584,23007611691000021000000000U1,CLUB DE TAREAS HOLBOX,,611691,Servicios de profesores particulares,0 a 5 personas,CALLE,PORFIRIO DIAZ,CALLE,PARGO,CALLE,TINTORERA,CALLE,DAMERO,,SN,,,,,OTRO,HOLBOX,,,,77310,23,Quintana Roo,007,Lázaro Cárdenas,0012,Holbox,0233,048,,,,Fijo,21.5207073,-87.38114307,2024-11
8132361,23007611122000053000000000U0,ESCUELA PRIMARIA GREGORIO TORRES QUINTERO,SECRETARIA DE EDUCACION PUBLICA,611122,Escuelas de educación primaria del sector público,11 a 30 personas,CALLE,PORFIRIO DIAZ,CALLE,LISA,CALLE,CANANE,CALLE,CANANE,,SN,,,,,OTRO,HOLBOX,,,,77310,23,Quintana Roo,007,Lázaro Cárdenas,0012,Holbox,0233,019,9841149719,,,Fijo,21.52182414,-87.38004521,2019-11
8644676,23007611142000023000000000U1,ESCUELA SECUNDARIA TECNICA NUMERO 9 FRANCISCO HERNANDEZ DE CORDOBA,SERVICIOS EDUCATIVOS DE QUINTANA ROO,611142,Escuelas de educación secundaria técnica del sector público,11 a 30 personas,CALLE,DAMERO,CALLE,NINGUNO,CALLE,JUSTO SIERRA,CALLE,JUSTO SIERRA,,SN,,,,,LOCALIDAD,HOLBOX,,,,77310,23,Quintana Roo,007,Lázaro Cárdenas,0012,Holbox,0233,044,,,,Fijo,21.52569633,-87.3776049,2019-11
8132188,23007611112000042001000000U4,JARDIN DE NIÑOS MEXICO,SECRETARIA DE EDUCACION QUINTANAROENSE,611112,Escuelas de educación preescolar del sector público,11 a 30 personas,AVENIDA,PALOMINO,CALLE,JERONIMO DE AGUILAR,CALLE,PORFIRIO DIAZ,CALLE,CARITO,,SN,,,,,LOCALIDAD,HOLBOX,,,,77310,23,Quintana Roo,007,Lázaro Cárdenas,0012,Holbox,0233,011,,,,Fijo,21.52366622,-87.37825592,2019-11
10309170,23007611621000022000000000U6,KITEBOARDING SCHOOL,HOLBOX KITEBOARDING SCHOOL,611621,Escuelas de deporte del sector privado,6 a 10 personas,CALLE,DAMERO,CALLE,CARITO,CALLE,JUSTO SIERRA,CALLE,PORFIRIO DIAZ,,SN,,,,,LOCALIDAD,HOLBOX,,,,77310,23,Quintana Roo,007,Lázaro Cárdenas,0012,Holbox,0233,027,9843197210,,,Fijo,21.5250017,-87.37815921,2024-11
11545003,23007611621000031000000000U7,KITESURF LESSONS KUKULKITE,KUKULKITE,611621,Escuelas de deporte del sector privado,0 a 5 personas,AVENIDA,PEDRO JOAQUIN COLDWELL,CALLE,CANANE,CALLE,LISA,AVENIDA,PEDRO JOAQUIN COLDWELL,,SN,,,,,OTRO,HOLBOX,,,,77310,23,Quintana Roo,007,Lázaro Cárdenas,0012,Holbox,0233,021,,,,Semifijo,21.52277339,-87.38143915,2024-11
11097242,23007611511000021000000000U1,LA PUERTA ROSA ESCUELA DE COCINA,LA PUERTA ROSA ESCUELA DE COCINA,611511,Escuelas del sector privado dedicadas a la enseñanza de oficios,0 a 5 personas,AVENIDA,TIBURON BALLENA,CALLE,VICENTE GUERRERO,CALLE,PEDRO JOAQUIN CODWELL,CALLE,DAMERO,,SN,,,,,LOCALIDAD,HOLBOX,,,,77310,23,Quintana Roo,007,Lázaro Cárdenas,0012,Holbox,0233,023,,,,Fijo,21.52406079,-87.3799751,2024-11
7833473,23007621116000013001000000U4,CENTRO DE SALUD HOLBOX,SECRETARIA DE SALUD,621116,Clínicas de consultorios médicos del sector público,6 a 10 personas,AVENIDA,TIBURON BALLENA,CALLE,OCEANO ATLANTICO,CALLE,HERNAN CORTEZ,AVENIDA,BENITO JUAREZ,,SN,,,,,LOCALIDAD,HOLBOX,,,,77310,23,Quintana Roo,007,Lázaro Cárdenas,0012,Holbox,0233,032,,,,Fijo,21.52142148,-87.37705363,2019-11
8132410,23007621211000041000000000U4,CLINICA DENTAL SAK CHE EJ,,621211,Consultorios dentales del sector privado,0 a 5 personas,CALLE,ESMEDREGAL,CALLE,PEDRO JOAQUIN CODWELL,CALLE,PORFIRIO DIAZ,CALLE,ESMEDREGAL,,SN,,,,,OTRO,HOLBOX,,,,77310,23,Quintana Roo,007,Lázaro Cárdenas,0012,Holbox,0233,007,9848067791,DR.SERGIO_SALAS@HOTMAIL.COM,,Fijo,21.52268086,-87.37960262,2019-11
10370869,23007621111000061000000000U4,CONSULTORIO MEDICO CLINI-SALUD,,621111,Consultorios de medicina general del sector privado,0 a 5 personas,CALLE,JERONIMO DE AGUILAR,CALLE,CARITO,AVENIDA,PALOMINO,CALLE,PORFIRIO DIAZ,,SN,,,,,LOCALIDAD,HOLBOX,,,,77310,23,Quintana Roo,007,Lázaro Cárdenas,0012,Holbox,0233,011,,,,Fijo,21.52364057,-87.37744414,2024-11
9941618,23007624412000031000000000U6,ESTANCIA INFANTIL ELVIRITA,GENARO MOGUEL,624412,Guarderías del sector público,0 a 5 personas,CALLE,DAMERO,CALLE,LISA,CALLE,TINTORERA,CALLE,PEDRO JOAQUIN CODWELL,,SN,,,,,OTRO,HOLBOX,,,,77310,23,Quintana Roo,007,Lázaro Cárdenas,0012,Holbox,0233,038,,,,Fijo,21.52154607,-87.38138829,2024-11
8705856,23007624191000082000000000U9,GRUPO HOLBOX ALCOHOLICO ANONIMO,CENTRAL MEXICANA DE ALCOHOLICOS ANONIMOS,624191,Agrupaciones de autoayuda para alcohólicos y personas con otras adicciones,6 a 10 personas,CALLE,CARITO,CALLE,PASEO KUKA,CALLE,HERNAN CORTEZ,AVENIDA,PALOMINO,,SN,,,,,LOCALIDAD,HOLBOX,,,,77310,23,Quintana Roo,007,Lázaro Cárdenas,0012,Holbox,0233,013,,,,Fijo,21.52301706,-87.3766096,2019-11
10089859,23007622111000022000000000U5,UNIDAD MEDICA UMED,,622111,Hospitales generales del sector privado,6 a 10 personas,AVENIDA,BENITO JUAREZ,CALLE,JERONIMO DE AGUILAR,CALLE,PASEO KUKA,CALLE,ESMEDREGAL,,SN,,,,,LOCALIDAD,HOLBOX,,,,77310,23,Quintana Roo,007,Lázaro Cárdenas,0012,Holbox,0233,004,,,,Fijo,21.52230389,-87.37809986,2024-11
8132418,23007711312000021000000000U3,CASA DE LA CULTURA DE HOLBOX,SECRETARIA DE CULTURA,711312,"Promotores del sector público de espectáculos artísticos, culturales, deportivos y similares que cuentan con instalaciones para presentarlos",0 a 5 personas,CALLE,PORFIRIO DIAZ,AVENIDA,BENITO JUAREZ,AVENIDA,PALOMINO,CALLE,JERONIMO DE AGUILAR,,SN,,,,,LOCALIDAD,HOLBOX,,,,77310,23,Quintana Roo,007,Lázaro Cárdenas,0012,Holbox,0233,002,,,,Fijo,21.52368468,-87.37838467,2019-11
8132420,23007713943000031000000000U2,EL GYM DE ALI,,713943,Centros de acondicionamiento físico del sector privado,0 a 5 personas,AVENIDA,PALOMINO,CALLE,JERONIMO DE AGUILAR,CALLE,PORFIRIO DIAZ,AVENIDA,TIBURON BALLENA,,SN,,,,,LOCALIDAD,HOLBOX,,,,77310,23,Quintana Roo,007,Lázaro Cárdenas,0012,Holbox,0233,002,,,,Fijo,21.52360674,-87.37826968,2019-11
9495740,23007713998000041000000000U5,GAMA EXTREME TOURS,,713998,Otros servicios recreativos prestados por el sector privado,0 a 5 personas,AVENIDA,TIBURON BALLENA,CALLE,PEDRO JOAQUIN CODWELL,CALLE,VICENTE GUERRERO,AVENIDA,PALOMINO,,SN,,,,,LOCALIDAD,HOLBOX,,,,77310,23,Quintana Roo,007,Lázaro Cárdenas,0012,Holbox,0233,024,9842082302,,,Semifijo,21.52406865,-87.37987777,2024-11
9936203,23007713943000052000000000U8,GYM REVER,ARTURO CAMPERO,713943,Centros de acondicionamiento físico del sector privado,6 a 10 personas,AVENIDA,TIBURON BALLENA,CALLE,NINGUNO,CALLE,OCEANO ATLANTICO,AVENIDA,TIBURON BALLENA,,SN,,,,,OTRO,HOLBOX,,,,77310,23,Quintana Roo,007,Lázaro Cárdenas,0012,Holbox,0233,054,,,,Fijo,21.52050345,-87.37635665,2024-11
9506463,23007713998000031000000000U6,SNORKEL AND BEACH MOGUEL,,713998,Otros servicios recreativos prestados por el sector privado,0 a 5 personas,AVENIDA,PALOMINO,OTRO(ESPECIFIQUE),NINGUNO,CALLE,VICENTE GUERRERO,AVENIDA,TIBURON BALLENA,,SN,,,,,LOCALIDAD,HOLBOX,,,,77310,23,Quintana Roo,007,Lázaro Cárdenas,0012,Holbox,0233,043,,,,Semifijo,21.52504653,-87.37990896,2024-11
12289230,23007721312000051000000000U8,,,721312,Departamentos y casas amueblados con servicios de hotelería,0 a 5 personas,CALLE,PEZ VELA,OTRO(ESPECIFIQUE),MAR,CALLE,CAGUAMA,CALLE,NINGUNO,,SN,,,,,PRIVADA,HOL BOX,,,,07731,23,Quintana Roo,007,Lázaro Cárdenas,0012,Holbox,0233,117,,,,Fijo,21.51834699,-87.3880034,2026-04
9418322,23007721112000452000000000U2,ALCOBAS DEL MAR,ALCOBAS DEL MAR,721112,Hoteles sin otros servicios integrados,6 a 10 personas,CALLE,PASEO KUKA,CALLE,LISA,CALLE,TINTORERA,CALLE,PASEO KUKA,,SN,,,,,OTRO,HOLBOX,,,,77310,23,Quintana Roo,007,Lázaro Cárdenas,0012,Holbox,0233,060,5520863505,,,Fijo,21.52010968,-87.37967614,2023-11
11265576,23007721190000082000000000U3,ALDEA CABAÑAS Y LAMPING,,721190,"Cabañas, villas y similares",6 a 10 personas,CALLE,NINGUNO,CALLE,VICENTE GUERRERO,PRIVADA,NINGUNO,CALLE,NINGUNO,,SN,,,,,OTRO,HOLBOX,,,,77310,23,Quintana Roo,007,Lázaro Cárdenas,0012,Holbox,0233,083,,,,Fijo,21.51971833,-87.38362065,2024-11
11139349,23007722515000293000000000U3,ANOTHER CLANDESTINO CAFETERIA,JAVIER PARRA,722515,"Cafeterías, fuentes de sodas, neverías, refresquerías y similares",11 a 30 personas,AVENIDA,PALOMINO,CALLE,PEDRO JOAQUIN CODWELL,CALLE,VICENTE GUERRERO,AVENIDA,TIBURON BALLENA,,SN,,,,,LOCALIDAD,HOLBOX,,,,77310,23,Quintana Roo,007,Lázaro Cárdenas,0012,Holbox,0233,024,,,,Fijo,21.52454298,-87.37933119,2024-11
8839279,23007722513000192001000000U2,ANTOJITOS KANASIN,,722513,Restaurantes con servicio de preparación de antojitos,0 a 5 personas,CALLE,PASEO KUKA,CALLE,CARITO,AVENIDA,PALOMINO,CALLE,CARITO,,SN,,,,,LOCALIDAD,HOLBOX,,,,77310,23,Quintana Roo,007,Lázaro Cárdenas,0012,Holbox,0233,013,9841818951,,,Fijo,21.52281475,-87.37711439,2019-11
8726447,23007722513000161000000000U7,ANTOJITOS LA SIRENITA,,722513,Restaurantes con servicio de preparación de antojitos,0 a 5 personas,CALLE,DAMERO,CALLE,PARGO,CALLE,TINTORERA,CALLE,DAMERO,,SN,,,,,OTRO,HOLBOX,,,,77310,23,Quintana Roo,007,Lázaro Cárdenas,0012,Holbox,0233,048,,,,Fijo,21.5209331,-87.3817651,2019-11
8132350,23007722513000111000000000U2,ANTOJITOS LA SIRENITA,,722513,Restaurantes con servicio de preparación de antojitos,0 a 5 personas,CALLE,ESMEDREGAL,CALLE,JERONIMO DE AGUILAR,CALLE,PORFIRIO DIAZ,AVENIDA,TIBURON BALLENA,,SN,,,,,LOCALIDAD,HOLBOX,,,,77310,23,Quintana Roo,007,Lázaro Cárdenas,0012,Holbox,0233,001,,GILBERC9@GMAIL.COM,,Fijo,21.52222086,-87.37901299,2019-11
8730770,23007722513000251010000000U6,ANTOJITOS LA VECINA,,722518,Restaurantes que preparan otro tipo de alimentos para llevar,0 a 5 personas,CALLE,PASEO KUKA,CALLE,CANANE,CALLE,LISA,CALLE,HERNAN CORTEZ,,SN,,,0,SN,OTRO,HOLBOX,,,,77310,23,Quintana Roo,007,Lázaro Cárdenas,0012,Holbox,0233,017,,,,Fijo,21.52074235,-87.37899918,2019-11
9712897,23007722513000381000000000U1,ANTOJITOS LOS DOS HERMANOS,,722513,Restaurantes con servicio de preparación de antojitos,0 a 5 personas,CALLE,LISA,CALLE,PASEO KUKA,CALLE,OCEANO ATLANTICO,CALLE,TINTORERA,,SN,,,,,OTRO,HOLBOX,,,,77310,23,Quintana Roo,007,Lázaro Cárdenas,0012,Holbox,0233,057,,,,Semifijo,21.52009544,-87.37892465,2024-11
8132360,23007722513000121101000000U1,ANTOJITOS NORMA,,722513,Restaurantes con servicio de preparación de antojitos,6 a 10 personas,CALLE,PORFIRIO DIAZ,CALLE,CANANE,CALLE,LISA,CALLE,PORFIRIO DIAZ,,SN,,,,,OTRO,HOLBOX,,,,77310,23,Quintana Roo,007,Lázaro Cárdenas,0012,Holbox,0233,020,,,,Fijo,21.52191672,-87.38006367,2019-11
11187974,23007722513000301000000000U9,ANTOJITOS PAULITA,,722513,Restaurantes con servicio de preparación de antojitos,0 a 5 personas,AVENIDA,PALOMINO,CALLE,JERONIMO DE AGUILAR,CALLE,PASEO KUKA,CALLE,CARITO,,SN,,,,,LOCALIDAD,HOLBOX,,,,77310,23,Quintana Roo,007,Lázaro Cárdenas,0012,Holbox,0233,012,,,,Fijo,21.52317386,-87.37768563,2024-11
9845540,23007722513000411000000000U6,ANTOJITOS SAZON JAROCHO,ERNESTO CALLEJAS,722513,Restaurantes con servicio de preparación de antojitos,0 a 5 personas,CALLE,PORFIRIO DIAZ,CALLE,MORELOS,CALLE,CANANE,CALLE,PORFIRIO DIAZ,,SN,,,,,OTRO,HOLBOX,,,,77310,23,Quintana Roo,007,Lázaro Cárdenas,0012,Holbox,0233,006,,,,Fijo,21.52205408,-87.37983999,2024-11
10055529,23007722513000441000000000U3,ANTOJITOS SIN NOMBRE,,722513,Restaurantes con servicio de preparación de antojitos,0 a 5 personas,CALLE,PARGO,CALLE,PORFIRIO DIAZ,CALLE,JERONIMO DE AGUILAR,CALLE,PARGO,,SN,,,,,OTRO,HOLBOX,,,,77310,23,Quintana Roo,007,Lázaro Cárdenas,0012,Holbox,0233,071,,,,Fijo,21.51994728,-87.38110711,2024-11
11310107,23007722513000271000000000U4,ANTOJITOS SIN NOMBRE,,722513,Restaurantes con servicio de preparación de antojitos,0 a 5 personas,CALLE,PARGO,CALLE,PORFIRIO DIAZ,CALLE,JERONIMO DE AGUILAR,CALLE,LISA,,SN,,,,,OTRO,HOLBOX,,,,77310,23,Quintana Roo,007,Lázaro Cárdenas,0012,Holbox,0233,069,,,,Fijo,21.51996209,-87.3809999,2024-11
11162531,23007721112000472000000000U0,APARTMENTS HOTEL ONDA MAYA,MARIPOSA 49,721112,Hoteles sin otros servicios integrados,6 a 10 personas,CALLE,LISA,CALLE,PORFIRIO DIAZ,CALLE,PEDRO JOAQUIN CODWELL,CALLE,TINTORERA,,SN,,,,,OTRO,HOLBOX,,,,77310,23,Quintana Roo,007,Lázaro Cárdenas,0012,Holbox,0233,037,,,,Fijo,21.52152945,-87.38057262,2024-11
8705854,23007722511000402000000000U9,ARTE-SANO RESTAURANT,,722511,Restaurantes con servicio de preparación de alimentos a la carta o de comida corrida,6 a 10 personas,CALLE,JERONIMO DE AGUILAR,AVENIDA,BENITO JUAREZ,AVENIDA,PALOMINO,CALLE,PASEO KUKA,,SN,,,,,LOCALIDAD,HOLBOX,,,,77310,23,Quintana Roo,007,Lázaro Cárdenas,0012,Holbox,0233,003,9981985956,SALES.CANCUN@GMAIL.COM,,Fijo,21.5229547,-87.3780227,2019-11
8937188,23007722412000111000000000U7,BAR ALMA SKY,,722412,"Bares, cantinas y similares",0 a 5 personas,OTRO(ESPECIFIQUE),NINGUNO,CALLE,NINGUNO,CERRADA,NINGUNO,CALLE,PASEO KUKA,,SN,,,,,LOCALIDAD,HOLBOX,,,,77310,23,Quintana Roo,007,Lázaro Cárdenas,0012,Holbox,0233,080,,,,Fijo,21.53152038,-87.3683541,2019-11
8726981,23007722412000171000000000U1,BAR ARENA,VOC SOLUCIONES,722412,"Bares, cantinas y similares",0 a 5 personas,AVENIDA,TIBURON BALLENA,CALLE,PORFIRIO DIAZ,CALLE,PEDRO JOAQUIN CODWELL,CALLE,ESMEDREGAL,,SN,,,,,LOCALIDAD,HOLBOX,,,,77531,23,Quintana Roo,007,Lázaro Cárdenas,0012,Holbox,0233,008,,ADMINISTRACION@VOCSOLUCIONES.COM,,Fijo,21.52327587,-87.37915833,2019-11
9389786,23007721111000551101061439S3,BAR ARENA,OPERADORA DE HOTELES Y RESTAURANTES VILAVID,721111,Hoteles con otros servicios integrados,6 a 10 personas,AVENIDA,BENITO JUÁREZ,CALLE,PORFIRIO DÍAZ,CALLE,PEDRO JOAQUÍN CODWELL,CALLE,MORELOS,,SN,,,,SN,LOCALIDAD,HOLBOX,,,,77310,23,Quintana Roo,007,Lázaro Cárdenas,0012,Holbox,0233,800,,ADMINISTRACION@VILLASFLAMINGOS.COM,,Fijo,21.52327831,-87.37916102,2022-11
8726973,23007722412000162001000000U0,BAR INTER-NECHOS,,722412,"Bares, cantinas y similares",0 a 5 personas,CALLE,PASEO KUKA,CALLE,CANANE,CALLE,MORELOS,CALLE,PASEO KUKA,,SN,,,0,SN,OTRO,HOLBOX,,,,77310,23,Quintana Roo,007,Lázaro Cárdenas,0012,Holbox,0233,005,9841446040,,,Fijo,21.52142699,-87.37847866,2019-11
11814816,23007722412000241000000000U2,BAR RESTAURANTE ARU,,722412,"Bares, cantinas y similares",0 a 5 personas,OTRO(ESPECIFIQUE),MAR,AVENIDA,Benito Juárez,AVENIDA,Palomino,CALLE,Vicente Guerrero,,SN,,,,,LOCALIDAD,HOLBOX,,,,77310,23,Quintana Roo,007,Lázaro Cárdenas,0012,Holbox,0233,043,,,,Fijo,21.52471776,-87.38040676,2025-04
10061830,23007722511000871000000000U5,BASICO RESTAURANTE,BASICO RESTAURANTE,722511,Restaurantes con servicio de preparación de alimentos a la carta o de comida corrida,0 a 5 personas,AVENIDA,TIBURON BALLENA,CALLE,PEDRO JOAQUIN CODWELL,CALLE,VICENTE GUERRERO,AVENIDA,PALOMINO,,SN,,,,,LOCALIDAD,HOLBOX,,,,77310,23,Quintana Roo,007,Lázaro Cárdenas,0012,Holbox,0233,024,,,,Fijo,21.52403123,-87.37984039,2024-11
9641548,23007722511000542000000000U2,BEACH CLUB FRAGATA,ORANGE HOLBOX,722511,Restaurantes con servicio de preparación de alimentos a la carta o de comida corrida,6 a 10 personas,CERRADA,NINGUNO,CALLE,NINGUNO,CALLE,NINGUNO,CALLE,NINGUNO,,SN,,,,,OTRO,HOLBOX,,,,77310,23,Quintana Roo,007,Lázaro Cárdenas,0012,Holbox,0233,108,,,,Fijo,21.51652507,-87.39019988,2024-11
7833527,23007721112000194001000000U0,BEACH FRONT HOTEL LA PALAPA,INFINITO 82,721112,Hoteles sin otros servicios integrados,11 a 30 personas,OTRO(ESPECIFIQUE),MAR,CALLE,CANANE,CALLE,MORELOS,OTRO(ESPECIFIQUE),MAR,,SN,,,,,OTRO,HOLBOX,,,,77310,23,Quintana Roo,007,Lázaro Cárdenas,0012,Holbox,0233,041,,,,Fijo,21.52415381,-87.38122519,2019-11
10202418,23007722513000311000000000U8,BIRRIA LA CATRINA,ALEXANDER CARDOSO,722513,Restaurantes con servicio de preparación de antojitos,0 a 5 personas,CALLE,JERONIMO DE AGUILAR,AVENIDA,BENITO JUAREZ,AVENIDA,PALOMINO,CALLE,PASEO KUKA,,SN,,,,,LOCALIDAD,HOLBOX,,,,77310,23,Quintana Roo,007,Lázaro Cárdenas,0012,Holbox,0233,003,5573822372,,,Fijo,21.52302273,-87.37795855,2024-11
9784473,23007722512000282000000000U3,BOCAMAR MARISQUERIA,,722512,Restaurantes con servicio de preparación de pescados y mariscos,6 a 10 personas,AVENIDA,TIBURON BALLENA,OTRO(ESPECIFIQUE),MAR,CALLE,VICENTE GUERRERO,AVENIDA,PALOMINO,,SN,,,,,LOCALIDAD,HOLBOX,,,,77310,23,Quintana Roo,007,Lázaro Cárdenas,0012,Holbox,0233,043,,,,Fijo,21.52428827,-87.38009953,2024-11
10753315,23007721190000121000000000U9,CABAÑAS CHAC MOOL,,721190,"Cabañas, villas y similares",0 a 5 personas,CALLE,PORFIRIO DIAZ,AVENIDA,BENITO JUAREZ,CALLE,MORELOS,CALLE,JERONIMO DE AGUILAR,,SN,,,,,LOCALIDAD,HOLBOX,,,,77310,23,Quintana Roo,007,Lázaro Cárdenas,0012,Holbox,0233,001,9983293865,CHACMOOLCABINSHOLBOX@OUTLOK.COM,,Fijo,21.52269162,-87.37927098,2024-11
10854608,23007721190000131000000000U8,CABAÑAS SKYCAMP,,721190,"Cabañas, villas y similares",0 a 5 personas,CALLE,NINGUNO,CERRADA,NINGUNO,CALLE,NINGUNO,OTRO(ESPECIFIQUE),NINGUNO,,SN,,,,,OTRO,HOLBOX,,,,77310,23,Quintana Roo,007,Lázaro Cárdenas,0012,Holbox,0233,108,,,WWW.SKYCAMP.COM,Fijo,21.51564495,-87.38981024,2024-11
8227573,23007722515000161000000000U2,CAFE CAPRICCIO,,722515,"Cafeterías, fuentes de sodas, neverías, refresquerías y similares",0 a 5 personas,AVENIDA,TIBURON BALLENA,CALLE,JERONIMO DE AGUILAR,CALLE,PORFIRIO DIAZ,CALLE,PORFIRIO DIAZ,,SN,,1,,,LOCALIDAD,HOLBOX,CENTRO Y PLAZA COMERCIAL,PLAZA ELPUEBLITO,SN,77310,23,Quintana Roo,007,Lázaro Cárdenas,0012,Holbox,0233,002,,,,Fijo,21.52302558,-87.3787714,2019-11
9279323,23007722515000201000000000U6,CAFE DEL MAR,NOE POMPEO,722515,"Cafeterías, fuentes de sodas, neverías, refresquerías y similares",0 a 5 personas,CALLE,ERIZO,CALLE,NINGUNO,OTRO(ESPECIFIQUE),MAR,CALLE,ERIZO,,SN,,,,,OTRO,HOLBOX,,,,77310,23,Quintana Roo,007,Lázaro Cárdenas,0012,Holbox,0233,087,,,,Fijo,21.51923142,-87.38633405,2020-11
10882359,23007722515000252000000000U9,CAFETERIA COMPLEMENTWO,,722515,"Cafeterías, fuentes de sodas, neverías, refresquerías y similares",6 a 10 personas,CALLE,CANANE,CALLE,VICENTE GUERRERO,CALLE,PEDRO JOAQUIN CODWELL,AVENIDA,PEDRO JOAQUIN COLDWELL,,SN,,,,,OTRO,HOLBOX,,,,77310,23,Quintana Roo,007,Lázaro Cárdenas,0012,Holbox,0233,022,,,,Fijo,21.52308442,-87.38104987,2024-11
10616761,23007722515000261000000000U0,CAFETERIA HOLBOXLAND,DENSI GARCIA,722515,"Cafeterías, fuentes de sodas, neverías, refresquerías y similares",0 a 5 personas,CALLE,PASEO KUKA,CALLE,SIERRA,CALLE,CARITO,CALLE,HERNAN CORTES,,SN,,,,,LOCALIDAD,HOLBOX,,,,77310,23,Quintana Roo,007,Lázaro Cárdenas,0012,Holbox,0233,030,,,,Fijo,21.52354412,-87.37644024,2024-11
10675006,23007722515000311000000000U3,CAFETERIA ZONNEBLOEM,MARIO DUQUE,722515,"Cafeterías, fuentes de sodas, neverías, refresquerías y similares",0 a 5 personas,CALLE,DAMERO,CALLE,CANANE,CALLE,LISA,CALLE,DAMERO,,SN,,,,,OTRO,HOLBOX,,,,77310,23,Quintana Roo,007,Lázaro Cárdenas,0012,Holbox,0233,021,,,,Fijo,21.52223619,-87.38079433,2024-11
11401558,23007722513000431000000000U4,CARNITAS SIN NOMBRE,RENE OLIVER,722513,Restaurantes con servicio de preparación de antojitos,0 a 5 personas,CALLE,NINGUNO,CALLE,CANANE,CALLE,LISA,CALLE,DAMERO,,SN,,,,,OTRO,HOLBOX,,,,77310,23,Quintana Roo,007,Lázaro Cárdenas,0012,Holbox,0233,021,,,,Fijo,21.52233812,-87.3807066,2024-11
8726970,23007722513000181000000000U5,CARNITAS THAILY,,722513,Restaurantes con servicio de preparación de antojitos,0 a 5 personas,CALLE,DAMERO,CALLE,PARGO,CALLE,TINTORERA,CALLE,DAMERO,,SN,,,,,OTRO,HOLBOX,,,,77310,23,Quintana Roo,007,Lázaro Cárdenas,0012,Holbox,0233,048,,,,Fijo,21.52095676,-87.38174841,2019-11
9986202,23007722513000361000000000U3,CARRITO ASADOR EL BEBOTE,,722513,Restaurantes con servicio de preparación de antojitos,0 a 5 personas,CALLE,PORFIRIO DIAZ,AVENIDA,PALOMINO,CALLE,CARITO,CALLE,DAMERO,,SN,,,,,LOCALIDAD,HOLBOX,,,,77310,23,Quintana Roo,007,Lázaro Cárdenas,0012,Holbox,0233,010,,,,Fijo,21.52397586,-87.37819547,2024-11
11320101,23007721112000533000000000U9,CASA ASTRAL,,721112,Hoteles sin otros servicios integrados,11 a 30 personas,CALLE,NINGUNO,CALLE,NINGUNO,OTRO(ESPECIFIQUE),MAR,CALLE,NINGUNO,,SN,,,,,OTRO,HOLBOX,,,,77310,23,Quintana Roo,007,Lázaro Cárdenas,0012,Holbox,0233,087,,,,Fijo,21.51873827,-87.38699195,2024-11
8705858,23007721112000372000000000U2,CASA BARBARA,SERVICIOS OPERATIVOS RUMBO AL TROPICO,721112,Hoteles sin otros servicios integrados,6 a 10 personas,AVENIDA,TIBURON BALLENA,CALLE,PASEO KUKA,CALLE,HERNAN CORTEZ,AVENIDA,PALOMINO,,SN,,,,,LOCALIDAD,HOLBOX,,,,77310,23,Quintana Roo,007,Lázaro Cárdenas,0012,Holbox,0233,014,9992283744,GERENCIA@HOTELCASABARBARA.MX,,Fijo,21.52190619,-87.37756824,2019-11
11241932,23007721311000211000000000U0,CASA CHUJUK,,721311,Pensiones y casas de huéspedes,0 a 5 personas,AVENIDA,PALOMINO,CALLE,OCEANO ATLANTICO,CALLE,HERNAN CORTEZ,AVENIDA,BENITO JUAREZ,,SN,,,,,LOCALIDAD,HOLBOX,,,,77310,23,Quintana Roo,007,Lázaro Cárdenas,0012,Holbox,0233,032,9842082959,,,Fijo,21.52188509,-87.37631444,2024-11
11214476,23007721311000191000000000U4,CASA DE HUESPEDES SQUALOS PLEACES,,721311,Pensiones y casas de huéspedes,0 a 5 personas,AVENIDA,DAMERO,CALLE,NINGUNO,CALLE,NINGUNO,AVENIDA,DAMERO,,SN,,,,,OTRO,HOLBOX,,,,77310,23,Quintana Roo,007,Lázaro Cárdenas,0012,Holbox,0233,139,,,,Fijo,21.51852518,-87.38310909,2024-11
10127825,23007721111000611000000000U5,CASA HX,CASA HX,721111,Hoteles con otros servicios integrados,11 a 30 personas,CALLE,AV PEDRO JOAQUIN COLDWAY,CALLE,NINGUNO,CALLE,NINGUNO,CALLE,C CHERNA,,SN,,,,,LOCALIDAD,HOLBOX,,,,77310,23,Quintana Roo,007,Lázaro Cárdenas,0012,Holbox,0233,097,,CORJE@CASAHX.COM,WWW.CASAHX.COM,Semifijo,21.51271548,-87.39122299,2024-11
9422957,23007721111000591101000000U9,CASA IMOX,CASA IMOX,721111,Hoteles con otros servicios integrados,11 a 30 personas,CALLE,ERIZO,CALLE,NINGUNO,CALLE,VICENTE GUERRERO,CALLE,NINGUNO,1,MANZANA 73 LOTE 2,,,,,COLONIA,HOLBOX,,,,77310,23,Quintana Roo,007,Lázaro Cárdenas,0012,Holbox,0233,800,7471617911,,,Fijo,21.51819451,-87.38515723,2023-11
11298772,23007721210000031000000000U6,CASA KA ANCHE CAMPING,,721210,Campamentos y albergues recreativos,0 a 5 personas,CALLE,JERONIMO DE AGUILAR,CALLE,CARITO,CALLE,JUSTO SIERRA,CALLE,PORFIRIO DIAZ,,SN,,,,,LOCALIDAD,HOLBOX,,,,77310,23,Quintana Roo,007,Lázaro Cárdenas,0012,Holbox,0233,028,3312931140,,,Fijo,21.52405166,-87.37707644,2024-11
9279325,23007813210000321010000000U0,CASA LUZ,,721112,Hoteles sin otros servicios integrados,0 a 5 personas,OTRO(ESPECIFIQUE),MAR,CALLE,NINGUNO,CALLE,NINGUNO,CALLE,NINGUNO,,SN,,,,,OTRO,HOLBOX,,,,77310,23,Quintana Roo,007,Lázaro Cárdenas,0012,Holbox,0233,087,,,,Fijo,21.51945021,-87.38665699,2020-11
10893631,23007721112000511000000000U5,CASA MECH,,721112,Hoteles sin otros servicios integrados,0 a 5 personas,CALLE,CARITO,CALLE,PASEO KUKA,CALLE,HERNAN CORTEZ,CALLE,CARITO,,SN,,,,,LOCALIDAD,HOLBOX,,,,77310,23,Quintana Roo,007,Lázaro Cárdenas,0012,Holbox,0233,030,9841812253,,WWW.HOTELCASAMECH.COM,Fijo,21.52282886,-87.37633566,2024-11
10637505,23007721112000721000000000U0,CASA ÑAÑA,,721112,Hoteles sin otros servicios integrados,0 a 5 personas,CALLE,ESMEDREGAL,CALLE,VICENTE GUERRERO,CALLE,PEDRO JOAQUIN CODWELL,CALLE,ESMEDREGAL,,SN,,,,,OTRO,HOLBOX,,,,77310,23,Quintana Roo,007,Lázaro Cárdenas,0012,Holbox,0233,022,,,,Fijo,21.52322483,-87.38017153,2024-11
7878579,23007721111000151000000000U2,CASA OHANA,,721112,Hoteles sin otros servicios integrados,0 a 5 personas,CALLE,ESMEDREGAL,CALLE,HERNAN CORTEZ,CALLE,PASEO KUKA,CALLE,HERNAN CORTEZ,,SN,,,,,OTRO,HOLBOX,,,,77310,23,Quintana Roo,007,Lázaro Cárdenas,0012,Holbox,0233,016,9992551299,,,Fijo,21.52130888,-87.3781678,2019-11
9467634,23007721111000572101000000U9,CASA TAKYWARA,CASA TAKYWARA,721111,Hoteles con otros servicios integrados,11 a 30 personas,AVENIDA,PEDRO JOAQUÍN COLDWELL,CALLE,NINGUNO,CALLE,VICENTE GUERRERO,CALLE,MAR,1,,,,,,PUEBLO,ISLA DE HOL BOX,,,,77310,23,Quintana Roo,007,Lázaro Cárdenas,0012,Holbox,0233,800,9841413381,ADMIN@CASATAKYWARA.MX,WWW.CASATAKYWARA.COM,Fijo,21.5197388,-87.38531514,2023-11
11280462,23007722515000231000000000U3,CLANDESTINO CAFE,JAVIER PARRA,722515,"Cafeterías, fuentes de sodas, neverías, refresquerías y similares",0 a 5 personas,CALLE,PASEO KUKA,AVENIDA,PALOMINO,AVENIDA,BENITO JUAREZ,CALLE,HERNAN CORTES,1,,,,,,LOCALIDAD,HOLBOX,,,,77310,23,Quintana Roo,007,Lázaro Cárdenas,0012,Holbox,0233,014,,,,Fijo,21.52238755,-87.3775036,2024-11
11130223,23007722511000552000000000U1,CLUB CAROLINDA BEACH,,722511,Restaurantes con servicio de preparación de alimentos a la carta o de comida corrida,6 a 10 personas,OTRO(ESPECIFIQUE),MAR,CALLE,NINGUNO,CALLE,NINGUNO,CALLE,NINGUNO,,SN,,,,,OTRO,HOLBOX,,,,77310,23,Quintana Roo,007,Lázaro Cárdenas,0012,Holbox,0233,114,,,,Fijo,21.51800859,-87.38889654,2024-11
7878471,23007722518000051000000000U9,COCINA ECONOMICA DOÑA CHELA,,722518,Restaurantes que preparan otro tipo de alimentos para llevar,0 a 5 personas,AVENIDA,PALOMINO,CALLE,NINGUNO,CALLE,HERNAN CORTEZ,AVENIDA,PALOMINO,,SN,,,,,OTRO,HOLBOX,,,,77310,23,Quintana Roo,007,Lázaro Cárdenas,0012,Holbox,0233,031,,,,Fijo,21.52181264,-87.37611665,2019-11
9847361,23007722518000101000000000U2,COCINA ECONOMICA EL ARRECIFE,OFIR CORAL,722518,Restaurantes que preparan otro tipo de alimentos para llevar,0 a 5 personas,CALLE,NINGUNO,CALLE,CANANE,CALLE,MORELOS,CALLE,NINGUNO,,SN,,,,,OTRO,HOLBOX,,,,77310,23,Quintana Roo,007,Lázaro Cárdenas,0012,Holbox,0233,055,,,,Fijo,21.51959966,-87.37697842,2024-11
11570051,23007722518000091000000000U5,COCINA ECONOMICA EL PASO,ALEJANDRO,722518,Restaurantes que preparan otro tipo de alimentos para llevar,0 a 5 personas,AVENIDA,TIBURON BALLENA,CALLE,OCEANO ATLANTICO,CALLE,HERNAN CORTEZ,AVENIDA,BENITO JUAREZ,,SN,,,,,LOCALIDAD,HOLBOX,,,,77310,23,Quintana Roo,007,Lázaro Cárdenas,0012,Holbox,0233,032,9848060173,,,Fijo,21.52110076,-87.37671312,2024-11
9014872,23007722515000141001000000U4,COMPLEMENTO CAFE,,722515,"Cafeterías, fuentes de sodas, neverías, refresquerías y similares",6 a 10 personas,AVENIDA,TIBURON BALLENA,CALLE,VICENTE GUERRERO,CALLE,PEDRO JOAQUIN CODWELL,CALLE,DAMERO,,SN,,,,,LOCALIDAD,HOLBOX,,,,77310,23,Quintana Roo,007,Lázaro Cárdenas,0012,Holbox,0233,023,,COMPLEMENTOCAFEHOLBOX@GMAIL.COM,,Fijo,21.52396205,-87.37987687,2019-11
9828737,23007722512000311000000000U0,COOPERATIVA HOLBOX MAGICO,COOPERATIVA HOLBOX MAGICO AC,722512,Restaurantes con servicio de preparación de pescados y mariscos,0 a 5 personas,CALLE,NINGUNO,CALLE,NINGUNO,CERRADA,NINGUNO,CERRADA,NINGUNO,,SN,,,,,LOCALIDAD,HOLBOX,,,,77310,23,Quintana Roo,007,Lázaro Cárdenas,0012,Holbox,0233,099,9981689200,TRINIDADGAAT@HOTMAIL.COM,,Fijo,21.50965069,-87.39421885,2024-11
10175561,23007722511000862000000000U4,CRONICAS RESTAURANTE,,722511,Restaurantes con servicio de preparación de alimentos a la carta o de comida corrida,6 a 10 personas,CALLE,DEMERO,AVENIDA,BENITO JUAREZ,AVENIDA,PALOMINO,CALLE,PEDRO JOAQUIN COLDWELL,,SN,,,,,LOCALIDAD,HOLBOX,,,,77310,23,Quintana Roo,007,Lázaro Cárdenas,0012,Holbox,0233,024,,,,Fijo,21.52423241,-87.37904745,2024-11
8227622,23007722517000142000000000U8,D ALEX PIZZA,,722517,"Restaurantes con servicio de preparación de pizzas, hamburguesas, hot dogs y pollos rostizados para llevar",6 a 10 personas,CALLE,PASEO KUKA,CALLE,SAN PEDRO,CALLE,NINGUNO,CALLE,DAMERO,,SN,,,,,LOCALIDAD,HOLBOX,,,,77310,23,Quintana Roo,007,Lázaro Cárdenas,0012,Holbox,0233,044,9993339944,YOOCHO28@HOTMAIL.COM,,Fijo,21.52535371,-87.3748829,2019-11
9622941,23007722511000491000000000U2,D MARY RESTAURANTE,GEISER ANCONA,722511,Restaurantes con servicio de preparación de alimentos a la carta o de comida corrida,0 a 5 personas,CALLE,JERONIMO DE AGUILAR,AVENIDA,BENITO JUAREZ,CALLE,MORELOS,CALLE,PORFIRIO DIAZ,,SN,,,,,LOCALIDAD,HOLBOX,,,,77310,23,Quintana Roo,007,Lázaro Cárdenas,0012,Holbox,0233,001,,,,Fijo,21.52239282,-87.37865613,2024-11
8726453,23007722511000171000000000U0,DESAYUNOS Y ANTOJITOS LA MORENA,,722511,Restaurantes con servicio de preparación de alimentos a la carta o de comida corrida,0 a 5 personas,CALLE,DAMERO,CALLE,PARGO,CALLE,TINTORERA,CALLE,DAMERO,,SN,,,,,OTRO,HOLBOX,,,,77310,23,Quintana Roo,007,Lázaro Cárdenas,0012,Holbox,0233,048,,,,Fijo,21.52070274,-87.38192758,2019-11
10541438,23007721190000091000000000U4,ECO CABAÑAS LAAK,GRUPO VALEINE,721190,"Cabañas, villas y similares",0 a 5 personas,AVENIDA,PEDRO JOAQUIN COLDWELL,CALLE,NINGUNO,CALLE,NINGUNO,AVENIDA,PEDRO JOAQUIN COLDWELL,,SN,,,,,OTRO,HOLBOX,,,,77310,23,Quintana Roo,007,Lázaro Cárdenas,0012,Holbox,0233,093,,,,Fijo,21.5177631,-87.38629414,2024-11
9946078,23007722511000621000000000U4,EL COCAL DE HOLBOX RESTAURANTE,,722511,Restaurantes con servicio de preparación de alimentos a la carta o de comida corrida,0 a 5 personas,AVENIDA,TIBURON BALLENA,CALLE,PORFIRIO DIAZ,CALLE,PEDRO JOAQUIN CODWELL,CALLE,ESMEDREGAL,,SN,,,,,LOCALIDAD,HOLBOX,,,,77531,23,Quintana Roo,007,Lázaro Cárdenas,0012,Holbox,0233,008,,,,Fijo,21.5231278,-87.37899533,2024-11
8279890,23007722511000221000000000U3,EL LIMONCITO BREAKFAST,MOISES VERA,722511,Restaurantes con servicio de preparación de alimentos a la carta o de comida corrida,0 a 5 personas,CALLE,DEMERO,AVENIDA,BENITO JUAREZ,AVENIDA,PALOMINO,CALLE,DEMERO,,SN,,,,,LOCALIDAD,HOLBOX,,,,77310,23,Quintana Roo,007,Lázaro Cárdenas,0012,Holbox,0233,024,,,,Fijo,21.52412347,-87.37914725,2019-11
10596860,23007722512000221000000000U1,EL MA CARMITA BAR,VIVA ZAPATA HOLBOX,722512,Restaurantes con servicio de preparación de pescados y mariscos,0 a 5 personas,CALLE,DAMERO,CALLE,MORELOS,AVENIDA,BENITO JUAREZ,CALLE,ESMEDREGAL,,SN,,,,,LOCALIDAD,HOLBOX,,,,77310,23,Quintana Roo,007,Lázaro Cárdenas,0012,Holbox,0233,023,,,,Fijo,21.5236419,-87.37958444,2024-11
8705798,23007722511000381000000000U5,EL SUSHI HOLBOX,,722511,Restaurantes con servicio de preparación de alimentos a la carta o de comida corrida,0 a 5 personas,AVENIDA,TIBURON BALLENA,CALLE,JERONIMO DE AGUILAR,CALLE,PORFIRIO DIAZ,AVENIDA,PALOMINO,,SN,,1,,,LOCALIDAD,HOLBOX,CENTRO Y PLAZA COMERCIAL,PLAZA ELPUEBLITO,SN,77310,23,Quintana Roo,007,Lázaro Cárdenas,0012,Holbox,0233,002,,,,Fijo,21.52302558,-87.3787714,2019-11
8279839,23007722514000143000000000U3,EL TACO QUETO,,722514,Restaurantes con servicio de preparación de tacos y tortas,11 a 30 personas,CALLE,PEDRO JOAQUIN COLDWELL,AVENIDA,BENITO JUAREZ,AVENIDA,PALOMINO,AVENIDA,PALOMINO,,SN,,,,,LOCALIDAD,HOLBOX,,,,77310,23,Quintana Roo,007,Lázaro Cárdenas,0012,Holbox,0233,024,,,,Fijo,21.52437923,-87.37987202,2019-11
10927076,23007722513000451000000000U2,EL TUCAN ANTOJITOS,,722513,Restaurantes con servicio de preparación de antojitos,0 a 5 personas,CALLE,PASEO KUKA,CALLE,VULKAY,CALLE,SIERRA,CALLE,HERNAN CORTES,,SN,,,,,OTRO,HOLBOX,,,,77310,23,Quintana Roo,007,Lázaro Cárdenas,0012,Holbox,0233,046,,,,Fijo,21.52415571,-87.37586715,2024-11
7833523,23007722513000142001000000U7,EMPANADAS LA CONQUISTA,,722513,Restaurantes con servicio de preparación de antojitos,0 a 5 personas,AVENIDA,TIBURON BALLENA,CALLE,VICENTE GUERRERO,CALLE,PEDRO JOAQUIN CODWELL,CALLE,DAMERO,,SN,,,,,LOCALIDAD,HOLBOX,,,,77310,23,Quintana Roo,007,Lázaro Cárdenas,0012,Holbox,0233,023,,,,Fijo,21.52415953,-87.38007333,2019-11
9569540,23007722511000801000000000U2,EUHAN RESTAURANTE,,722511,Restaurantes con servicio de preparación de alimentos a la carta o de comida corrida,0 a 5 personas,CALLE,DAMERO,CALLE,NINGUNO,CALLE,JUSTO SIERRA,CALLE,PASEO KUKA,,SN,,,,,LOCALIDAD,HOLBOX,,,,77310,23,Quintana Roo,007,Lázaro Cárdenas,0012,Holbox,0233,044,,,,Fijo,21.52622084,-87.37686799,2024-11
11701145,23007722514000201000000000U9,FONDA LAS CAZUELITAS,,722514,Restaurantes con servicio de preparación de tacos y tortas,0 a 5 personas,CALLE,DAMERO,AVENIDA,PALOMINO,CALLE,CARITO,CALLE,PORFIRIO DIAZ,,SN,,,,,LOCALIDAD,HOLBOX,,,,77310,23,Quintana Roo,007,Lázaro Cárdenas,0012,Holbox,0233,010,,,,Fijo,21.52446344,-87.37872576,2024-11
9330415,23007721111000321001000000U8,GOLDEN PARADISE TOWN,,721111,Hoteles con otros servicios integrados,11 a 30 personas,CALLE,JERONIMO DE AGUILAR,CALLE,LISA,CALLE,CANANE,CALLE,PASEO KUKA,,SN,,,,SN,LOCALIDAD,HOLBOX,,,,77310,23,Quintana Roo,007,Lázaro Cárdenas,0012,Holbox,0233,018,9842130048,RESERVAS@GOLDENPARADISE.COM.MX,,Fijo,21.52117018,-87.37967445,2020-11
10549324,23007722517000281000000000U4,HAMBURGUESAS SMASHY,ISAAC CORTES,722517,"Restaurantes con servicio de preparación de pizzas, hamburguesas, hot dogs y pollos rostizados para llevar",0 a 5 personas,AVENIDA,TIBURON BALLENA,CALLE,OCEANO ATLANTICO,CALLE,OCEANO PACIFICO,AVENIDA,TIBURON BALLENA,,SN,,,,,OTRO,HOLBOX,,,,77310,23,Quintana Roo,007,Lázaro Cárdenas,0012,Holbox,0233,047,,,,Fijo,21.52090314,-87.37655942,2024-11
11143694,23007722517000321000000000U8,HAMBURGUESAS Y HOT DOGS MCDONNA,JULIEZER JIMENEZ,722517,"Restaurantes con servicio de preparación de pizzas, hamburguesas, hot dogs y pollos rostizados para llevar",0 a 5 personas,AVENIDA,TIBURON BALLENA,CALLE,PEDRO JOAQUIN CODWELL,CALLE,VICENTE GUERRERO,AVENIDA,TIBURON BALLENA,,SN,,,,,LOCALIDAD,HOLBOX,,,,77310,23,Quintana Roo,007,Lázaro Cárdenas,0012,Holbox,0233,024,,,,Fijo,21.52372565,-87.37953504,2024-11
8132355,23007722517000111000000000U3,HAMBURGUESAS Y HOTDOGS YOLI,,722517,"Restaurantes con servicio de preparación de pizzas, hamburguesas, hot dogs y pollos rostizados para llevar",0 a 5 personas,CALLE,JERONIMO DE AGUILAR,AVENIDA,BENITO JUAREZ,AVENIDA,PALOMINO,CALLE,PASEO KUKA,,SN,,,,,LOCALIDAD,HOLBOX,,,,77310,23,Quintana Roo,007,Lázaro Cárdenas,0012,Holbox,0233,003,9841281841,,,Fijo,21.52269604,-87.37826666,2019-11
11135623,23007722515000351000000000U9,HELADERIA LA SHILO,,722515,"Cafeterías, fuentes de sodas, neverías, refresquerías y similares",0 a 5 personas,CALLE,DAMERO,CALLE,NINGUNO,CALLE,JUSTO SIERRA,CALLE,PASEO KUKA,,SN,,,,,LOCALIDAD,HOLBOX,,,,77310,23,Quintana Roo,007,Lázaro Cárdenas,0012,Holbox,0233,044,,,,Fijo,21.52598063,-87.37724263,2024-11
9980057,23007722515000281000000000U8,HELARTESANO,,722515,"Cafeterías, fuentes de sodas, neverías, refresquerías y similares",0 a 5 personas,CALLE,PEDRO JOAQUIN COLDWELL,AVENIDA,BENITO JUAREZ,AVENIDA,PALOMINO,CALLE,DEMERO,,SN,,,,,LOCALIDAD,HOLBOX,,,,77310,23,Quintana Roo,007,Lázaro Cárdenas,0012,Holbox,0233,024,,,,Fijo,21.5244509,-87.37980365,2024-11
9279322,23007721190000041100000000U9,HOLBOX DELUXE APARTMENTS,HEDI ASOCIADOS,721190,"Cabañas, villas y similares",0 a 5 personas,CALLE,VICENTE GUERRERO,CALLE,NINGUNO,CALLE,NINGUNO,CALLE,NINGUNO,,SN,,,,,LOCALIDAD,HOLBOX,,,,77310,23,Quintana Roo,007,Lázaro Cárdenas,0012,Holbox,0233,800,,,,Fijo,21.51849503,-87.38564872,2020-11
11670406,23007721190000061000000000U7,HOSTAL HOLBOX,HOSTALES POTRON,721190,"Cabañas, villas y similares",0 a 5 personas,CALLE,CARITO,CALLE,JERONIMO DE AGUILAR,CALLE,PORFIRIO DIAZ,AVENIDA,PALOMINO,,SN,,,,,LOCALIDAD,HOLBOX,,,,77310,23,Quintana Roo,007,Lázaro Cárdenas,0012,Holbox,0233,011,,,,Fijo,21.52418026,-87.37783026,2024-11
10671915,23007721190000051000000000U8,HOSTAL MAYA AVENTURA,,721190,"Cabañas, villas y similares",0 a 5 personas,CALLE,CARITO,CALLE,PEDRO JOAQUIN CODWELL,CALLE,PORFIRIO DIAZ,CALLE,JUSTO SIERRA,,SN,,,,,LOCALIDAD,HOLBOX,,,,77310,23,Quintana Roo,007,Lázaro Cárdenas,0012,Holbox,0233,027,,,,Fijo,21.52436734,-87.37793332,2024-11
10907551,23007721190000071000000000U6,HOSTAL WAKAC,,721190,"Cabañas, villas y similares",0 a 5 personas,CALLE,JERONIMO DE AGUILAR,CALLE,CARITO,CALLE,JUSTO SIERRA,CALLE,PORFIRIO DIAZ,,SN,,,,,LOCALIDAD,HOLBOX,,,,77310,23,Quintana Roo,007,Lázaro Cárdenas,0012,Holbox,0233,028,,,,Fijo,21.52435335,-87.37679938,2024-11
10460905,23007721190000101000000000U1,HOSTEL BARCO VERDE,ALSAMAYA RIO VERDE,721190,"Cabañas, villas y similares",0 a 5 personas,AVENIDA,PEDRO JOAQUIN COLDWELL,CALLE,CANANE,CALLE,MORELOS,AVENIDA,PEDRO JOAQUIN COLDWELL,,SN,,,,,OTRO,HOLBOX,,,,77310,23,Quintana Roo,007,Lázaro Cárdenas,0012,Holbox,0233,022,,,,Fijo,21.52327293,-87.38095361,2024-11
7878470,23007721311000133001000000U6,HOSTEL CHE,EXPERIENCIA UNICA,721190,"Cabañas, villas y similares",6 a 10 personas,CALLE,NINGUNO,CALLE,NINGUNO,CALLE,NINGUNO,CALLE,NINGUNO,,SN,,,,,OTRO,HOLBOX,,,,77310,23,Quintana Roo,007,Lázaro Cárdenas,0012,Holbox,0233,031,,CHEHOLBOX@HOTELCHE.COM.MX,,Fijo,21.52182987,-87.37503048,2019-11
7878519,23007721311000144001000000U3,HOSTEL TRIBU,ONDARIBE DE,721190,"Cabañas, villas y similares",11 a 30 personas,AVENIDA,PEDRO JOAQUIN COLDWELL,CALLE,CANANE,CALLE,VISTA AL MAR,AVENIDA,PEDRO JOAQUIN COLDWELL,,SN,,,,,OTRO,HOLBOX,,,,77310,23,Quintana Roo,007,Lázaro Cárdenas,0012,Holbox,0233,040,,INFO@TRIBUHOSTEL.COM,WWW.TRIBUHOSTEL.COM,Fijo,21.52280654,-87.38151182,2019-11
9304286,23007721111000371001000000U5,HOTEL AK NA,AXPIRIT,721111,Hoteles con otros servicios integrados,6 a 10 personas,CALLE,CALLE CHARAL,CALLE,NINGUNO,CALLE,NINGUNO,CALLE,NINGUNO,1,PREDIO,,,0,SN,LOCALIDAD,HOLBOX,,,,77310,23,Quintana Roo,007,Lázaro Cárdenas,0012,Holbox,0233,112,9881057181,ASISTENTESPIRIT@GMAIL.COM,,Fijo,21.51735446,-87.38832135,2020-11
9869053,23007721112000621000000000U2,HOTEL AKVAL HOLBOX,,721112,Hoteles sin otros servicios integrados,0 a 5 personas,CALLE,DAMERO,AVENIDA,PALOMINO,CALLE,CARITO,CALLE,PORFIRIO DIAZ,,SN,,,,,LOCALIDAD,HOLBOX,,,,77310,23,Quintana Roo,007,Lázaro Cárdenas,0012,Holbox,0233,010,,,,Fijo,21.52439913,-87.37879409,2024-11
10854349,23007721112000594000000000U1,HOTEL ALDEA KUKA,,721112,Hoteles sin otros servicios integrados,31 a 50 personas,CALLE,PASEO KUKA,CALLE,NINGUNO,CALLE,NINGUNO,CALLE,NINGUNO,,SN,,,,,LOCALIDAD,HOLBOX,,,,77310,23,Quintana Roo,007,Lázaro Cárdenas,0012,Holbox,0233,080,,OPERACIONES@ALDEAKUKA.MX,,Fijo,21.53076742,-87.36793794,2024-11
7878468,23007721112000273000000000U2,HOTEL AMAITE,LINDO HOLBOX,721112,Hoteles sin otros servicios integrados,11 a 30 personas,OTRO(ESPECIFIQUE),MAR,AVENIDA,BENITO JUAREZ,CALLE,MORELOS,OTRO(ESPECIFIQUE),MAR,,SN,,,,,OTRO,HOLBOX,,,,77310,23,Quintana Roo,007,Lázaro Cárdenas,0012,Holbox,0233,042,9983482030,,,Fijo,21.52460021,-87.38059624,2019-11
11288121,23007721112000561000000000U0,HOTEL ARTESANO,GRUPO ARTESANO,721112,Hoteles sin otros servicios integrados,0 a 5 personas,CALLE,CHAC CHIC,CALLE,NINGUNO,CALLE,PASEO KUKA,CALLE,JUREL,,SN,,,,,LOCALIDAD,HOLBOX,,,,77310,23,Quintana Roo,007,Lázaro Cárdenas,0012,Holbox,0233,062,,,,Fijo,21.5266312,-87.37450584,2024-11
11320157,23007721112000651000000000U9,HOTEL ARUMA HA,ARUMA ELEMENT HOTEL,721112,Hoteles sin otros servicios integrados,0 a 5 personas,CALLE,NINGUNO,CALLE,PASEO KUKA,CALLE,JERONIMO DE AGUILAR,CALLE,NINGUNO,,SN,,,,,OTRO,HOLBOX,,,,77310,23,Quintana Roo,007,Lázaro Cárdenas,0012,Holbox,0233,082,,,,Fijo,21.51854249,-87.3817766,2024-11
11332000,23007721112000771000000000U5,HOTEL AURORA HOLBOX,,721112,Hoteles sin otros servicios integrados,0 a 5 personas,CALLE,ESMEDREGAL,CALLE,JERONIMO DE AGUILAR,CALLE,PORFIRIO DIAZ,CALLE,ESMEDREGAL,,SN,,,,,OTRO,HOLBOX,,,,77310,23,Quintana Roo,007,Lázaro Cárdenas,0012,Holbox,0233,006,,,,Fijo,21.52250148,-87.37941501,2024-11
9898865,23007721112000461000000000U3,HOTEL BHOGA,SPIRIT HOTEL,721112,Hoteles sin otros servicios integrados,0 a 5 personas,CALLE,EJIDAL,CERRADA,NINGUNO,CALLE,NINGUNO,CERRADA,NINGUNO,,SN,,,,,OTRO,HOLBOX,,,,77310,23,Quintana Roo,007,Lázaro Cárdenas,0012,Holbox,0233,130,,,,Fijo,21.51544553,-87.38931909,2024-11
9319757,23007721112000443100000000U1,HOTEL BLUE HOLBOX,OPERADORA DE HOTELES HOLBOX,721111,Hoteles con otros servicios integrados,11 a 30 personas,OTRO(ESPECIFIQUE),AVENIDA KUKA,CALLE,NINGUNO,CALLE,NINGUNO,CALLE,PASEO KUKA,1,LOTE,,,0,SN,LOCALIDAD,HOLBOX,,,,77310,23,Quintana Roo,007,Lázaro Cárdenas,0012,Holbox,0233,800,9848752376,CONTABILIDAD@BLUEHOLBOXHOTEL.COM,,Fijo,21.52959755,-87.37138971,2020-11
9636308,23007721112000551000000000U1,HOTEL BOHONITO,HOTELES ESDUMA PACHUCA,721112,Hoteles sin otros servicios integrados,0 a 5 personas,CALLE,PASEO KUKA,AVENIDA,BENITO JUAREZ,AVENIDA,PALOMINO,CALLE,JERONIMO DE AGUILAR,,SN,,,,,LOCALIDAD,HOLBOX,,,,77310,23,Quintana Roo,007,Lázaro Cárdenas,0012,Holbox,0233,003,,,,Fijo,21.52253555,-87.37747145,2024-11
9950656,23007721112000701000000000U2,HOTEL BOUTIQUE ALOHA,,721112,Hoteles sin otros servicios integrados,0 a 5 personas,CALLE,JUREL,CALLE,NINGUNO,CALLE,PASEO KUKA,CALLE,CHAC CHIC,,SN,,,,,LOCALIDAD,HOLBOX,,,,77310,23,Quintana Roo,007,Lázaro Cárdenas,0012,Holbox,0233,062,,,,Fijo,21.5257217,-87.3747437,2024-11
11729147,23007721112000853000000000U1,HOTEL BOUTIQUE AWA,HOTEL BOUTIQUE AWA,721112,Hoteles sin otros servicios integrados,11 a 30 personas,CALLE,CAGUAMA,CALLE,NINGUNO,CALLE,NINGUNO,CALLE,CAGUAMA,,SN,,,,,OTRO,HOLBOX,,,,77310,23,Quintana Roo,007,Lázaro Cárdenas,0012,Holbox,0233,114,,,WWW.AWAHOLBOX.COM,Fijo,21.51772991,-87.38810476,2025-04
11203815,23007721112000791000000000U3,HOTEL BRISA DEL MAR,,721112,Hoteles sin otros servicios integrados,0 a 5 personas,CALLE,ESMEDREGAL,CALLE,PEDRO JOAQUIN CODWELL,CALLE,PORFIRIO DIAZ,CALLE,CANANE,,SN,,,,,OTRO,HOLBOX,,,,77310,23,Quintana Roo,007,Lázaro Cárdenas,0012,Holbox,0233,007,,,,Fijo,21.52274564,-87.37967037,2024-11
8839327,23007721190000012000000000U0,HOTEL CABAÑAS COCONUT,GRUPO TURISTICO PENINSULA MAYA,721190,"Cabañas, villas y similares",6 a 10 personas,AVENIDA,BENITO JUAREZ,CALLE,PASEO KUKA,CALLE,HERNAN CORTEZ,AVENIDA,BENITO JUAREZ,,SN,,,,,OTRO,HOLBOX,,,,77310,23,Quintana Roo,007,Lázaro Cárdenas,0012,Holbox,0233,015,,,,Fijo,21.52164025,-87.37739527,2019-11
9288248,23007721111000512000000000U5,HOTEL CABAÑAS IDA Y VUELTA,LA LOCANDA DI ALMAYER,721111,Hoteles con otros servicios integrados,6 a 10 personas,CALLE,PASEO KUKA,CERRADA,NINGUNO,CALLE,NINGUNO,CALLE,NINGUNO,,SN,,,0,SN,LOCALIDAD,HOLBOX,,,,77310,23,Quintana Roo,007,Lázaro Cárdenas,0012,Holbox,0233,065,,FACTURACIONHOLBOXHOSTEL@GMAIL.COM,,Fijo,21.52651115,-87.37376816,2020-11
12289081,23007721111000672000000000U7,HOTEL CASA CATBA,,721111,Hoteles con otros servicios integrados,6 a 10 personas,OTRO(ESPECIFIQUE),MAR,CALLE,CANANE,CALLE,VISTA AL MAR,OTRO(ESPECIFIQUE),MAR,,SN,,,,,OTRO,HOLBOX,,,,77310,23,Quintana Roo,007,Lázaro Cárdenas,0012,Holbox,0233,040,9843150664,INFO@CASACATBA.COM,,Fijo,21.52361039,-87.38199028,2026-04
10808682,23007721112000571000000000U9,HOTEL CASA CORONA HOLBOX,,721112,Hoteles sin otros servicios integrados,0 a 5 personas,AVENIDA,TIBURON BALLENA,CALLE,HERNAN CORTEZ,CALLE,OCEANO ATLANTICO,AVENIDA,TIBURON BALLENA,,SN,,,,,OTRO,HOLBOX,,,,77310,23,Quintana Roo,007,Lázaro Cárdenas,0012,Holbox,0233,033,9981088842,,,Fijo,21.52115554,-87.37688065,2024-11
8726977,23007721112000414000000000U2,HOTEL CASA DE LAS TORTUGAS,WIEGOL,721112,Hoteles sin otros servicios integrados,31 a 50 personas,CALLE,DAMERO,CALLE,JUSTO SIERRA,CALLE,NINGUNO,CALLE,NINGUNO,,SN,,,,,LOCALIDAD,HOLBOX,,,,77310,23,Quintana Roo,007,Lázaro Cárdenas,0012,Holbox,0233,059,,INFO@ISLAHOLBOX.EV,WWW.HOLBOXCASALASTORTUGAS.COM,Fijo,21.52548285,-87.37783466,2019-11
12289082,23007721111000681000000000U8,HOTEL CASA DEL VIENTO,HOTEL CASA DEL VIENTO,721111,Hoteles con otros servicios integrados,0 a 5 personas,CALLE,LISA,CALLE,PEDRO JOAQUIN CODWELL,CALLE,VICENTE GUERRERO,CALLE,LISA,,SN,,,,,OTRO,HOLBOX,,,,77310,23,Quintana Roo,007,Lázaro Cárdenas,0012,Holbox,0233,021,,,,Fijo,21.52226893,-87.38133241,2026-04
9330511,23007721112000432101000000U4,HOTEL CASA HX,CASA HX,721111,Hoteles con otros servicios integrados,11 a 30 personas,CALLE,AVENIDA PEDRO JOAQUIN COLWELL,CALLE,NINGUNO,CALLE,NINGUNO,CALLE,NINGUNO,,SN,,,,SN,LOCALIDAD,HOLBOX,,,,77310,23,Quintana Roo,007,Lázaro Cárdenas,0012,Holbox,0233,800,,ADMIN@CASAHX.COM,WWW.CASAHX.COM,Fijo,21.51341179,-87.39123643,2020-11
8726974,23007721112000392000000000U0,HOTEL CASA IGUANA,CHOWI,721112,Hoteles sin otros servicios integrados,6 a 10 personas,CALLE,CHAN CHI,CALLE,NINGUNO,CALLE,PEDRO JOAQUIN CODWELL,CALLE,GERONIMO,,SN,,,,,LOCALIDAD,HOLBOX,,,,77310,23,Quintana Roo,007,Lázaro Cárdenas,0012,Holbox,0233,044,9848752469,,WWW.HOTELCASAIGUANA.COM,Fijo,21.52679802,-87.37466651,2019-11
11219880,23007721112000601000000000U4,HOTEL CASA MAR,,721112,Hoteles sin otros servicios integrados,0 a 5 personas,CALLE,JUREL,CALLE,NINGUNO,CALLE,PASEO KUKA,CALLE,SAN PEDRO,,SN,,,,,LOCALIDAD,HOLBOX,,,,77310,23,Quintana Roo,007,Lázaro Cárdenas,0012,Holbox,0233,044,,,,Fijo,21.52589881,-87.37499955,2024-11
9279328,23007721111000502001000000U6,HOTEL CASA MARGOT,PUNTA CARACOL,721111,Hoteles con otros servicios integrados,11 a 30 personas,CALLE,AVENIDA PEDRO JAOQUIN CODWELL,CALLE,VICENTE GUERRERO,CALLE,NINGUNO,CALLE,NINGUNO,,SN,,,,SN,LOCALIDAD,ISLA HOLBOX,,,,77310,23,Quintana Roo,007,Lázaro Cárdenas,0012,Holbox,0233,094,9984896961,ADMINISTRACION@CASAMARGOT.COM.MX,WWW.CASAMARGOT.COM.MX,Fijo,21.51713773,-87.38679513,2020-11
8279897,23007721112000252001000000U6,HOTEL CASA MAYA,HOTEL CASA MAYA,721112,Hoteles sin otros servicios integrados,0 a 5 personas,CALLE,MAR,CALLE,JUSTO SIERRA,CALLE,CARITO,CALLE,DAMERO,,SN,,,,,LOCALIDAD,HOLBOX,,,,77310,23,Quintana Roo,007,Lázaro Cárdenas,0012,Holbox,0233,026,9981705442,,,Fijo,21.52590194,-87.37861643,2019-11
9498301,23007721112000581000000000U8,HOTEL CASA MUUCH,GRUPO VALEINE,721112,Hoteles sin otros servicios integrados,0 a 5 personas,OTRO(ESPECIFIQUE),MAR,CALLE,NINGUNO,CALLE,NINGUNO,OTRO(ESPECIFIQUE),NINGUNO,,SN,,,,,PUEBLO,HOLBOX,,,,77310,23,Quintana Roo,007,Lázaro Cárdenas,0012,Holbox,0233,113,,,,Fijo,21.51789525,-87.38907997,2024-11
10448134,23007721112000521000000000U4,HOTEL CHOBYS HOUSE,,721112,Hoteles sin otros servicios integrados,0 a 5 personas,OTRO(ESPECIFIQUE),PLAYA,CALLE,PEZ VELA,CALLE,ESTRELLA,CALLE,CAGUAMA,,SN,,,,,OTRO,HOLBOX,,,,77310,23,Quintana Roo,007,Lázaro Cárdenas,0012,Holbox,0233,117,,,,Fijo,21.51859341,-87.38798963,2024-11
7805886,23007721111000142001000000U1,HOTEL CORAZON MEXICANO HOLBOX,CORAZON MEXICANO,721112,Hoteles sin otros servicios integrados,0 a 5 personas,CALLE,NINGUNO,CALLE,NINGUNO,OTRO(ESPECIFIQUE),NINGUNO,CALLE,NINGUNO,,SN,,,,,OTRO,HOLBOX,,,,77310,23,Quintana Roo,007,Lázaro Cárdenas,0012,Holbox,0233,073,,CORAMEXICANOHOLBOX@GMAIL.COM,,Fijo,21.52152782,-87.3740574,2019-11
9051683,23007721111000103000000000U3,HOTEL DIOSA KALI,ORO DE RIO HOTELERIA,721112,Hoteles sin otros servicios integrados,11 a 30 personas,OTRO(ESPECIFIQUE),MAR,AVENIDA,PALOMINO,CALLE,CARITO,OTRO(ESPECIFIQUE),MAR,,SN,,,,,LOCALIDAD,HOLBOX,,,,77310,23,Quintana Roo,007,Lázaro Cárdenas,0012,Holbox,0233,025,9842085050,,WWW.HOTELDIOSAKALI.COM,Fijo,21.52545395,-87.37933156,2019-11
8705862,23007721112000381001000000U3,HOTEL EL CORAZON BOUTIQUE,,721112,Hoteles sin otros servicios integrados,6 a 10 personas,CALLE,PASEO KUKA,CALLE,NINGUNO,CALLE,NINGUNO,CALLE,HERNAN CORTEZ,,SN,,,,,LOCALIDAD,HOLBOX,,,,77310,23,Quintana Roo,007,Lázaro Cárdenas,0012,Holbox,0233,063,,,,Fijo,21.52610657,-87.37415044,2019-11
10667857,23007721112000731000000000U9,HOTEL EL JARDIN DE LOS ALUXES,,721112,Hoteles sin otros servicios integrados,0 a 5 personas,OTRO(ESPECIFIQUE),NINGUNO,OTRO(ESPECIFIQUE),NINGUNO,OTRO(ESPECIFIQUE),NINGUNO,OTRO(ESPECIFIQUE),NINGUNO,,SN,,,,,OTRO,HOLBOX,,,,77310,23,Quintana Roo,007,Lázaro Cárdenas,0012,Holbox,0233,800,,,,Fijo,21.51813997,-87.38298697,2024-11
8726976,23007721112000403000000000U5,HOTEL EN LA PLAYA MAWIMBI,CARMELO ALEMANNI ORIFICI,721112,Hoteles sin otros servicios integrados,0 a 5 personas,CALLE,DAMERO,CALLE,JUSTO SIERRA,CALLE,NINGUNO,OTRO(ESPECIFIQUE),,,SN,,,,,LOCALIDAD,HOLBOX,,,,77310,23,Quintana Roo,007,Lázaro Cárdenas,0012,Holbox,0233,059,9848752003,,WWW.MAWIMBI.NET,Fijo,21.52584005,-87.37752048,2026-04
8726455,23007721113000012010000000U2,HOTEL ENSUEÑO HOLBOX APARTMENTS,,721112,Hoteles sin otros servicios integrados,6 a 10 personas,CALLE,CHARAL,CALLE,NINGUNO,CALLE,VICENTE GUERRERO,CALLE,CHARAL,,SN,,,,,OTRO,HOLBOX,,,,77310,23,Quintana Roo,007,Lázaro Cárdenas,0012,Holbox,0233,111,,,,Fijo,21.51704261,-87.38796795,2019-11
9295840,23007721111000522001000000U4,HOTEL GOLDEN PARADISE BEACH,,721111,Hoteles con otros servicios integrados,11 a 30 personas,OTRO(ESPECIFIQUE),MAR,CERRADA,NINGUNO,CALLE,NINGUNO,OTRO(ESPECIFIQUE),NINGUNO,,SN,,,,SN,LOCALIDAD,HOLBOX,,,,77310,23,Quintana Roo,007,Lázaro Cárdenas,0012,Holbox,0233,090,,GOLDENHOLBOX1@GMAIL.COM,,Fijo,21.5173922,-87.38990105,2020-11
9644541,23007721111000631000000000U3,HOTEL HAU BOUTIQUE,GRUPO INTEGRAL DEL ORIENTE,721111,Hoteles con otros servicios integrados,11 a 30 personas,CERRADA,NINGUNO,CALLE,NINGUNO,CALLE,NINGUNO,CALLE,C CARACOL,,SN,,,,,OTRO,HOLBOX,,,,77310,23,Quintana Roo,007,Lázaro Cárdenas,0012,Holbox,0233,108,9841057723,FACTURASPIRIT@GMAIL.COM,,Fijo,21.51646792,-87.39013477,2024-11
9327509,23007721111000411101000000U8,HOTEL HOLBOX BY XALOC,TENDENCIA HOLBOX,721111,Hoteles con otros servicios integrados,11 a 30 personas,CALLE,CALLE CHACCHI,CALLE,PASEO KUKA,CALLE,MAR,CALLE,NINGUNO,,SN,,,,SN,LOCALIDAD,HOLBOX,,,,77310,23,Quintana Roo,007,Lázaro Cárdenas,0012,Holbox,0233,800,9981269935,GERENCIA2@BYXALOC.COM,WWW.BYXALOC.COM,Fijo,21.52640326,-87.37420448,2020-11
11571842,23007721112000824000000000U2,HOTEL HOLBOX DREAM,SBART HOLBOX,721112,Hoteles sin otros servicios integrados,31 a 50 personas,CALLE,LISA,OTRO(ESPECIFIQUE),MAR,CALLE,VICENTE GUERRERO,CALLE,LISA,,SN,,,,,OTRO,HOLBOX,,,,77310,23,Quintana Roo,007,Lázaro Cárdenas,0012,Holbox,0233,800,,,,Fijo,21.52292638,-87.38228832,2024-11
9290884,23007721111000391001000000U3,HOTEL HOLMAR,,721111,Hoteles con otros servicios integrados,11 a 30 personas,CALLE,CARITO,CALLE,PEDRO JOAQUÍN CODWELL,CALLE,MAR,CALLE,JUSTO SIERRA,,SN,,,,SN,LOCALIDAD,ISLA HOLBOX,,,,77310,23,Quintana Roo,007,Lázaro Cárdenas,0012,Holbox,0233,026,9841512138,HOTELHOLMAR@GMAIL.COM,,Fijo,21.52530968,-87.37890674,2020-11
9702934,23007721112000741000000000U8,HOTEL ISLA BONITA,,721112,Hoteles sin otros servicios integrados,0 a 5 personas,CALLE,NINGUNO,CALLE,NINGUNO,CALLE,NINGUNO,CALLE,NINGUNO,,SN,,,,,OTRO,HOLBOX,,,,77310,23,Quintana Roo,007,Lázaro Cárdenas,0012,Holbox,0233,092,,,,Fijo,21.51956168,-87.38202932,2024-11
8132485,23007721112000181000000000U7,HOTEL KAI BOUTIQUE,,721112,Hoteles sin otros servicios integrados,0 a 5 personas,CALLE,PASEO KUKA,AVENIDA,BENITO JUAREZ,CALLE,MORELOS,CALLE,JERONIMO DE AGUILAR,,SN,,,,,LOCALIDAD,HOLBOX,,,,77310,23,Quintana Roo,007,Lázaro Cárdenas,0012,Holbox,0233,004,9871416583,HOTEL_KAI@OUTLOOK.COM,,Fijo,21.52185851,-87.3780864,2019-11
10644586,23007721112000541000000000U2,HOTEL KIN STUDIOS HOLBOX,,721112,Hoteles sin otros servicios integrados,0 a 5 personas,CALLE,EJIDAL,CERRADA,NINGUNO,CALLE,NINGUNO,CALLE,EJIDAL,,SN,,,,,OTRO,HOLBOX,,,,77310,23,Quintana Roo,007,Lázaro Cárdenas,0012,Holbox,0233,131,,,,Fijo,21.5152645,-87.38942679,2024-11
11004351,23007721112000681000000000U6,HOTEL KRAK INN,,721112,Hoteles sin otros servicios integrados,0 a 5 personas,CALLE,NINGUNO,CALLE,NINGUNO,CALLE,NINGUNO,OTRO(ESPECIFIQUE),NINGUNO,,SN,,,,,OTRO,HOLBOX,,,,77310,23,Quintana Roo,007,Lázaro Cárdenas,0012,Holbox,0233,073,,,,Fijo,21.52093488,-87.37391236,2024-11
8132261,23007721112000161000000000U9,HOTEL LA CASA DE CAPI,,721112,Hoteles sin otros servicios integrados,0 a 5 personas,CALLE,JERONIMO DE AGUILAR,AVENIDA,BENITO JUAREZ,CALLE,MORELOS,CALLE,PASEO KUKA,,SN,,,,,LOCALIDAD,HOLBOX,,,,77310,23,Quintana Roo,007,Lázaro Cárdenas,0012,Holbox,0233,004,,LACASADELCAPI@GMAIL.COM,,Fijo,21.52221273,-87.37872249,2019-11
9782964,23007721112000811000000000U9,HOTEL LA CASA DE MIA,,721112,Hoteles sin otros servicios integrados,0 a 5 personas,CALLE,HERNAN CORTES,CALLE,VULKAY,CALLE,SIERRA,CALLE,HERNAN CORTES,,SN,,,,,OTRO,HOLBOX,,,,77310,23,Quintana Roo,007,Lázaro Cárdenas,0012,Holbox,0233,066,,,,Fijo,21.52348749,-87.37518786,2024-11
8279841,23007721112000221000000000U1,HOTEL LA CHAYA,,721112,Hoteles sin otros servicios integrados,0 a 5 personas,CALLE,PEDRO JOAQUIN COLDWELL,AVENIDA,BENITO JUAREZ,AVENIDA,PALOMINO,CALLE,DEMERO,,SN,,,,,LOCALIDAD,HOLBOX,,,,77310,23,Quintana Roo,007,Lázaro Cárdenas,0012,Holbox,0233,024,,LACHAYAHOLBOX@GMAIL.COM,WWW.HOTELCHAYAHOLBOX.COM,Fijo,21.52455791,-87.37970155,2019-11
11770384,23007721111000662000000000U8,HOTEL LA PUERTA AZUL HOLBOX,,721111,Hoteles con otros servicios integrados,6 a 10 personas,CERRADA,NINGUNO,OTRO(ESPECIFIQUE),NINGUNO,CALLE,NINGUNO,CALLE,NINGUNO,,SN,,,,,OTRO,HOLBOX,,,,77310,23,Quintana Roo,007,Lázaro Cárdenas,0012,Holbox,0233,108,9981236486,,,Fijo,21.51639219,-87.39004851,2025-04
6384870,23007721111000015002000000U9,HOTEL LAS NUBES DE HOLBOX,SERVICIOS OPERATIVOS RUMBO AL TROPICO,721111,Hoteles con otros servicios integrados,11 a 30 personas,CALLE,PASEO KUKA,CALLE,NINGUNO,CALLE,NINGUNO,OTRO(ESPECIFIQUE),MAR,,SN,,,0,SN,LOCALIDAD,HOLBOX,EDIFICIO COMERCIAL Y DE SERVICIOS,SIN NOMBRE,SN,77310,23,Quintana Roo,007,Lázaro Cárdenas,0012,Holbox,0233,088,9861206046,AUXILIARINGRESOS@LASNUBESDEHOLBOX.COM,WWW.HOTELLASNUBESDEHOLBOX.COM,Fijo,21.53396543,-87.36402857,2014-12
11358483,23007721112000641000000000U0,HOTEL LIFESTYLE KB,,721112,Hoteles sin otros servicios integrados,0 a 5 personas,CALLE,DAMERO,CALLE,MORELOS,AVENIDA,BENITO JUAREZ,AVENIDA,PEDRO JOAQUIN COLDWELL,,SN,,,,,LOCALIDAD,HOLBOX,,,,77310,23,Quintana Roo,007,Lázaro Cárdenas,0012,Holbox,0233,023,,,,Fijo,21.52353997,-87.37967218,2024-11
8132413,23007721112000172000000000U6,HOTEL LOS ARCOS,,721112,Hoteles sin otros servicios integrados,6 a 10 personas,AVENIDA,TIBURON BALLENA,CALLE,PORFIRIO DIAZ,CALLE,PEDRO JOAQUIN CODWELL,CALLE,DAMERO,,SN,,,,,LOCALIDAD,HOLBOX,,,,77531,23,Quintana Roo,007,Lázaro Cárdenas,0012,Holbox,0233,008,9848752043,,,Fijo,21.52336179,-87.37925292,2019-11
7878575,23007721112000322001000000U7,HOTEL MAYAN MITTOZ,GRUPO MITTOZ,721112,Hoteles sin otros servicios integrados,0 a 5 personas,CALLE,NINGUNO,AVENIDA,PALOMINO,AVENIDA,BENITO JUAREZ,CALLE,NINGUNO,,SN,,,,,OTRO,HOLBOX,,,,77310,23,Quintana Roo,007,Lázaro Cárdenas,0012,Holbox,0233,053,,NELSON.AGUIRRE@YAHOO.COM.MX,,Fijo,21.52028486,-87.37481513,2019-11
10626427,23007721112000672000000000U5,HOTEL MAYARI,UNDERGROUND,721112,Hoteles sin otros servicios integrados,6 a 10 personas,CALLE,CANANE,CALLE,HERNAN CORTEZ,CALLE,PASEO KUKA,CALLE,LISA,,SN,,,,,OTRO,HOLBOX,,,,77310,23,Quintana Roo,007,Lázaro Cárdenas,0012,Holbox,0233,017,,,,Fijo,21.52053705,-87.37830171,2024-11
11808406,23007721112000844000000000U0,HOTEL NAI HOLBOX,,721112,Hoteles sin otros servicios integrados,31 a 50 personas,CERRADA,NINGUNO,CALLE,NINGUNO,CALLE,NINGUNO,CALLE,NINGUNO,,SN,,,,,LOCALIDAD,HOLBOX,,,,77310,23,Quintana Roo,007,Lázaro Cárdenas,0012,Holbox,0233,100,9841883804,CONTABILIDAD.@NAYHOLBOX.COM.MX,WWW.NAYHOLBOX.COM,Fijo,21.51268636,-87.39492275,2025-04
11683198,23007721112000693000000000U1,HOTEL NAJ CASA HOLBOX,HOTEL NAJ CASA HOLBOX,721112,Hoteles sin otros servicios integrados,11 a 30 personas,CALLE,HERNAN CORTEZ,CALLE,CANANE,CALLE,LISA,CALLE,PASEO KUKA,,SN,,,,,OTRO,HOLBOX,,,,77310,23,Quintana Roo,007,Lázaro Cárdenas,0012,Holbox,0233,017,,,,Fijo,21.5200682,-87.37860757,2024-11
12289200,23007721112000865000000000U5,HOTEL NOMADE HOLBOX,BUEN AUGURIO,721112,Hoteles sin otros servicios integrados,51 a 100 personas,OTRO(ESPECIFIQUE),NINGUNO,CERRADA,NINGUNO,CALLE,NINGUNO,CALLE,C CARACOL,,SN,,,,,OTRO,HOLBOX,,,,77310,23,Quintana Roo,007,Lázaro Cárdenas,0012,Holbox,0233,108,4611552710,ANGUS.ARREDONDO@NOMADEHOLBOX.COM,,Fijo,21.5164722,-87.39013965,2026-04
9317024,23007721111000351100000000U7,HOTEL PALAPAS DEL SOL,HOLBOX HOTEL PALAPAS DEL SOL,721111,Hoteles con otros servicios integrados,11 a 30 personas,CALLE,CALLE DAMERO,CALLE,NINGUNO,CERRADA,NINGUNO,CALLE,PASEO KUKA,,SN,,,,SN,LOCALIDAD,HOLBOX,,,,77310,23,Quintana Roo,007,Lázaro Cárdenas,0012,Holbox,0233,800,9841368850,INFO@PALAPASDELSOL.COM,WWW.PALAPASDELSOL.COM,Fijo,21.53048874,-87.36991691,2020-11
9304894,23007721111000471000000000U8,HOTEL PARA TI,PARA TI HOLBOX,721111,Hoteles con otros servicios integrados,6 a 10 personas,CALLE,CALLE LISA,CALLE,PEDRO JOAQUÍN CODWELL,CALLE,PORFIRIO DÍAZ,CALLE,CANANE,,SN,,,,SN,LOCALIDAD,HOLBOX,,,,77310,23,Quintana Roo,007,Lázaro Cárdenas,0012,Holbox,0233,020,9848752471,RESERVACIONESPARATI@HOTMAIL.COM,WWW.PARATIHOLBOX.COM,Fijo,21.5217464,-87.3807137,2020-11
10600063,23007721112000501000000000U6,HOTEL POSADA DAVID,,721112,Hoteles sin otros servicios integrados,0 a 5 personas,CALLE,PORFIRIO DIAZ,CALLE,CARITO,CALLE,JUSTO SIERRA,CALLE,DAMERO,,SN,,,,,LOCALIDAD,HOLBOX,,,,77310,23,Quintana Roo,007,Lázaro Cárdenas,0012,Holbox,0233,027,9841444030,,,Fijo,21.52486269,-87.37735757,2024-11
9278000,23007721111000481001000000U5,HOTEL PUERTO HOLBOX,ALBERTO SAAP SAAP,721111,Hoteles con otros servicios integrados,6 a 10 personas,CALLE,AVENIDA PEDRO JOAQUIN CODWELL,CALLE,NINGUNO,CALLE,NINGUNO,OTRO(ESPECIFIQUE),NINGUNO,,SN,,,,SN,LOCALIDAD,ISLA HOLBOX,,,,77310,23,Quintana Roo,007,Lázaro Cárdenas,0012,Holbox,0233,084,9861141524,ADMINISTRACION@PUERTOHOLBOX.COM,WWW.PUERTOHOLBOX.COM,Fijo,21.52044635,-87.38376548,2020-11
9332130,23007721111000311001000000U7,HOTEL PUNTA CALIZA,,721111,Hoteles con otros servicios integrados,11 a 30 personas,CALLE,PASEO KUKA,CALLE,NINGUNO,CALLE,NINGUNO,OTRO(ESPECIFIQUE),MAR,,SN,,,,SN,LOCALIDAD,HOLBOX,,,,77310,23,Quintana Roo,007,Lázaro Cárdenas,0012,Holbox,0233,072,9841368140,HOLA@PUNTACALIZA.COM,WWW.PUNTACALIZA.COM,Fijo,21.5265637,-87.37382571,2020-11
9276400,23007721111000381101000000U6,HOTEL SER CASASANDRA,TALLER MARINO,721111,Hoteles con otros servicios integrados,11 a 30 personas,CALLE,CALLE GAMERO,CALLE,NINGUNO,CALLE,PEDRO JOAQUÍN CODWELL,OTRO(ESPECIFIQUE),JERONIMO DE AGUILAR,,SN,,,,SN,LOCALIDAD,HOLBOX,,,,77310,23,Quintana Roo,007,Lázaro Cárdenas,0012,Holbox,0233,800,3741008946,FINANZAS@CASASANDRA.COM,WWW.CASASANDRA.COM,Fijo,21.52693122,-87.37479934,2020-11
11637017,23007721311000201000000000U1,HOTEL SHANKARA,TREINTA CATORCE,721311,Pensiones y casas de huéspedes,0 a 5 personas,CALLE,JERONIMO DE AGUILAR,CALLE,CARITO,CALLE,SIERRA,CALLE,PASEO KUKA,,SN,,,,,LOCALIDAD,HOLBOX,,,,77310,23,Quintana Roo,007,Lázaro Cárdenas,0012,Holbox,0233,029,,,,Fijo,21.52388704,-87.37715467,2024-11
10995904,23007721112000712000000000U9,HOTEL SIESTA HOLBOX,,721112,Hoteles sin otros servicios integrados,6 a 10 personas,CALLE,DAMERO,CALLE,CANANE,CALLE,MORELOS,CALLE,DAMERO,,SN,,,,,OTRO,HOLBOX,,,,77310,23,Quintana Roo,007,Lázaro Cárdenas,0012,Holbox,0233,007,,,,Fijo,21.52278208,-87.38022488,2024-11
11170649,23007721111000601000000000U6,HOTEL SOHO BOUTIQUE,AXSPIRIT,721111,Hoteles con otros servicios integrados,11 a 30 personas,PRIVADA,NINGUNO,CALLE,NINGUNO,OTRO(ESPECIFIQUE),MAR,CALLE,ZARGO,,SN,,,,,OTRO,HOLBOX,,,,77310,23,Quintana Roo,007,Lázaro Cárdenas,0012,Holbox,0233,090,9841057723,FACTURASPIRIT@GMAIL.COM,,Fijo,21.51691592,-87.38935125,2024-11
11155397,23007721111000621000000000U4,HOTEL SPIRIT,SPIRIT HOLBOX,721111,Hoteles con otros servicios integrados,11 a 30 personas,CALLE,ZARGO,OTRO(ESPECIFIQUE),MAR,PRIVADA,NINGUNO,OTRO(ESPECIFIQUE),MAR,,SN,,,,,OTRO,HOLBOX,,,,77310,23,Quintana Roo,007,Lázaro Cárdenas,0012,Holbox,0233,090,,,,Fijo,21.51730216,-87.38961524,2024-11
9770496,23007721112000802000000000U8,HOTEL TIERRA DEL MAR,ACTA MAR OPERADORA BOUTIQUE HOSTALES,721112,Hoteles sin otros servicios integrados,6 a 10 personas,AVENIDA,PEDRO JOAQUIN COLDWELL,CALLE,CANANE,CALLE,MORELOS,CALLE,DAMERO,,SN,,,,,OTRO,HOLBOX,,,,77310,23,Quintana Roo,007,Lázaro Cárdenas,0012,Holbox,0233,022,,,,Fijo,21.52337904,-87.38085047,2024-11
12289025,23007721111000652000000000U9,HOTEL TIERRA MIA,,721111,Hoteles con otros servicios integrados,11 a 30 personas,CALLE,GERONIMO,CALLE,NINGUNO,CALLE,NINGUNO,CALLE,PASEO KUKA,,SN,,,,,LOCALIDAD,HOLBOX,,,,77310,23,Quintana Roo,007,Lázaro Cárdenas,0012,Holbox,0233,062,3313191027,MARI_FERNANDA2000@HOTMAIL.COM,,Fijo,21.52629891,-87.37501657,2026-04
11074434,23007721112000752000000000U5,HOTEL TROPICAL SUITES BY MIJ,MIJ HOTELS MEXICO 1,721112,Hoteles sin otros servicios integrados,6 a 10 personas,CALLE,GERONIMO DE AGUILAR,CALLE,CANANE,CALLE,MORELOS,CALLE,GERONIMO DE AGUILAR,,SN,,,,,OTRO,HOLBOX,,,,77310,23,Quintana Roo,007,Lázaro Cárdenas,0012,Holbox,0233,005,,,,Fijo,21.521584,-87.37929879,2024-11
11449417,23007721112000611000000000U3,HOTEL VILLA LOS MANGLES HOLBOX,,721112,Hoteles sin otros servicios integrados,0 a 5 personas,CERRADA,NINGUNO,CERRADA,NINGUNO,CERRADA,NINGUNO,CERRADA,NINGUNO,,SN,,,,,LOCALIDAD,HOLBOX,,,,77310,23,Quintana Roo,007,Lázaro Cárdenas,0012,Holbox,0233,065,,,,Fijo,21.52716175,-87.37271898,2024-11
11178905,23007721112000491000000000U0,HOTEL VILLA MARILU,,721112,Hoteles sin otros servicios integrados,0 a 5 personas,CALLE,PORFIRIO DIAZ,CALLE,TINTORERA,CALLE,LISA,CALLE,PORFIRIO DIAZ,,SN,,,,,OTRO,HOLBOX,,,,77310,23,Quintana Roo,007,Lázaro Cárdenas,0012,Holbox,0233,037,,,,Fijo,21.52134874,-87.38057058,2024-11
9320453,23007721111000331101000000U4,HOTEL VILLAS CARACOL,,721111,Hoteles con otros servicios integrados,11 a 30 personas,CALLE,CALLE CAMERO,CALLE,NINGUNO,CERRADA,NINGUNO,CALLE,PASEO KUKA,1,,,,0,SN,LOCALIDAD,HOLBOX,,,,77310,23,Quintana Roo,007,Lázaro Cárdenas,0012,Holbox,0233,800,9841161721,RECEPCION@VILLASCARACOL.COM,HTTP://WWW.VILLASCARACOL.COM.MX,Fijo,21.53103522,-87.36908784,2020-11
8730769,23007721112000421000000000U7,HOTEL VILLAS DEL PALMAR,,721112,Hoteles sin otros servicios integrados,0 a 5 personas,CALLE,JUREL,CALLE,PASEO KUKA,CALLE,HERNAN CORTEZ,CALLE,JUREL,,SN,,,,,LOCALIDAD,HOLBOX,,,,77310,23,Quintana Roo,007,Lázaro Cárdenas,0012,Holbox,0233,063,9871137560,INFO@VILLASPALMAR.COM.MX,,Fijo,21.52532713,-87.37431737,2019-11
8011911,23007721111000112001000000U4,HOTEL VILLAS EL ENCANTO HOLBOX,,721190,"Cabañas, villas y similares",0 a 5 personas,CALLE,MAR,CALLE,NINGUNO,CALLE,NINGUNO,CALLE,PASEO KUKA,,SN,,,,,LOCALIDAD,HOLBOX,,,,77310,23,Quintana Roo,007,Lázaro Cárdenas,0012,Holbox,0233,072,,,,Fijo,21.52781405,-87.37460955,2019-11
9281119,23007721111000451000061439M4,HOTEL VILLAS FLAMINGOS,OPERADORA DE HOTELES Y RESTAURANTES VILAVID,721111,Hoteles con otros servicios integrados,51 a 100 personas,CALLE,PASEO KUKA,CALLE,NINGUNO,CALLE,NINGUNO,CALLE,NINGUNO,,SN,,,,SN,LOCALIDAD,HOLBOX,,,,77310,23,Quintana Roo,007,Lázaro Cárdenas,0012,Holbox,0233,081,9987367801,ADMINISTRACION@VILLASFLAMINGOS.COM,WWW.VILLASFLAMINGOS.COM,Fijo,21.5321678,-87.36647932,2020-11
9281117,23007721111000441001000000U2,HOTEL VILLAS MARGARITAS,OPERADORA NAAY,721111,Hoteles con otros servicios integrados,6 a 10 personas,CALLE,JERONIMO DE AGUILAR,CALLE,SAN PEDRO,CALLE,JUSTO SIERRA,OTRO(ESPECIFIQUE),NINGUNO,26,,,,0,SN,LOCALIDAD,HOLBOX,,,,77310,23,Quintana Roo,007,Lázaro Cárdenas,0012,Holbox,0233,044,9848752396,GERENCIA@VILLASMARGARITASHOLBOX.COM,WWW.HOTELVILLASMARGARITASHOLBOX.COM,Fijo,21.52510742,-87.37609635,2020-11
7878523,23007721112000293000000000U0,HOTEL VILLAS TIBURON,VILLAS TIBURON,721112,Hoteles sin otros servicios integrados,11 a 30 personas,CALLE,RAYA PINTA,OTRO(ESPECIFIQUE),NINGUNO,CALLE,PASEO KUKA,CALLE,NINGUNO,,SN,,,,,LOCALIDAD,HOLBOX,,,,77310,23,Quintana Roo,007,Lázaro Cárdenas,0012,Holbox,0233,080,9981001198,GERENCIA@VILLASTIBURON.COM,WWW.VILLASTIBURON.COM,Fijo,21.53138374,-87.36758336,2019-11
9317023,23007721111000341101000000U8,HOTEL ZOMAY,HOTEL VIEJO MUELLE,721111,Hoteles con otros servicios integrados,6 a 10 personas,CALLE,AVENIDA CODWELL,CALLE,VISTA AL MAR,CALLE,TINTORERA,OTRO(ESPECIFIQUE),MAR,,SN,,,,SN,LOCALIDAD,HOLBOX,,,,77310,23,Quintana Roo,007,Lázaro Cárdenas,0012,Holbox,0233,800,9981952018,STEFANO.FRULLO@HOTMAIL.COM,WWW.ZOMAYHOLBOX.COM,Fijo,21.52226589,-87.38203732,2020-11
9296153,23007721111000421101000000U4,HOTELITO CRISMI,,721111,Hoteles con otros servicios integrados,11 a 30 personas,CALLE,CALLE DAMERO,CALLE,NINGUNO,CALLE,NINGUNO,CALLE,PASEO KUKA,,SN,,,,SN,LOCALIDAD,HOLBOX,,,,77310,23,Quintana Roo,007,Lázaro Cárdenas,0012,Holbox,0233,800,9843176930,HOTELITOCRISMI@GMAIL.COM,,Fijo,21.5315889,-87.36823227,2020-11
8279889,23007721112000231000000000U0,HOTELITO LA CONSTANZA DEL ROLO,,721112,Hoteles sin otros servicios integrados,0 a 5 personas,AVENIDA,PALOMINO,CALLE,PEDRO JOAQUIN CODWELL,CALLE,VICENTE GUERRERO,AVENIDA,TIBURON BALLENA,,SN,,,,,LOCALIDAD,HOLBOX,,,,77310,23,Quintana Roo,007,Lázaro Cárdenas,0012,Holbox,0233,024,,,,Fijo,21.52463687,-87.37943651,2019-11
8279895,23007721112000242001000000U7,HOTELITO VILLAS HOLBOX,HOTELITO VILLAS HOLBOX,721112,Hoteles sin otros servicios integrados,0 a 5 personas,CALLE,DAMERO,AVENIDA,PALOMINO,CALLE,CARITO,CALLE,CARITO,,SN,,,,,LOCALIDAD,HOLBOX,,,,77310,23,Quintana Roo,007,Lázaro Cárdenas,0012,Holbox,0233,025,9843222246,HOTELITOVILLASHOLBOX@GMAIL.COM,,Fijo,21.52468187,-87.37855284,2019-11
10703368,23007722515000381000000000U6,JUGOS Y DESAYUNOS LA PASADITA,,722515,"Cafeterías, fuentes de sodas, neverías, refresquerías y similares",0 a 5 personas,CALLE,GERONIMO DE AGUILAR,CALLE,CANANE,CALLE,MORELOS,CALLE,GERONIMO DE AGUILAR,,SN,,,,,OTRO,HOLBOX,,,,77310,23,Quintana Roo,007,Lázaro Cárdenas,0012,Holbox,0233,005,,,,Semifijo,21.52171439,-87.37918043,2024-11
10156717,23007722515000401000000000U2,JUGUERIA LA MEDIA NARANJA,JULIO,722515,"Cafeterías, fuentes de sodas, neverías, refresquerías y similares",0 a 5 personas,CALLE,DAMERO,CALLE,PARGO,CALLE,TINTORERA,CALLE,DAMERO,,SN,,,,,OTRO,HOLBOX,,,,77310,23,Quintana Roo,007,Lázaro Cárdenas,0012,Holbox,0233,048,,,,Fijo,21.52101778,-87.38170538,2024-11
8726969,23007722515000121000000000U6,JUGUERIA LOS 2 HERMANOS,,722515,"Cafeterías, fuentes de sodas, neverías, refresquerías y similares",0 a 5 personas,CALLE,DAMERO,CALLE,PARGO,CALLE,TINTORERA,CALLE,DAMERO,,SN,,,,,OTRO,HOLBOX,,,,77310,23,Quintana Roo,007,Lázaro Cárdenas,0012,Holbox,0233,048,,,,Fijo,21.52089924,-87.38178898,2019-11
11373353,23007721210000041000000000U5,KIN CAMPING,,721210,Campamentos y albergues recreativos,0 a 5 personas,CALLE,NINGUNO,CALLE,PORFIRIO DIAZ,CALLE,JERONIMO DE AGUILAR,CALLE,PARGO,,SN,,,,,OTRO,HOLBOX,,,,77310,23,Quintana Roo,007,Lázaro Cárdenas,0012,Holbox,0233,071,,,,Fijo,21.51958492,-87.38178929,2024-11
9800005,23007722515000371000000000U7,KOKO COMMUNITY CAFE,SELENA SANCHEZ,722515,"Cafeterías, fuentes de sodas, neverías, refresquerías y similares",0 a 5 personas,AVENIDA,PALOMINO,OTRO(ESPECIFIQUE),MAR,CALLE,PEDRO JOAQUIN CODWELL,CALLE,CARITO,,SN,,,,,LOCALIDAD,HOLBOX,,,,77310,23,Quintana Roo,007,Lázaro Cárdenas,0012,Holbox,0233,025,,,,Fijo,21.5243319,-87.379022,2024-11
8903463,23007722515000151010000000U3,LA ANEMONA MICHELADAS,,722512,Restaurantes con servicio de preparación de pescados y mariscos,0 a 5 personas,AVENIDA,TIBURON BALLENA,CALLE,VICENTE GUERRERO,CALLE,PEDRO JOAQUIN CODWELL,CALLE,DAMERO,,SN,,,,,LOCALIDAD,HOLBOX,,,,77310,23,Quintana Roo,007,Lázaro Cárdenas,0012,Holbox,0233,023,,,,Fijo,21.52415015,-87.380064,2019-11
9718104,23007722512000231000000000U0,LA BAMBA RESTAURANTE,,722512,Restaurantes con servicio de preparación de pescados y mariscos,0 a 5 personas,AVENIDA,TIBURON BALLENA,CALLE,JERONIMO DE AGUILAR,CALLE,PORFIRIO DIAZ,CALLE,ESMEDREGAL,,SN,,,,,LOCALIDAD,HOLBOX,,,,77310,23,Quintana Roo,007,Lázaro Cárdenas,0012,Holbox,0233,001,,,,Fijo,21.52293429,-87.37878231,2024-11
11579855,23007722511000661000000000U0,LA KAPRICHOSA RESTAURANTE,,722511,Restaurantes con servicio de preparación de alimentos a la carta o de comida corrida,0 a 5 personas,AVENIDA,TIBURON BALLENA,CALLE,PEDRO JOAQUIN CODWELL,CALLE,VICENTE GUERRERO,AVENIDA,PALOMINO,,SN,,,,,LOCALIDAD,HOLBOX,,,,77310,23,Quintana Roo,007,Lázaro Cárdenas,0012,Holbox,0233,024,9841371698,,,Fijo,21.52393706,-87.37974629,2024-11
7878526,23007722511000311001000000U2,LA MIRANDA DE RULO,LA MIRANDA DE RULO,722511,Restaurantes con servicio de preparación de alimentos a la carta o de comida corrida,6 a 10 personas,AVENIDA,PALOMINO,CALLE,PEDRO JOAQUIN CODWELL,CALLE,VICENTE GUERRERO,AVENIDA,TIBURON BALLENA,,SN,,,,,LOCALIDAD,HOLBOX,,,,77310,23,Quintana Roo,007,Lázaro Cárdenas,0012,Holbox,0233,024,,LAMIRANDA@GMAIL.COM,,Fijo,21.52466817,-87.37947162,2019-11
11670248,23007722511000782000000000U4,LA TOSTADORA,ERIKA HOLBOX,722511,Restaurantes con servicio de preparación de alimentos a la carta o de comida corrida,6 a 10 personas,AVENIDA,TIBURON BALLENA,OTRO(ESPECIFIQUE),MAR,CALLE,VICENTE GUERRERO,AVENIDA,PALOMINO,,SN,,,,,LOCALIDAD,HOLBOX,,,,77310,23,Quintana Roo,007,Lázaro Cárdenas,0012,Holbox,0233,043,,,,Fijo,21.52439438,-87.3801997,2024-11
7878578,23007311812000161000000000U0,LE JARDIN PANADERIA Y CAFETERIA,LA ESQUINA FRANCESA,722515,"Cafeterías, fuentes de sodas, neverías, refresquerías y similares",0 a 5 personas,CALLE,LISA,CALLE,PEDRO JOAQUIN CODWELL,CALLE,VICENTE GUERRERO,CALLE,CANANE,,SN,,,,,OTRO,HOLBOX,,,,77310,23,Quintana Roo,007,Lázaro Cárdenas,0012,Holbox,0233,021,9841456080,,,Fijo,21.52227111,-87.381335,2019-11
9857316,23007722515000411000000000U1,LICUADOS CLUB MAJASHE,NATHALY RODRIGUEZ,722519,Servicios de preparación de otros alimentos para consumo inmediato,0 a 5 personas,CALLE,TINTORERA,CALLE,PORFIRIO DIAZ,CALLE,PEDRO JOAQUIN CODWELL,CALLE,PARGO,,SN,,,,,OTRO,HOLBOX,,,,77310,23,Quintana Roo,007,Lázaro Cárdenas,0012,Holbox,0233,048,,,,Fijo,21.52106287,-87.38134728,2024-11
11090274,23007722511000824000000000U4,LUUMA 99THENIA Y BAR,HOLBOX AB,722511,Restaurantes con servicio de preparación de alimentos a la carta o de comida corrida,31 a 50 personas,CALLE,DAMERO,CALLE,JUSTO SIERRA,CALLE,CARITO,OTRO(ESPECIFIQUE),MAR,,SN,,,,,LOCALIDAD,HOLBOX,,,,77310,23,Quintana Roo,007,Lázaro Cárdenas,0012,Holbox,0233,026,,,,Fijo,21.52532681,-87.37791206,2024-11
9311563,23007721111000491001061118M6,MACONDO HOLBOX,INMOBILIARIA NUEVA ANAHUAC,721111,Hoteles con otros servicios integrados,11 a 30 personas,CALLE,CANANE,OTRO(ESPECIFIQUE),MAR,CALLE,VICENTE GUERRERO,CALLE,VISTA AL MAR,,SN,,,,SN,LOCALIDAD,HOLBOX,,,,77310,23,Quintana Roo,007,Lázaro Cárdenas,0012,Holbox,0233,040,2284240595,GERENCIAHOLBOX@THEMANGLAR.COM,WWW.MACONDOHOTEL.COM,Fijo,21.52327213,-87.38138015,2020-11
9912344,23007721190000112000000000U8,MAPACHE HOSTAL,LA OLA EXPERIENCIA,721190,"Cabañas, villas y similares",6 a 10 personas,CALLE,JUSTO SIERRA,CALLE,JERONIMO DE AGUILAR,CALLE,PEDRO JOAQUIN CODWELL,CALLE,CHAN CHI,,SN,,,,,LOCALIDAD,HOLBOX,,,,77310,23,Quintana Roo,007,Lázaro Cárdenas,0012,Holbox,0233,044,,MAPACHEHOSTEL@GMAIL.COM,,Fijo,21.52454643,-87.37684124,2024-11
10639158,23007722512000193000000000U2,MARISCO EL VIRIL,,722512,Restaurantes con servicio de preparación de pescados y mariscos,11 a 30 personas,AVENIDA,BENITO JUAREZ,CALLE,JERONIMO DE AGUILAR,CALLE,PASEO KUKA,AVENIDA,PALOMINO,,SN,,,,,LOCALIDAD,HOLBOX,,,,77310,23,Quintana Roo,007,Lázaro Cárdenas,0012,Holbox,0233,003,9842389235,,,Fijo,21.52219883,-87.37787894,2024-11
9425873,23007721111000581001000000U0,MAYAYMAR INMOBILIARIA,MAYAYMAR INMOBILIARIA,721111,Hoteles con otros servicios integrados,6 a 10 personas,AVENIDA,GONZALO GUERRERO X PARGO,CALLE,TINTORERA,CALLE,PARGO,OTRO(ESPECIFIQUE),OCÉANO ATLANTICO,56,,,,,,PUEBLO,ISLA DE HOL BOX,,,,77310,23,Quintana Roo,007,Lázaro Cárdenas,0012,Holbox,0233,068,9563393012,NEWRDUENAS14@GMAIL.COM,,Fijo,21.51860276,-87.3791073,2023-11
10249717,23007721112000761000000000U6,MHTOZ HOTEL,,721112,Hoteles sin otros servicios integrados,0 a 5 personas,CALLE,PEDRO JOAQUIN COLDWELL,AVENIDA,BENITO JUAREZ,AVENIDA,PALOMINO,OTRO(ESPECIFIQUE),MAR,,SN,,,,,LOCALIDAD,HOLBOX,,,,77310,23,Quintana Roo,007,Lázaro Cárdenas,0012,Holbox,0233,043,,,,Fijo,21.5244156,-87.37993997,2024-11
11086732,23007722517000302000000000U8,MITICA HAMBURGUESA,3GP RESTAURANTE,722517,"Restaurantes con servicio de preparación de pizzas, hamburguesas, hot dogs y pollos rostizados para llevar",6 a 10 personas,AVENIDA,TIBURON BALLENA,CALLE,PORFIRIO DIAZ,CALLE,PEDRO JOAQUIN CODWELL,CALLE,ESMEDREGAL,,SN,,,,,LOCALIDAD,HOLBOX,,,,77531,23,Quintana Roo,007,Lázaro Cárdenas,0012,Holbox,0233,008,,,,Fijo,21.52347433,-87.37937682,2024-11
10998850,23007721112000781000000000U4,MITTOZ HOTEL,,721112,Hoteles sin otros servicios integrados,0 a 5 personas,AVENIDA,TIBURON BALLENA,CALLE,PEDRO JOAQUIN CODWELL,CALLE,VICENTE GUERRERO,AVENIDA,PALOMINO,,SN,,,,,LOCALIDAD,HOLBOX,,,,77310,23,Quintana Roo,007,Lázaro Cárdenas,0012,Holbox,0233,024,,,,Fijo,21.52420958,-87.3800186,2024-11
11649487,23007722511000481000000000U3,MONONO RESTAURANTE Y BAR,MONONO RESTAURANTE Y BAR,722511,Restaurantes con servicio de preparación de alimentos a la carta o de comida corrida,0 a 5 personas,AVENIDA,TIBURON BALLENA,CALLE,PORFIRIO DIAZ,CALLE,PEDRO JOAQUIN CODWELL,CALLE,ESMEDREGAL,,SN,,,,,LOCALIDAD,HOLBOX,,,,77531,23,Quintana Roo,007,Lázaro Cárdenas,0012,Holbox,0233,008,,,,Fijo,21.52359368,-87.37952633,2024-11
9269130,23007721111000401000000000U8,MYSTIQUE BLUE SUITES,MARINA SUN,721111,Hoteles con otros servicios integrados,51 a 100 personas,CALLE,AVENIDA PEDRO JOAQUIN COLDWELL,CALLE,NINGUNO,CALLE,NINGUNO,OTRO(ESPECIFIQUE),NINGUNO,1,SOLAR,,,0,SN,LOCALIDAD,ISLA HOLBOX,,,,77310,23,Quintana Roo,007,Lázaro Cárdenas,0012,Holbox,0233,084,9982387606,FCBHO-CUN@MYSTIQUERESORTS.COM,WWW.MYSTIQUERESORTS.COM,Fijo,21.52069516,-87.38351457,2020-11
9649016,23007722515000361000000000U8,NEVERIA LA HOLBOXONA,DIOSER GARCIA,722515,"Cafeterías, fuentes de sodas, neverías, refresquerías y similares",0 a 5 personas,CALLE,CARITO,OTRO(ESPECIFIQUE),MAR,CALLE,PEDRO JOAQUIN CODWELL,AVENIDA,PALOMINO,,SN,,,,,LOCALIDAD,HOLBOX,,,,77310,23,Quintana Roo,007,Lázaro Cárdenas,0012,Holbox,0233,025,,,,Fijo,21.5247925,-87.37845097,2024-11
9032208,23007721112000262000000000U5,PARADISE PAMLS HOTEL,,721112,Hoteles sin otros servicios integrados,6 a 10 personas,CALLE,NINGUNO,CALLE,PASEO KUKA,CALLE,HERNAN CORTEZ,CERRADA,NINGUNO,,SN,,,,,LOCALIDAD,HOLBOX,,,,77310,23,Quintana Roo,007,Lázaro Cárdenas,0012,Holbox,0233,065,,,,Fijo,21.52607572,-87.37385446,2019-11
11408808,23007722511000793000000000U1,PAYA ÑAÑA RESTAURANTE,,722511,Restaurantes con servicio de preparación de alimentos a la carta o de comida corrida,11 a 30 personas,CALLE,DAMERO,CALLE,JUSTO SIERRA,CALLE,NINGUNO,CALLE,NINGUNO,,SN,,,,,LOCALIDAD,HOLBOX,,,,77310,23,Quintana Roo,007,Lázaro Cárdenas,0012,Holbox,0233,059,,PLAYADENANA@GMAIL.COM,,Fijo,21.52614744,-87.37707849,2024-11
9886523,23007722512000301000000000U1,PESCADERIA LA BENDICION DE DIOS,,722512,Restaurantes con servicio de preparación de pescados y mariscos,0 a 5 personas,CALLE,DAMERO,CALLE,PARGO,CALLE,TINTORERA,CALLE,DAMERO,,SN,,,,,OTRO,HOLBOX,,,,77310,23,Quintana Roo,007,Lázaro Cárdenas,0012,Holbox,0233,048,,,,Fijo,21.52075354,-87.38189174,2024-11
9616159,23007722511000611000000000U5,PINSHIS TACOS,,722511,Restaurantes con servicio de preparación de alimentos a la carta o de comida corrida,0 a 5 personas,AVENIDA,BENITO JUAREZ,CALLE,JERONIMO DE AGUILAR,CALLE,PASEO KUKA,AVENIDA,PALOMINO,,SN,,,,,LOCALIDAD,HOLBOX,,,,77310,23,Quintana Roo,007,Lázaro Cárdenas,0012,Holbox,0233,003,9841439804,COOP.COSTALIBRE@GMAIL.COM,,Fijo,21.52258795,-87.37829208,2024-11
11155947,23007722517000231000000000U9,PIZZA Y CORRE,,722517,"Restaurantes con servicio de preparación de pizzas, hamburguesas, hot dogs y pollos rostizados para llevar",0 a 5 personas,CALLE,DEMERO,AVENIDA,BENITO JUAREZ,AVENIDA,PALOMINO,AVENIDA,PALOMINO,,SN,,,,,LOCALIDAD,HOLBOX,,,,77310,23,Quintana Roo,007,Lázaro Cárdenas,0012,Holbox,0233,024,,,,Fijo,21.52386156,-87.37938719,2024-11
10136055,23007722517000261000000000U6,PIZZERIA EL PASO,PIZZERIA EL PASO,722517,"Restaurantes con servicio de preparación de pizzas, hamburguesas, hot dogs y pollos rostizados para llevar",0 a 5 personas,AVENIDA,PEDRO JOAQUIN COLDWELL,AVENIDA,BENITO JUAREZ,CALLE,MORELOS,AVENIDA,PEDRO JOAQUIN COLDWELL,,SN,,,,,OTRO,HOLBOX,,,,77310,23,Quintana Roo,007,Lázaro Cárdenas,0012,Holbox,0233,042,,,,Fijo,21.52389153,-87.38045721,2024-11
8132258,23007722517000093000000000U3,PIZZERIA ROOTS,,722517,"Restaurantes con servicio de preparación de pizzas, hamburguesas, hot dogs y pollos rostizados para llevar",11 a 30 personas,CALLE,PORFIRIO DIAZ,CALLE,CARITO,AVENIDA,PALOMINO,CALLE,JERONIMO DE AGUILAR,,SN,,,,,LOCALIDAD,HOLBOX,,,,77310,23,Quintana Roo,007,Lázaro Cárdenas,0012,Holbox,0233,011,9842415953,ROOTSPIZZAHOLBOX@GMAIL.COM,,Fijo,21.52407876,-87.37803713,2019-11
10504881,23007722517000221000000000U0,POLLERIA ASADERO ALEX,,722517,"Restaurantes con servicio de preparación de pizzas, hamburguesas, hot dogs y pollos rostizados para llevar",0 a 5 personas,AVENIDA,TIBURON BALLENA,CALLE,OCEANO ATLANTICO,CALLE,HERNAN CORTEZ,AVENIDA,BENITO JUAREZ,,SN,,,,,LOCALIDAD,HOLBOX,,,,77310,23,Quintana Roo,007,Lázaro Cárdenas,0012,Holbox,0233,032,,,,Fijo,21.52135715,-87.37698533,2024-11
10182949,23007722517000201000000000U2,POLLO LA PALAPA,,722517,"Restaurantes con servicio de preparación de pizzas, hamburguesas, hot dogs y pollos rostizados para llevar",0 a 5 personas,CALLE,PASEO KUKA,CALLE,CARITO,AVENIDA,PALOMINO,CALLE,HERNAN CORTES,,SN,,,,,LOCALIDAD,HOLBOX,,,,77310,23,Quintana Roo,007,Lázaro Cárdenas,0012,Holbox,0233,013,,,,Fijo,21.52278052,-87.3771462,2024-11
8132248,23007461130000111010000000U0,POLLOS ASADOS ALEX,ALEJANDRO UC,722517,"Restaurantes con servicio de preparación de pizzas, hamburguesas, hot dogs y pollos rostizados para llevar",0 a 5 personas,CALLE,PASEO KUKA,AVENIDA,BENITO JUAREZ,CALLE,MORELOS,CALLE,HERNAN CORTEZ,,SN,,,,,OTRO,HOLBOX,,,,77310,23,Quintana Roo,007,Lázaro Cárdenas,0012,Holbox,0233,015,,,,Fijo,21.52165699,-87.37816774,2019-11
8726451,23007722517000131000000000U1,POLLOS Y COSTILLAS LUCIA,,722517,"Restaurantes con servicio de preparación de pizzas, hamburguesas, hot dogs y pollos rostizados para llevar",0 a 5 personas,CALLE,DAMERO,CALLE,PARGO,CALLE,TINTORERA,CALLE,DAMERO,,SN,,,,,OTRO,HOLBOX,,,,77310,23,Quintana Roo,007,Lázaro Cárdenas,0012,Holbox,0233,048,,,,Fijo,21.5208315,-87.38183676,2019-11
8132482,23007721311000102001000000U1,POSADA AMAPOLA,,721311,Pensiones y casas de huéspedes,0 a 5 personas,AVENIDA,PALOMINO,CALLE,PORFIRIO DIAZ,CALLE,PEDRO JOAQUIN CODWELL,CALLE,CARITO,,SN,,,,,LOCALIDAD,HOLBOX,,,,77310,23,Quintana Roo,007,Lázaro Cárdenas,0012,Holbox,0233,010,,,,Fijo,21.52399145,-87.37859009,2019-11
10851190,23007721311000181000000000U5,POSADA ANHELING,,721311,Pensiones y casas de huéspedes,0 a 5 personas,CALLE,PORFIRIO DIAZ,CALLE,CANANE,CALLE,LISA,CALLE,PORFIRIO DIAZ,,SN,,,,,OTRO,HOLBOX,,,,77310,23,Quintana Roo,007,Lázaro Cárdenas,0012,Holbox,0233,020,,,,Fijo,21.52160566,-87.38034128,2024-11
8132480,23007721311000091000000000U6,POSADA CLARITA,,721311,Pensiones y casas de huéspedes,0 a 5 personas,AVENIDA,PALOMINO,CALLE,PORFIRIO DIAZ,CALLE,PEDRO JOAQUIN CODWELL,CALLE,CARITO,,SN,,,,,LOCALIDAD,HOLBOX,,,,77310,23,Quintana Roo,007,Lázaro Cárdenas,0012,Holbox,0233,010,,,,Fijo,21.52395408,-87.37854276,2019-11
9559253,23007721311000231000000000U8,POSADA DON PANCHON Y MARUXA,FRANCISCO NOVELO,721311,Pensiones y casas de huéspedes,0 a 5 personas,AVENIDA,PALOMINO,CALLE,PASEO KUKA,CALLE,HERNAN CORTEZ,AVENIDA,TIBURON BALLENA,,SN,,,,,LOCALIDAD,HOLBOX,,,,77310,23,Quintana Roo,007,Lázaro Cárdenas,0012,Holbox,0233,014,9881529050,,,Fijo,21.52270089,-87.3771879,2024-11
7878469,23007721190000021000000000U1,POSADA HOWDUMAR,,721190,"Cabañas, villas y similares",0 a 5 personas,CALLE,PASEO KUKA,CALLE,CARITO,CALLE,SIERRA,CALLE,JERONIMO DE AGUILAR,,SN,,,,,LOCALIDAD,HOLBOX,,,,77310,23,Quintana Roo,007,Lázaro Cárdenas,0012,Holbox,0233,029,9841310058,SAMUELANIBALORTIZROSALES30@GMAIL.COM,,Fijo,21.52381063,-87.37629106,2019-11
8132415,23007721311000081000000000U7,POSADA LA RAZA,,721311,Pensiones y casas de huéspedes,0 a 5 personas,AVENIDA,TIBURON BALLENA,CALLE,PORFIRIO DIAZ,CALLE,PEDRO JOAQUIN CODWELL,CALLE,ESMEDREGAL,,SN,,,,,LOCALIDAD,HOLBOX,,,,77531,23,Quintana Roo,007,Lázaro Cárdenas,0012,Holbox,0233,008,,,,Fijo,21.52351481,-87.37942138,2019-11
8132354,23007721311000071000000000U8,POSADA LAURY,,721311,Pensiones y casas de huéspedes,0 a 5 personas,CALLE,PASEO KUKA,AVENIDA,BENITO JUAREZ,AVENIDA,PALOMINO,CALLE,JERONIMO DE AGUILAR,,SN,,,,,LOCALIDAD,HOLBOX,,,,77310,23,Quintana Roo,007,Lázaro Cárdenas,0012,Holbox,0233,003,9981814409,,,Fijo,21.52266986,-87.37734953,2019-11
8805712,23007721311000041000000000U1,POSADA LOS ABUELOS,POSADA LOS ABUELOS,721311,Pensiones y casas de huéspedes,0 a 5 personas,CALLE,PASEO KUKA,CALLE,SIERRA,CALLE,CARITO,CALLE,CARITO,,SN,,,,,LOCALIDAD,HOLBOX,,,,77310,23,Quintana Roo,007,Lázaro Cárdenas,0012,Holbox,0233,030,,,,Fijo,21.52350068,-87.37648137,2019-11
10771358,23007721311000261000000000U5,POSADA LOS CORALES,AIDE CORAL,721311,Pensiones y casas de huéspedes,0 a 5 personas,CALLE,HERNAN CORTES,CALLE,CARITO,CALLE,SIERRA,CALLE,HERNAN CORTES,,SN,,,,,OTRO,HOLBOX,,,,77310,23,Quintana Roo,007,Lázaro Cárdenas,0012,Holbox,0233,123,,,,Fijo,21.5229567,-87.37575156,2024-11
8279948,23007721311000121000000000U1,POSADA ROCIO,,721311,Pensiones y casas de huéspedes,0 a 5 personas,CALLE,CANANE,CALLE,PASEO KUKA,CALLE,JERONIMO DE AGUILAR,CALLE,LISA,,SN,,,,,OTRO,HOLBOX,,,,77310,23,Quintana Roo,007,Lázaro Cárdenas,0012,Holbox,0233,018,,,,Fijo,21.52136992,-87.37925939,2019-11
9968218,23007721311000251000000000U6,POSADA YALEKIN,SPIRIT HOLBOX,721311,Pensiones y casas de huéspedes,0 a 5 personas,CALLE,CANANE,CALLE,MAR,CALLE,VICENTE GUERRERO,CALLE,ESMEDREGAL,,SN,,,,,OTRO,HOLBOX,,,,77310,23,Quintana Roo,007,Lázaro Cárdenas,0012,Holbox,0233,041,,,,Fijo,21.52337532,-87.38138616,2024-11
10365973,23007722412000191000000000U9,PUNTA COCO BEACH BAR,,722412,"Bares, cantinas y similares",0 a 5 personas,CALLE,NINGUNO,CALLE,NINGUNO,CALLE,NINGUNO,CERRADA,NINGUNO,,SN,,,,,LOCALIDAD,HOLBOX,,,,77310,23,Quintana Roo,007,Lázaro Cárdenas,0012,Holbox,0233,099,,VENTASPUNTACOCO@GMAIL.COM,,Fijo,21.51017524,-87.3948819,2024-11
9275329,23007721111000361001000000U8,RECIDENCIAL CIELITO HOMES,SERENITY ISLAND,721111,Hoteles con otros servicios integrados,11 a 30 personas,CALLE,PASEO KUKA,CALLE,NINGUNO,CALLE,NINGUNO,OTRO(ESPECIFIQUE),NINGUNO,,SN,,,,SN,LOCALIDAD,HOLBOX,,,,77310,23,Quintana Roo,007,Lázaro Cárdenas,0012,Holbox,0233,065,9848078261,PRESIAINA@HOTMAIL.COM,WWW.CIELITOHOLBOX.COM,Fijo,21.52748768,-87.37232366,2020-11
9726657,23007721311000221000000000U9,REHILETE POSADA,GEISER ANCONA,721311,Pensiones y casas de huéspedes,0 a 5 personas,CALLE,JERONIMO DE AGUILAR,AVENIDA,BENITO JUAREZ,CALLE,MORELOS,CALLE,PORFIRIO DIAZ,,SN,,,,,LOCALIDAD,HOLBOX,,,,77310,23,Quintana Roo,007,Lázaro Cárdenas,0012,Holbox,0233,001,,,,Fijo,21.52240232,-87.37864717,2024-11
9015621,23007722511000182001000000U7,REST. APARADOR 33,,722511,Restaurantes con servicio de preparación de alimentos a la carta o de comida corrida,0 a 5 personas,AVENIDA,TIBURON BALLENA,CALLE,JERONIMO DE AGUILAR,CALLE,PORFIRIO DIAZ,CALLE,JERONIMO DE AGUILAR,,SN,,1,,,LOCALIDAD,HOLBOX,CENTRO Y PLAZA COMERCIAL,PLAZA ELPUEBLITO,SN,77310,23,Quintana Roo,007,Lázaro Cárdenas,0012,Holbox,0233,002,,,,Fijo,21.52302558,-87.3787714,2019-11
8894414,23007722412000082000000000U0,RESTAURANT BAR HOT CORNER,,722412,"Bares, cantinas y similares",6 a 10 personas,AVENIDA,PEDRO JOAQUIN COLDWELL,AVENIDA,BENITO JUAREZ,CALLE,MORELOS,AVENIDA,PEDRO JOAQUIN COLDWELL,,SN,,,,,OTRO,HOLBOX,,,,77310,23,Quintana Roo,007,Lázaro Cárdenas,0012,Holbox,0233,042,9848752293,,,Fijo,21.52412651,-87.38022881,2019-11
7833532,23007722511000151001000000U2,RESTAURANT BARBA NEGRA,,722511,Restaurantes con servicio de preparación de alimentos a la carta o de comida corrida,11 a 30 personas,CALLE,DAMERO,CALLE,CARITO,CALLE,JUSTO SIERRA,CALLE,CARITO,,SN,,,,,LOCALIDAD,HOLBOX,,,,77310,23,Quintana Roo,007,Lázaro Cárdenas,0012,Holbox,0233,027,,,,Fijo,21.52489464,-87.37826971,2019-11
7833469,23007722511000121001000000U5,RESTAURANT BUENAVISTA,,722511,Restaurantes con servicio de preparación de alimentos a la carta o de comida corrida,6 a 10 personas,AVENIDA,TIBURON BALLENA,CALLE,VICENTE GUERRERO,OTRO(ESPECIFIQUE),MAR,AVENIDA,TIBURON BALLENA,,SN,,,,,OTRO,HOLBOX,,,,77310,23,Quintana Roo,007,Lázaro Cárdenas,0012,Holbox,0233,042,9841402715,,,Fijo,21.52440158,-87.38032028,2019-11
7878475,23007722511000303001000000U9,RESTAURANT TRADICIONAL LAS PANCHAS,,722511,Restaurantes con servicio de preparación de alimentos a la carta o de comida corrida,6 a 10 personas,CALLE,ESMEDREGAL,OTRO(ESPECIFIQUE),MAR,CALLE,VICENTE GUERRERO,CALLE,ESMEDREGAL,,SN,,,,,OTRO,HOLBOX,,,,77310,23,Quintana Roo,007,Lázaro Cárdenas,0012,Holbox,0233,041,9848752413,,,Fijo,21.52393822,-87.38091762,2019-11
10511367,23007722511000701000000000U4,RESTAURANTE AFRICA,ABDESSAMAD EL BOUSTANI,722511,Restaurantes con servicio de preparación de alimentos a la carta o de comida corrida,0 a 5 personas,CALLE,GERONIMO DE AGUILAR,CALLE,MORELOS,CALLE,CANANE,CALLE,ESMEDREGAL,,SN,,,,,OTRO,HOLBOX,,,,77310,23,Quintana Roo,007,Lázaro Cárdenas,0012,Holbox,0233,006,,,,Fijo,21.52166664,-87.37932558,2024-11
10314936,23007722511000511000000000U7,RESTAURANTE ALTA GULA,,722511,Restaurantes con servicio de preparación de alimentos a la carta o de comida corrida,0 a 5 personas,CALLE,CARITO,CALLE,JERONIMO DE AGUILAR,CALLE,PORFIRIO DIAZ,AVENIDA,PALOMINO,,SN,,,,,LOCALIDAD,HOLBOX,,,,77310,23,Quintana Roo,007,Lázaro Cárdenas,0012,Holbox,0233,011,9983517108,,,Fijo,21.52423201,-87.377882,2024-11
11220229,23007722511000721000000000U2,RESTAURANTE BAH BAH,KANDRAZ,722511,Restaurantes con servicio de preparación de alimentos a la carta o de comida corrida,0 a 5 personas,AVENIDA,TIBURON BALLENA,CALLE,JERONIMO DE AGUILAR,CALLE,PORFIRIO DIAZ,AVENIDA,PALOMINO,,SN,,,,,LOCALIDAD,HOLBOX,,,,77310,23,Quintana Roo,007,Lázaro Cárdenas,0012,Holbox,0233,002,,,,Fijo,21.52268793,-87.3783997,2024-11
9293837,23007722511000441000000000U7,RESTAURANTE BAR LAS HAMACAS,RESTAURANTE BAR LAS HAMACAS,722511,Restaurantes con servicio de preparación de alimentos a la carta o de comida corrida,0 a 5 personas,OTRO(ESPECIFIQUE),NINGUNO,CALLE,NINGUNO,CERRADA,NINGUNO,CALLE,PASEO KUKA,,SN,,,,,LOCALIDAD,HOLBOX,,,,77310,23,Quintana Roo,007,Lázaro Cárdenas,0012,Holbox,0233,080,,,,Fijo,21.5313777,-87.36856989,2026-04
10234177,23007722511000681000000000U8,RESTAURANTE BAR LAZARO,ORGANIZACION SUSTENTABLE ECODER,722511,Restaurantes con servicio de preparación de alimentos a la carta o de comida corrida,0 a 5 personas,CALLE,DAMERO,AVENIDA,BENITO JUAREZ,CALLE,MORELOS,CALLE,PORFIRIO DIAZ,,SN,,,,,LOCALIDAD,HOLBOX,,,,77531,23,Quintana Roo,007,Lázaro Cárdenas,0012,Holbox,0233,008,,,,Fijo,21.52357412,-87.37954317,2024-11
8279893,23007722412000122001000000U4,RESTAURANTE BAR SALMA,HANNA,722412,"Bares, cantinas y similares",11 a 30 personas,OTRO(ESPECIFIQUE),MAR,AVENIDA,PALOMINO,CALLE,CARITO,OTRO(ESPECIFIQUE),MAR,,SN,,,,,LOCALIDAD,HOLBOX,,,,77310,23,Quintana Roo,007,Lázaro Cárdenas,0012,Holbox,0233,025,,,,Fijo,21.52531944,-87.37953275,2019-11
9568858,23007722511000672000000000U7,RESTAURANTE BAR TARA TARA,,722511,Restaurantes con servicio de preparación de alimentos a la carta o de comida corrida,6 a 10 personas,CALLE,PASEO KUKA,CALLE,VULKAY,CALLE,SAN PEDRO,CALLE,HERNAN CORTEZ,,SN,,,,,LOCALIDAD,HOLBOX,,,,77310,23,Quintana Roo,007,Lázaro Cárdenas,0012,Holbox,0233,052,,,,Fijo,21.5243898,-87.37565477,2024-11
10769603,23007722511000581000000000U0,RESTAURANTE BILU,,722511,Restaurantes con servicio de preparación de alimentos a la carta o de comida corrida,0 a 5 personas,CALLE,PASEO KUKA,CALLE,VULKAY,CALLE,SAN PEDRO,CALLE,JERONIMO DE AGUILAR,,SN,,,,,LOCALIDAD,HOLBOX,,,,77310,23,Quintana Roo,007,Lázaro Cárdenas,0012,Holbox,0233,051,,DILUHOLBOX@GMAIL.COM,,Fijo,21.52491053,-87.37526822,2024-11
11477231,23007722512000251000000000U8,RESTAURANTE BUG FISH,,722512,Restaurantes con servicio de preparación de pescados y mariscos,0 a 5 personas,CALLE,ESMEDREGAL,CALLE,PEDRO JOAQUIN CODWELL,CALLE,PORFIRIO DIAZ,CALLE,ESMEDREGAL,,SN,,,,,OTRO,HOLBOX,,,,77310,23,Quintana Roo,007,Lázaro Cárdenas,0012,Holbox,0233,007,,,,Fijo,21.52277803,-87.37970424,2024-11
11834173,23007721112000833000000000U3,RESTAURANTE BY XALOC,TENDENCIA HOLBOX,721112,Hoteles sin otros servicios integrados,11 a 30 personas,CALLE,CHAN CHI,CALLE,PASEO KUKA,OTRO(ESPECIFIQUE),MAR,CALLE,NINGUNO,,SN,,,,,LOCALIDAD,HOLBOX,,,,77310,23,Quintana Roo,007,Lázaro Cárdenas,0012,Holbox,0233,072,,,,Fijo,21.52649862,-87.37429918,2025-04
8132299,23007722515000082000000000U0,RESTAURANTE CASA ALEBRIJE,,722511,Restaurantes con servicio de preparación de alimentos a la carta o de comida corrida,6 a 10 personas,AVENIDA,TIBURON BALLENA,CALLE,JERONIMO DE AGUILAR,CALLE,PORFIRIO DIAZ,CALLE,ESMEDREGAL,,SN,,,,,LOCALIDAD,HOLBOX,,,,77310,23,Quintana Roo,007,Lázaro Cárdenas,0012,Holbox,0233,001,,ILIANA@GMAIL.COM,,Fijo,21.52303301,-87.37889099,2019-11
7833471,23007722511000131000000000U4,RESTAURANTE CASA DE ASADORES MARTIN Y SANTOS,ARROYEÑOS Y ASOCIADOS,722511,Restaurantes con servicio de preparación de alimentos a la carta o de comida corrida,0 a 5 personas,AVENIDA,PEDRO JOAQUIN COLDWELL,AVENIDA,BENITO JUAREZ,CALLE,MORELOS,AVENIDA,PEDRO JOAQUIN COLDWELL,,SN,,,,,OTRO,HOLBOX,,,,77310,23,Quintana Roo,007,Lázaro Cárdenas,0012,Holbox,0233,042,9841009808,,,Fijo,21.52396805,-87.38038283,2019-11
10373696,23007722511000522000000000U4,RESTAURANTE CASA ROMA,STEEANO FRULLO,722511,Restaurantes con servicio de preparación de alimentos a la carta o de comida corrida,6 a 10 personas,AVENIDA,PALOMINO,CALLE,PORFIRIO DIAZ,CALLE,PEDRO JOAQUIN CODWELL,CALLE,CARITO,,SN,,,,,LOCALIDAD,HOLBOX,,,,77310,23,Quintana Roo,007,Lázaro Cárdenas,0012,Holbox,0233,010,,,,Fijo,21.52390705,-87.37848318,2024-11
8805713,23007722512000061001000000U1,RESTAURANTE CRUSTACEO CASCARUDO,,722512,Restaurantes con servicio de preparación de pescados y mariscos,6 a 10 personas,CALLE,GERONIMO DE AGUILAR,CALLE,PARGO,CALLE,TINTORERA,CALLE,GERONIMO DE AGUILAR,,SN,,,,,OTRO,HOLBOX,,,,77310,23,Quintana Roo,007,Lázaro Cárdenas,0012,Holbox,0233,036,,,,Fijo,21.52028692,-87.38047619,2019-11
9757367,23007722512000241000000000U9,RESTAURANTE EL FARO,,722512,Restaurantes con servicio de preparación de pescados y mariscos,0 a 5 personas,CALLE,CANANE,CALLE,VICENTE GUERRERO,CALLE,PEDRO JOAQUIN CODWELL,CALLE,CANANE,,SN,,,,,OTRO,HOLBOX,,,,77310,23,Quintana Roo,007,Lázaro Cárdenas,0012,Holbox,0233,022,,,,Fijo,21.52291245,-87.38086307,2024-11
8132296,23007722511000061000000000U3,RESTAURANTE EL SAZON DE TONY,,722511,Restaurantes con servicio de preparación de alimentos a la carta o de comida corrida,0 a 5 personas,CALLE,PORFIRIO DIAZ,AVENIDA,BENITO JUAREZ,CALLE,MORELOS,CALLE,JERONIMO DE AGUILAR,,SN,,,,,LOCALIDAD,HOLBOX,,,,77310,23,Quintana Roo,007,Lázaro Cárdenas,0012,Holbox,0233,001,,,,Fijo,21.52284231,-87.37913649,2019-11
11256881,23007722512000291000000000U4,RESTAURANTE ESCAPE HOLBOX BY PALAPA DE VICTOR,VICTOR AVILA,722512,Restaurantes con servicio de preparación de pescados y mariscos,0 a 5 personas,OTRO(ESPECIFIQUE),MAR,CALLE,CANANE,CALLE,VISTA AL MAR,OTRO(ESPECIFIQUE),MAR,,SN,,,,,OTRO,HOLBOX,,,,77310,23,Quintana Roo,007,Lázaro Cárdenas,0012,Holbox,0233,040,,,,Fijo,21.52349707,-87.38214819,2024-11
11571702,23007722511000591000000000U9,RESTAURANTE IGUANA,CHOWI,722511,Restaurantes con servicio de preparación de alimentos a la carta o de comida corrida,0 a 5 personas,CALLE,CHAN CHI,CALLE,NINGUNO,CALLE,PEDRO JOAQUIN CODWELL,CALLE,JUSTO SIERRA,,SN,,,,,LOCALIDAD,HOLBOX,,,,77310,23,Quintana Roo,007,Lázaro Cárdenas,0012,Holbox,0233,044,,,,Fijo,21.52707081,-87.37493853,2024-11
9514516,23007722512000262000000000U5,RESTAURANTE LA BARRACUDA,JOSE MENDOZA,722512,Restaurantes con servicio de preparación de pescados y mariscos,6 a 10 personas,CALLE,ESMEDREGAL,CALLE,VICENTE GUERRERO,CALLE,PEDRO JOAQUIN CODWELL,CALLE,ESMEDREGAL,,SN,,,,,OTRO,HOLBOX,,,,77310,23,Quintana Roo,007,Lázaro Cárdenas,0012,Holbox,0233,022,,,,Fijo,21.52328462,-87.38023406,2024-11
10787662,23007722511000562000000000U0,RESTAURANTE LA CABANE,TUDAL RABAULT,722511,Restaurantes con servicio de preparación de alimentos a la carta o de comida corrida,6 a 10 personas,CALLE,CHARAL,CALLE,VICENTE GUERRERO,CALLE,NINGUNO,CALLE,CHARAL,,SN,,,,,OTRO,HOLBOX,,,,77310,23,Quintana Roo,007,Lázaro Cárdenas,0012,Holbox,0233,115,,,,Semifijo,21.51742161,-87.38827492,2024-11
10856969,23007722513000351000000000U4,RESTAURANTE LA CHOZITA DEL PURUX,ABRAHAM ROJAS,722513,Restaurantes con servicio de preparación de antojitos,0 a 5 personas,CALLE,PORFIRIO DIAZ,CALLE,CARITO,AVENIDA,PALOMINO,CALLE,JERONIMO DE AGUILAR,,SN,,,,,LOCALIDAD,HOLBOX,,,,77310,23,Quintana Roo,007,Lázaro Cárdenas,0012,Holbox,0233,011,9841778783,,,Fijo,21.52380192,-87.37829145,2024-11
8279892,23007722511000232001000000U0,RESTAURANTE LA COMBI ETVOILA,,722511,Restaurantes con servicio de preparación de alimentos a la carta o de comida corrida,11 a 30 personas,AVENIDA,TIBURON BALLENA,CALLE,PEDRO JOAQUIN CODWELL,CALLE,VICENTE GUERRERO,AVENIDA,PALOMINO,,SN,,,,,LOCALIDAD,HOLBOX,,,,77310,23,Quintana Roo,007,Lázaro Cárdenas,0012,Holbox,0233,024,,COMBIHOLBOX@HOTMAIL.COM,,Fijo,21.52379612,-87.37960546,2019-11
8857484,23007722512000051000000000U2,RESTAURANTE LA CUEVA DEL BUZO,,722512,Restaurantes con servicio de preparación de pescados y mariscos,0 a 5 personas,AVENIDA,TIBURON BALLENA,CALLE,PORFIRIO DIAZ,CALLE,PEDRO JOAQUIN CODWELL,CALLE,PORFIRIO DIAZ,,SN,,,,,LOCALIDAD,HOLBOX,,,,77531,23,Quintana Roo,007,Lázaro Cárdenas,0012,Holbox,0233,008,,,,Fijo,21.52320876,-87.37908445,2019-11
10208153,23007722515000272000000000U7,RESTAURANTE LA OLITA DE MAR,NELSON SABATINA,722515,"Cafeterías, fuentes de sodas, neverías, refresquerías y similares",6 a 10 personas,AVENIDA,PEDRO JOAQUIN COLDWELL,AVENIDA,BENITO JUAREZ,CALLE,MORELOS,AVENIDA,PEDRO JOAQUIN COLDWELL,,SN,,,,,OTRO,HOLBOX,,,,77310,23,Quintana Roo,007,Lázaro Cárdenas,0012,Holbox,0233,042,,,,Fijo,21.52406876,-87.38028494,2024-11
9580968,23007722511000762000000000U6,RESTAURANTE LA PINSA,CHOCOLATE Y NARANJA,722511,Restaurantes con servicio de preparación de alimentos a la carta o de comida corrida,6 a 10 personas,AVENIDA,PEDRO JOAQUIN COLDWELL,AVENIDA,BENITO JUAREZ,CALLE,MORELOS,AVENIDA,PEDRO JOAQUIN COLDWELL,,SN,,,,,PUEBLO,HOLBOX,,,,77310,23,Quintana Roo,007,Lázaro Cárdenas,0012,Holbox,0233,042,,,,Fijo,21.52403519,-87.38031757,2024-11
8279894,23007722511000242000000000U9,RESTAURANTE LA TAPATIA,,722511,Restaurantes con servicio de preparación de alimentos a la carta o de comida corrida,6 a 10 personas,CALLE,CARITO,OTRO(ESPECIFIQUE),MAR,CALLE,PEDRO JOAQUIN CODWELL,AVENIDA,PALOMINO,,SN,,,,,LOCALIDAD,HOLBOX,,,,77310,23,Quintana Roo,007,Lázaro Cárdenas,0012,Holbox,0233,025,,,,Fijo,21.52510635,-87.37878822,2019-11
9904164,23007722412000221000000000U4,RESTAURANTE LOS TACOS DE HUMO CANTINA HOLBOX,,722412,"Bares, cantinas y similares",0 a 5 personas,CALLE,GERONIMO DE AGUILAR,CALLE,MORELOS,CALLE,CANANE,CALLE,GERONIMO DE AGUILAR,,SN,,,,,OTRO,HOLBOX,,,,77310,23,Quintana Roo,007,Lázaro Cárdenas,0012,Holbox,0233,006,,,,Fijo,21.52176068,-87.37924022,2024-11
10040948,23007722511000732000000000U9,RESTAURANTE MAIZTRO,,722511,Restaurantes con servicio de preparación de alimentos a la carta o de comida corrida,6 a 10 personas,CALLE,DAMERO,CALLE,CANANE,CALLE,MORELOS,CALLE,DAMERO,,SN,,,,,OTRO,HOLBOX,,,,77310,23,Quintana Roo,007,Lázaro Cárdenas,0012,Holbox,0233,022,,,,Fijo,21.52282437,-87.38028809,2024-11
10926652,23007722511000834000000000U3,RESTAURANTE MANDARINA,HOLBOX AB,722511,Restaurantes con servicio de preparación de alimentos a la carta o de comida corrida,31 a 50 personas,CALLE,DAMERO,CALLE,JUSTO SIERRA,CALLE,CARITO,OTRO(ESPECIFIQUE),MAR,,SN,,,,,LOCALIDAD,HOLBOX,,,,77310,23,Quintana Roo,007,Lázaro Cárdenas,0012,Holbox,0233,026,,,,Fijo,21.52529877,-87.37793962,2024-11
9389734,23007721111000541001061439S4,RESTAURANTE MANGLE,OPERADORA DE HOTELES Y RESTAURANTES VILAVID,721111,Hoteles con otros servicios integrados,31 a 50 personas,CALLE,PASEO KUKA,CALLE,NINGUNO,CALLE,NINGUNO,OTRO(ESPECIFIQUE),NINGUNO,,SN,,,,SN,LOCALIDAD,HOLBOX,,,,77310,23,Quintana Roo,007,Lázaro Cárdenas,0012,Holbox,0233,081,9987367801,ADMINISTRACION@VILLASFLAMINGOS.COM,HTTP://WWW.VILLASFLAMINGOS.COM.MX,Fijo,21.53237908,-87.36619884,2022-11
7878524,23007722512000143001000000U7,RESTAURANTE MANTARRAYA,PABLO SANTANA,722512,Restaurantes con servicio de preparación de pescados y mariscos,6 a 10 personas,OTRO(ESPECIFIQUE),NINGUNO,CALLE,NINGUNO,CERRADA,NINGUNO,CALLE,PASEO KUKA,,SN,,,,,LOCALIDAD,HOLBOX,,,,77310,23,Quintana Roo,007,Lázaro Cárdenas,0012,Holbox,0233,080,9842095976,,,Fijo,21.52990036,-87.37079195,2019-11
11352342,23007722511000891000000000U3,RESTAURANTE MARE MARE,GEOVAN CUPUL,722511,Restaurantes con servicio de preparación de alimentos a la carta o de comida corrida,0 a 5 personas,CALLE,OCEANO ATLANTICO,CALLE,TINTORERA,CALLE,LISA,CALLE,PASEO KUKA,,SN,,,,,OTRO,HOLBOX,,,,77310,23,Quintana Roo,007,Lázaro Cárdenas,0012,Holbox,0233,057,,,,Fijo,21.5192366,-87.3784571,2024-11
11784612,23007722511000902000000000U8,RESTAURANTE MILPA,RESTAURANTE MILPA,722511,Restaurantes con servicio de preparación de alimentos a la carta o de comida corrida,6 a 10 personas,CALLE,PASEO KUKA,CALLE,SIERRA,CALLE,CARITO,CALLE,HERNAN CORTES,,SN,,,,,LOCALIDAD,HOLBOX,,,,77310,23,Quintana Roo,007,Lázaro Cárdenas,0012,Holbox,0233,030,,,,Fijo,21.52323298,-87.37673483,2025-04
11596095,23007722515000301000000000U4,RESTAURANTE MR HAPPY,ECODERT,722515,"Cafeterías, fuentes de sodas, neverías, refresquerías y similares",0 a 5 personas,CALLE,PEDRO JOAQUIN CODWELL,CALLE,LISA,CALLE,TINTORERA,CALLE,PEDRO JOAQUIN CODWELL,,SN,,,,,OTRO,HOLBOX,,,,77310,23,Quintana Roo,007,Lázaro Cárdenas,0012,Holbox,0233,800,9841770842,,,Fijo,21.52167175,-87.38128476,2024-11
8132256,23007722516000021000000000U6,RESTAURANTE OLIVERS,,722511,Restaurantes con servicio de preparación de alimentos a la carta o de comida corrida,0 a 5 personas,AVENIDA,PALOMINO,CALLE,PORFIRIO DIAZ,CALLE,PEDRO JOAQUIN CODWELL,CALLE,CARITO,,SN,,,,,LOCALIDAD,HOLBOX,,,,77310,23,Quintana Roo,007,Lázaro Cárdenas,0012,Holbox,0233,010,,,,Fijo,21.52408398,-87.37870731,2019-11
9545507,23007722511000632000000000U1,RESTAURANTE ONIGIRI,,722511,Restaurantes con servicio de preparación de alimentos a la carta o de comida corrida,6 a 10 personas,CALLE,CARITO,CALLE,JERONIMO DE AGUILAR,CALLE,PORFIRIO DIAZ,AVENIDA,PALOMINO,,SN,,,,,LOCALIDAD,HOLBOX,,,,77310,23,Quintana Roo,007,Lázaro Cárdenas,0012,Holbox,0233,011,9981579960,,WWW.ONIGIRIROSAPOKEOFICIAL.COM,Fijo,21.52414785,-87.37779787,2024-11
9389733,23007721111000531001061439S5,RESTAURANTE PEDALES,OPERADORA DE HOTELES Y RESTAURANTES VILAVID,721111,Hoteles con otros servicios integrados,31 a 50 personas,CALLE,PASEO KUKA,CALLE,NINGUNO,CALLE,NINGUNO,OTRO(ESPECIFIQUE),NINGUNO,,SN,,,,SN,LOCALIDAD,HOLBOX,,,,77310,23,Quintana Roo,007,Lázaro Cárdenas,0012,Holbox,0233,081,9987367801,ADMINISTRACION@VILLASFLAMINGOS.COM,HTTP://WWW.VILLASFLAMINGOS.COM.MX,Fijo,21.53237367,-87.36620603,2022-11
11329347,23007722511000773000000000U3,RESTAURANTE PIEDRA SANTA,G KANDRAZ,722511,Restaurantes con servicio de preparación de alimentos a la carta o de comida corrida,11 a 30 personas,CALLE,JUREL,CALLE,NINGUNO,CALLE,PASEO KUKA,CALLE,DAMERO,,SN,,,,,LOCALIDAD,HOLBOX,,,,77310,23,Quintana Roo,007,Lázaro Cárdenas,0012,Holbox,0233,044,,,,Fijo,21.526119,-87.37523324,2024-11
9702753,23007722511000843000000000U4,RESTAURANTE PUERTA AZUL,OPERADORA LA PUERTA AZUL HOLBOX,722511,Restaurantes con servicio de preparación de alimentos a la carta o de comida corrida,11 a 30 personas,CERRADA,NINGUNO,OTRO(ESPECIFIQUE),V,CALLE,NINGUNO,CALLE,C CARACOL,,SN,,,,,OTRO,HOLBOX,,,,77310,23,Quintana Roo,007,Lázaro Cárdenas,0012,Holbox,0233,108,,,,Semifijo,21.51658716,-87.39027061,2024-11
9765832,23007722511000741000000000U0,RESTAURANTE QUARTIERI,,722511,Restaurantes con servicio de preparación de alimentos a la carta o de comida corrida,0 a 5 personas,CALLE,CANANE,CALLE,PEDRO JOAQUIN CODWELL,CALLE,PORFIRIO DIAZ,CALLE,LISA,,SN,,,,,OTRO,HOLBOX,,,,77310,23,Quintana Roo,007,Lázaro Cárdenas,0012,Holbox,0233,020,,,,Fijo,21.52240043,-87.38041754,2024-11
10496941,23007722511000573000000000U7,RESTAURANTE SANTOS FUEGOS,SOMOS CERVEZA,722511,Restaurantes con servicio de preparación de alimentos a la carta o de comida corrida,11 a 30 personas,AVENIDA,PEDRO JOAQUIN COLDWELL,CALLE,NINGUNO,CERRADA,NINGUNO,AVENIDA,PEDRO JOAQUIN COLDWELL,,SN,,,,,OTRO,HOLBOX,,,,77310,23,Quintana Roo,007,Lázaro Cárdenas,0012,Holbox,0233,120,,,,Fijo,21.52001211,-87.38413066,2024-11
10495827,23007722511000813000000000U7,RESTAURANTE SER ESENCIA,HOLBOX PARAISO,722511,Restaurantes con servicio de preparación de alimentos a la carta o de comida corrida,11 a 30 personas,CALLE,DAMERO,CALLE,NINGUNO,CALLE,JUSTO SIERRA,CALLE,PASEO KUKA,,SN,,,,,LOCALIDAD,HOLBOX,,,,77310,23,Quintana Roo,007,Lázaro Cárdenas,0012,Holbox,0233,044,,,,Fijo,21.52660166,-87.37634113,2024-11
10200137,23007722511000471000000000U4,RESTAURANTE SIN NOMBRE,AXEL MARQUEZ,722511,Restaurantes con servicio de preparación de alimentos a la carta o de comida corrida,0 a 5 personas,CALLE,ESMEDREGAL,CALLE,JERONIMO DE AGUILAR,CALLE,PORFIRIO DIAZ,AVENIDA,TIBURON BALLENA,,SN,,,,,LOCALIDAD,HOLBOX,,,,77310,23,Quintana Roo,007,Lázaro Cárdenas,0012,Holbox,0233,001,,,,Fijo,21.52253811,-87.37934478,2024-11
11334065,23007722511000712000000000U1,RESTAURANTE TAMASHI SUSHI,DESARROLLOS MALLORQUINES EN HOLBOX,722511,Restaurantes con servicio de preparación de alimentos a la carta o de comida corrida,6 a 10 personas,CALLE,DAMARO,CALLE,NINGUNO,CALLE,NINGUNO,CALLE,PASEO KUKA,,SN,,,,,LOCALIDAD,HOLBOX,,,,77310,23,Quintana Roo,007,Lázaro Cárdenas,0012,Holbox,0233,076,,,,Fijo,21.52798156,-87.37425091,2024-11
11296138,23007722511000501000000000U8,RESTAURANTE TEMOC TACOS Y MEZCAL,,722511,Restaurantes con servicio de preparación de alimentos a la carta o de comida corrida,0 a 5 personas,CALLE,DAMERO,AVENIDA,PALOMINO,CALLE,CARITO,CALLE,PORFIRIO DIAZ,,SN,,,,,LOCALIDAD,HOLBOX,,,,77310,23,Quintana Roo,007,Lázaro Cárdenas,0012,Holbox,0233,010,,,,Fijo,21.52428956,-87.37891053,2024-11
11403081,23007722512000271000000000U6,RESTAURANTE TUCH,,722512,Restaurantes con servicio de preparación de pescados y mariscos,0 a 5 personas,AVENIDA,PALOMINO,OTRO(ESPECIFIQUE),MAR,CALLE,VICENTE GUERRERO,AVENIDA,TIBURON BALLENA,,SN,,,,,LOCALIDAD,HOLBOX,,,,77310,23,Quintana Roo,007,Lázaro Cárdenas,0012,Holbox,0233,043,,,,Fijo,21.52495439,-87.37980186,2024-11
7878474,23007722511000293000000000U2,RESTAURANTE VIVA ZAPATA,VIVA ZAPATA HOLBOX,722511,Restaurantes con servicio de preparación de alimentos a la carta o de comida corrida,11 a 30 personas,CALLE,DAMERO,CALLE,MORELOS,AVENIDA,BENITO JUAREZ,CALLE,ESMEDREGAL,,SN,,,,,LOCALIDAD,HOLBOX,,,,77310,23,Quintana Roo,007,Lázaro Cárdenas,0012,Holbox,0233,023,,FACTURARAC@GMAIL.COM,WWW.VIVAZAPATAHOLBOX.COM,Fijo,21.52351449,-87.37969411,2019-11
8132479,23007722511000112000000000U4,RESTAURANTE Y PIZZERIA EDELIN,,722511,Restaurantes con servicio de preparación de alimentos a la carta o de comida corrida,6 a 10 personas,AVENIDA,PALOMINO,CALLE,PORFIRIO DIAZ,CALLE,PEDRO JOAQUIN CODWELL,CALLE,CARITO,,SN,,,,,LOCALIDAD,HOLBOX,,,,77310,23,Quintana Roo,007,Lázaro Cárdenas,0012,Holbox,0233,010,,,,Fijo,21.52382266,-87.37837627,2019-11
9616278,23007722511000852000000000U5,RUTA 66,,722511,Restaurantes con servicio de preparación de alimentos a la carta o de comida corrida,6 a 10 personas,CALLE,PASEO KUKA,AVENIDA,PALOMINO,AVENIDA,BENITO JUAREZ,CALLE,HERNAN CORTES,1,,,,,,LOCALIDAD,HOLBOX,,,,77310,23,Quintana Roo,007,Lázaro Cárdenas,0012,Holbox,0233,014,,,,Fijo,21.52238755,-87.3775036,2024-11
9576416,23007722512000211000000000U2,SEVICHE LA CHINGADA,,722512,Restaurantes con servicio de preparación de pescados y mariscos,0 a 5 personas,CALLE,CARITO,CALLE,PORFIRIO DIAZ,CALLE,JERONIMO DE AGUILAR,CALLE,JUSTO SIERRA,,SN,,,,,LOCALIDAD,HOLBOX,,,,77310,23,Quintana Roo,007,Lázaro Cárdenas,0012,Holbox,0233,028,9984313491,,,Fijo,21.52386101,-87.37740307,2024-11
7878518,23007721112000281000000000U5,SIRENAS CARIBEAN ROOM,,721112,Hoteles sin otros servicios integrados,0 a 5 personas,AVENIDA,PEDRO JOAQUIN COLDWELL,CALLE,PARGO,CALLE,NINGUNO,AVENIDA,PEDRO JOAQUIN COLDWELL,,SN,,,,,OTRO,HOLBOX,,,,77310,23,Quintana Roo,007,Lázaro Cárdenas,0012,Holbox,0233,083,9983497243,,,Fijo,21.52053404,-87.38359381,2019-11
10148176,23007722511000751000000000U9,SLOW FOOD RESTAURANTE RAICES,,722511,Restaurantes con servicio de preparación de alimentos a la carta o de comida corrida,0 a 5 personas,CALLE,JUSTO SIERRA,CALLE,PORFIRIO DIAZ,CALLE,JERONIMO DE AGUILAR,CALLE,CARITO,,SN,,,,,LOCALIDAD,HOLBOX,,,,77310,23,Quintana Roo,007,Lázaro Cárdenas,0012,Holbox,0233,028,9992461479,,,Fijo,21.52473173,-87.37716259,2024-11
6796800,23007721111000033101000000U2,SPIRIT HOLBOX,SPIRIT HOLBOX,721111,Hoteles con otros servicios integrados,11 a 30 personas,OTRO(ESPECIFIQUE),MAR,AVENIDA,BENITO JUÁREZ,AVENIDA,PALOMINO,CALLE,VICENTE GUERRERO,,SN,,,,SN,LOCALIDAD,ISLA HOLBOX,,,,77310,23,Quintana Roo,007,Lázaro Cárdenas,0012,Holbox,0233,800,9841453002,ARELLY.CEBALLOS1@GMAIL.COM,WWW.SPIRITHOLBOX.COM,Fijo,21.52440346,-87.37995151,2017-11
10535892,23007722511000531000000000U5,SPORT BAR VEINTIDOS,,722511,Restaurantes con servicio de preparación de alimentos a la carta o de comida corrida,0 a 5 personas,CALLE,ESMEDREGAL,CALLE,JERONIMO DE AGUILAR,CALLE,PASEO KUKA,AVENIDA,BENITO JUAREZ,,SN,,,,,LOCALIDAD,HOLBOX,,,,77310,23,Quintana Roo,007,Lázaro Cárdenas,0012,Holbox,0233,004,,,,Fijo,21.52163537,-87.37840067,2024-11
10650290,23007722516000041000000000U4,SUBWAY,SW OPERADORA DE ALIMENTOS CHIQUILA,722516,Restaurantes de autoservicio,0 a 5 personas,CALLE,DEMERO,AVENIDA,BENITO JUAREZ,AVENIDA,PALOMINO,CALLE,DEMERO,,SN,,,,,LOCALIDAD,HOLBOX,,,,77310,23,Quintana Roo,007,Lázaro Cárdenas,0012,Holbox,0233,024,,,,Fijo,21.5241483,-87.3791245,2024-11
9905193,23007721312000041000000000U9,SUITE PELECANO,EN QUE MOMENTO,721312,Departamentos y casas amueblados con servicios de hotelería,0 a 5 personas,CALLE,PASEO KUKA,AVENIDA,BENITO JUAREZ,AVENIDA,PALOMINO,CALLE,JERONIMO DE AGUILAR,,SN,,,,,LOCALIDAD,HOLBOX,,,,77310,23,Quintana Roo,007,Lázaro Cárdenas,0012,Holbox,0233,003,,RESEPCION@SUITEPELICANOHOLBOX.COM.MX,,Fijo,21.52229188,-87.37769264,2024-11
9304893,23007721111000461101000000U9,SUITS VILLAS EL JARDIN,GRUPO TURISTICO PENINSULA MAYA,721111,Hoteles con otros servicios integrados,11 a 30 personas,AVENIDA,CALLE ESMEDREGAL,CALLE,JERONIMO DE AGUILAR,CALLE,PORFIRIO DÍAZ,CALLE,MORELOS,,SN,,,,SN,LOCALIDAD,HOLBOX,,,,77310,23,Quintana Roo,007,Lázaro Cárdenas,0012,Holbox,0233,800,9848752326,NELSON.AGUIRRE@YAHOO.COM,,Fijo,21.5228058,-87.37864086,2020-11
11699892,23007722511000601000000000U6,SUNSET RESTAURANTE Y BAR,YU-QUIN,722511,Restaurantes con servicio de preparación de alimentos a la carta o de comida corrida,0 a 5 personas,CALLE,NINGUNO,CALLE,PASEO KUKA,CALLE,PASEO KUKA,CALLE,NINGUNO,,SN,,,,,LOCALIDAD,HOLBOX,,,,77310,23,Quintana Roo,007,Lázaro Cárdenas,0012,Holbox,0233,078,9875648994,,,Fijo,21.52804203,-87.37180652,2024-11
9970029,23007722515000241000000000U2,TACHALI CAFE,,722515,"Cafeterías, fuentes de sodas, neverías, refresquerías y similares",0 a 5 personas,CALLE,DAMERO,CALLE,MORELOS,AVENIDA,BENITO JUAREZ,AVENIDA,PEDRO JOAQUIN COLDWELL,,SN,,,,,LOCALIDAD,HOLBOX,,,,77310,23,Quintana Roo,007,Lázaro Cárdenas,0012,Holbox,0233,023,,TACHALIHOLBOXCAFE@GMAIL.COM,,Fijo,21.52357523,-87.37964183,2024-11
10767685,23007722514000271000000000U2,TACOS DE GUISADO LOS TACOSTUMBRA,,722514,Restaurantes con servicio de preparación de tacos y tortas,0 a 5 personas,CALLE,PASEO KUKA,CALLE,VULKAY,CALLE,SIERRA,CALLE,HERNAN CORTES,,SN,,,,,OTRO,HOLBOX,,,,77310,23,Quintana Roo,007,Lázaro Cárdenas,0012,Holbox,0233,046,,,,Fijo,21.52418597,-87.37583899,2024-11
9974726,23007722514000181000000000U3,TACOS Y TORTAS EL COMPA CHARLY,,722514,Restaurantes con servicio de preparación de tacos y tortas,0 a 5 personas,CALLE,PASEO KUKA,AVENIDA,BENITO JUAREZ,CALLE,MORELOS,CALLE,HERNAN CORTEZ,,SN,,,,,OTRO,HOLBOX,,,,77310,23,Quintana Roo,007,Lázaro Cárdenas,0012,Holbox,0233,015,,,,Fijo,21.52190051,-87.37794637,2024-11
11426549,23007722514000191000000000U2,TACOS Y TORTAS LAS 3 CRUCES,,722514,Restaurantes con servicio de preparación de tacos y tortas,0 a 5 personas,CALLE,DAMERO,AVENIDA,PALOMINO,CALLE,CARITO,CALLE,PORFIRIO DIAZ,,SN,,,,,LOCALIDAD,HOLBOX,,,,77310,23,Quintana Roo,007,Lázaro Cárdenas,0012,Holbox,0233,010,9842785440,,,Fijo,21.5245318,-87.37865312,2024-11
11068254,23007722519000091000000000U3,TAMALES SIN NOMBRE,ARACELI HERNANDEZ,722519,Servicios de preparación de otros alimentos para consumo inmediato,0 a 5 personas,CALLE,PASEO KUKA,CALLE,NINGUNO,CALLE,NINGUNO,CALLE,PASEO KUKA,,SN,,,,,OTRO,HOLBOX,,,,77310,23,Quintana Roo,007,Lázaro Cárdenas,0012,Holbox,0233,082,,,,Fijo,21.51828432,-87.38133541,2024-11
9995566,23007722514000293000000000U6,TAQUERIA EL POBLANO,,722514,Restaurantes con servicio de preparación de tacos y tortas,11 a 30 personas,CALLE,PASEO KUKA,CALLE,SIERRA,CALLE,CARITO,CALLE,CARITO,,SN,,,,,LOCALIDAD,HOLBOX,,,,77310,23,Quintana Roo,007,Lázaro Cárdenas,0012,Holbox,0233,030,,,,Fijo,21.52339329,-87.37658305,2024-11
8726448,23007722514000121000000000U9,TAQUERIA JULIO,,722514,Restaurantes con servicio de preparación de tacos y tortas,0 a 5 personas,CALLE,DAMERO,CALLE,PARGO,CALLE,TINTORERA,CALLE,DAMERO,,SN,,,,,OTRO,HOLBOX,,,,77310,23,Quintana Roo,007,Lázaro Cárdenas,0012,Holbox,0233,048,,,,Fijo,21.52098391,-87.38172927,2019-11
10128830,23007722514000211000000000U8,TAQUERIA LA CABANE,PIERRE GAGNON,722514,Restaurantes con servicio de preparación de tacos y tortas,0 a 5 personas,CALLE,CAGUAMA,CALLE,NINGUNO,CALLE,NINGUNO,CALLE,CAGUAMA,,SN,,,,,OTRO,HOLBOX,,,,77310,23,Quintana Roo,007,Lázaro Cárdenas,0012,Holbox,0233,115,,,,Semifijo,21.51758995,-87.3881777,2024-11
11384657,23007722514000171000000000U4,TAQUERIA LA JAROCHITA,,722514,Restaurantes con servicio de preparación de tacos y tortas,0 a 5 personas,CALLE,DAMERO,AVENIDA,BENITO JUAREZ,CALLE,MORELOS,CALLE,PORFIRIO DIAZ,,SN,,,,,LOCALIDAD,HOLBOX,,,,77531,23,Quintana Roo,007,Lázaro Cárdenas,0012,Holbox,0233,008,,,,Fijo,21.52335456,-87.37973214,2024-11
11532308,23007722514000262000000000U1,TAQUERIA MATEO,,722514,Restaurantes con servicio de preparación de tacos y tortas,6 a 10 personas,AVENIDA,PALOMINO,OTRO(ESPECIFIQUE),MAR,CALLE,PEDRO JOAQUIN CODWELL,CALLE,CARITO,,SN,,,,,LOCALIDAD,HOLBOX,,,,77310,23,Quintana Roo,007,Lázaro Cárdenas,0012,Holbox,0233,025,,,,Fijo,21.52435428,-87.37904741,2024-11
10301843,23007722514000251000000000U4,TAQUERIA TACOMOQUIERAS,SANTIAGO CORRA,722514,Restaurantes con servicio de preparación de tacos y tortas,0 a 5 personas,CALLE,CARITO,OTRO(ESPECIFIQUE),MAR,CALLE,PEDRO JOAQUIN CODWELL,AVENIDA,PALOMINO,,SN,,,,,LOCALIDAD,HOLBOX,,,,77310,23,Quintana Roo,007,Lázaro Cárdenas,0012,Holbox,0233,025,,,,Fijo,21.52501539,-87.37869048,2024-11
10134751,23007721112000632000000000U9,TARA TARA HOTEL,,721112,Hoteles sin otros servicios integrados,6 a 10 personas,CALLE,PASEO KUKA,CALLE,VULKAY,CALLE,SAN PEDRO,CALLE,HERNAN CORTEZ,,SN,,,,,LOCALIDAD,HOLBOX,,,,77310,23,Quintana Roo,007,Lázaro Cárdenas,0012,Holbox,0233,052,,,,Fijo,21.52442385,-87.37562274,2024-11
10820281,23007722412000211000000000U5,TEQUILA O CLOCK BAR,,722412,"Bares, cantinas y similares",0 a 5 personas,AVENIDA,TIBURON BALLENA,CALLE,JERONIMO DE AGUILAR,CALLE,PORFIRIO DIAZ,AVENIDA,PALOMINO,,SN,,1,,,LOCALIDAD,HOLBOX,CENTRO Y PLAZA COMERCIAL,PLAZA ELPUEBLITO,8,77310,23,Quintana Roo,007,Lázaro Cárdenas,0012,Holbox,0233,002,,,,Fijo,21.52302558,-87.3787714,2024-11
8939488,23007722515000062001000000U2,TIERRA MIA CAFE,,722515,"Cafeterías, fuentes de sodas, neverías, refresquerías y similares",0 a 5 personas,CALLE,DAMERO,AVENIDA,PALOMINO,CALLE,CARITO,CALLE,CARITO,,SN,,,,,LOCALIDAD,HOLBOX,,,,77310,23,Quintana Roo,007,Lázaro Cárdenas,0012,Holbox,0233,025,3338159310,,,Fijo,21.52469487,-87.37853865,2019-11
9389802,23007721111000561001040071M2,VILAS HM PARAISO DELMAR,DESARROLLOS MAYORQUINES EN HOLBOX,721111,Hoteles con otros servicios integrados,51 a 100 personas,OTRO(ESPECIFIQUE),MAR,CALLE,NINGUNO,CALLE,NINGUNO,CALLE,PASEO KUKA,,SN,,,,SN,LOCALIDAD,HOLBOX,,,,77310,23,Quintana Roo,007,Lázaro Cárdenas,0012,Holbox,0233,077,,ADMPARAISO@HMHOTELS.NET,,Fijo,21.52861455,-87.373084,2022-11
6803941,23007721111000045000040071S6,VILLAS HM PALAPAS DEL MAR,DESARROLLOS MAYORQUINES EN HOLBOX,721111,Hoteles con otros servicios integrados,51 a 100 personas,CALLE,PASEO KUKA,CALLE,NINGUNO,OTRO(ESPECIFIQUE),NINGUNO,CALLE,NINGUNO,1,,,1,,,LOCALIDAD,ISLA HOLBOX,EDIFICIO COMERCIAL Y DE SERVICIOS,VILLAS HM PALAPAS DEL MAR,SN,77310,23,Quintana Roo,007,Lázaro Cárdenas,0012,Holbox,0233,076,9847522433,ADMPARAISO@HMHOTELS.NET,WWW.HMHOTELS.NET,Fijo,21.52727227,-87.37325079,2017-11
9279327,23007561110000012011000000U1,WHY KNOT,WHY KNOT,721311,Pensiones y casas de huéspedes,0 a 5 personas,AVENIDA,PEDRO JOAQUIN COLDWELL,CALLE,NINGUNO,CALLE,NINGUNO,CALLE,NINGUNO,,SN,,,,,OTRO,HOLBOX,,,,77310,23,Quintana Roo,007,Lázaro Cárdenas,0012,Holbox,0233,093,,,,Fijo,21.51805477,-87.38601692,2020-11
11488144,23007811192000081000000000U2,AUTO LAVADO,,811192,Lavado y lubricado de automóviles y camiones,0 a 5 personas,CALLE,PASEO KUKA,AVENIDA,BENITO JUAREZ,AVENIDA,PALOMINO,CALLE,JERONIMO DE AGUILAR,,SN,,,,,LOCALIDAD,HOLBOX,,,,77310,23,Quintana Roo,007,Lázaro Cárdenas,0012,Holbox,0233,003,,,,Fijo,21.52241087,-87.37758463,2024-11
10050143,23007812110000461000000000U7,BAMPU SPA,,812110,Salones y clínicas de belleza y peluquerías,0 a 5 personas,CALLE,CHAN CHI,CALLE,NINGUNO,CALLE,PEDRO JOAQUIN CODWELL,CALLE,JUSTO SIERRA,,SN,,,,,LOCALIDAD,HOLBOX,,,,77310,23,Quintana Roo,007,Lázaro Cárdenas,0012,Holbox,0233,044,,,,Fijo,21.52676993,-87.3746385,2024-11
10783534,23007812110000391000000000U6,BARBE SHOP,,812110,Salones y clínicas de belleza y peluquerías,0 a 5 personas,AVENIDA,PALOMINO,CALLE,PASEO KUKA,CALLE,HERNAN CORTEZ,AVENIDA,TIBURON BALLENA,,SN,,,,,LOCALIDAD,HOLBOX,,,,77310,23,Quintana Roo,007,Lázaro Cárdenas,0012,Holbox,0233,014,,,,Fijo,21.52222956,-87.37669772,2024-11
11119296,23007812110000451000000000U8,BARBE SHOP CORTES,,812110,Salones y clínicas de belleza y peluquerías,0 a 5 personas,CALLE,CARITO,CALLE,PORFIRIO DIAZ,CALLE,PEDRO JOAQUIN CODWELL,AVENIDA,PALOMINO,,SN,,,,,LOCALIDAD,HOLBOX,,,,77310,23,Quintana Roo,007,Lázaro Cárdenas,0012,Holbox,0233,010,,,,Fijo,21.52468932,-87.37833603,2024-11
10584560,23007812110000441000000000U9,BARBERIA SHOP DABOS,BARBERIA SHOP DABOS,812110,Salones y clínicas de belleza y peluquerías,0 a 5 personas,AVENIDA,PALOMINO,CALLE,JERONIMO DE AGUILAR,CALLE,PASEO KUKA,CALLE,CARITO,,SN,,,,,LOCALIDAD,HOLBOX,,,,77310,23,Quintana Roo,007,Lázaro Cárdenas,0012,Holbox,0233,012,,,,Fijo,21.52315177,-87.3776599,2024-11
8726454,23007812110000321000000000U3,BEACH MASSAGE SPA DEL MAR,ERIKC,812110,Salones y clínicas de belleza y peluquerías,0 a 5 personas,OTRO(ESPECIFIQUE),MAR,CALLE,PARGO,CALLE,TINTORERA,OTRO(ESPECIFIQUE),MAR,,SN,,,,,OTRO,HOLBOX,,,,77310,23,Quintana Roo,007,Lázaro Cárdenas,0012,Holbox,0233,050,,,,Fijo,21.52219331,-87.38340752,2019-11
11390926,23007812110000471000000000U6,BEASTY Y BOUTIQUE MARCO ACOSTA,,812110,Salones y clínicas de belleza y peluquerías,0 a 5 personas,CALLE,PORFIRIO DIAZ,CALLE,CARITO,CALLE,JUSTO SIERRA,CALLE,JERONIMO DE AGUILAR,,SN,,,,,LOCALIDAD,HOLBOX,,,,77310,23,Quintana Roo,007,Lázaro Cárdenas,0012,Holbox,0233,028,,,,Fijo,21.52452918,-87.37760632,2024-11
9676691,23007812110000531000000000U7,CHULIN BARBER,LILIANA EWUAN,812110,Salones y clínicas de belleza y peluquerías,0 a 5 personas,CALLE,DAMERO,CALLE,CANANE,CALLE,MORELOS,CALLE,CANANE,,SN,,,,,OTRO,HOLBOX,,,,77310,23,Quintana Roo,007,Lázaro Cárdenas,0012,Holbox,0233,007,,,,Fijo,21.52260755,-87.38037509,2024-11
7878521,23007813110000031000000000U7,COOPERATIVA CABO CATOCHE,SCPP CABO CATOCHE,813110,"Asociaciones, organizaciones y cámaras de productores, comerciantes y prestadores de servicios",0 a 5 personas,CALLE,CARITO,CALLE,PEDRO JOAQUIN CODWELL,OTRO(ESPECIFIQUE),MAR,CALLE,JUSTO SIERRA,,SN,,,,,LOCALIDAD,HOLBOX,,,,77310,23,Quintana Roo,007,Lázaro Cárdenas,0012,Holbox,0233,026,,COOP_CABOCATOCHE@HOTMAIL.COM,,Fijo,21.5254276,-87.37902836,2019-11
10951796,23007813120000081000000000U1,CROC QUINTANA ROO,CONFEDERACION REVOLUCIONARIA DE OBREROS Y CAMPESINOS,813120,Asociaciones y organizaciones laborales y sindicales,0 a 5 personas,CALLE,PARGO,CALLE,PORFIRIO DIAZ,CALLE,JERONIMO DE AGUILAR,CALLE,LISA,,SN,,,,,OTRO,HOLBOX,,,,77310,23,Quintana Roo,007,Lázaro Cárdenas,0012,Holbox,0233,069,,,,Fijo,21.52003737,-87.38109743,2024-11
9993650,23007812110000402000000000U1,DIRTY INK TATTO,MAXIMILIANO SCHOTT,812110,Salones y clínicas de belleza y peluquerías,6 a 10 personas,CALLE,PASEO KUKA,AVENIDA,PALOMINO,AVENIDA,BENITO JUAREZ,CALLE,HERNAN CORTES,1,,,,,,LOCALIDAD,HOLBOX,,,,77310,23,Quintana Roo,007,Lázaro Cárdenas,0012,Holbox,0233,014,,,WWW.DIRTYINKSTUDIO.COM,Fijo,21.52238755,-87.3775036,2024-11
10156685,23007812110000501000000000U0,ESTETICA UÑAS,,812110,Salones y clínicas de belleza y peluquerías,0 a 5 personas,CALLE,SAN PEDRO,CALLE,PASEO KUKA,CALLE,HERNAN CORTEZ,CALLE,HERNAN CORTEZ,,SN,,,,,LOCALIDAD,HOLBOX,,,,77310,23,Quintana Roo,007,Lázaro Cárdenas,0012,Holbox,0233,064,,,,Fijo,21.52460458,-87.37466906,2024-11
7833531,23007812110000311000000000U4,ESTETICA UNISEX TERE,,812110,Salones y clínicas de belleza y peluquerías,0 a 5 personas,CALLE,DAMERO,CALLE,JUSTO SIERRA,CALLE,CARITO,CALLE,CARITO,,SN,,,,,LOCALIDAD,HOLBOX,,,,77310,23,Quintana Roo,007,Lázaro Cárdenas,0012,Holbox,0233,026,,HOLMAR36@HOTMAIL.COM,,Fijo,21.5251117,-87.37812345,2019-11
11820808,23007812110000551000000000U5,ESTUDIO DE TATUAJES PURA TINTA,JONATHAN DANIELLE,812110,Salones y clínicas de belleza y peluquerías,0 a 5 personas,AVENIDA,PALOMINO,CALLE,Porfirio Díaz,CALLE,Jeronimo de Aguilar,CALLE,Carito,,SN,,,,,LOCALIDAD,HOLBOX,,,,77310,23,Quintana Roo,007,Lázaro Cárdenas,0012,Holbox,0233,011,,,,Fijo,21.5235666,-87.37813773,2025-04
8839389,23007813210000233001000000U7,IGLESIA SAN PEDRO THELMO,IGLESIA SAN PEDRO THELMO,813210,Asociaciones y organizaciones religiosas,0 a 5 personas,CALLE,PORFIRIO DIAZ,AVENIDA,BENITO JUAREZ,AVENIDA,PALOMINO,CALLE,JERONIMO DE AGUILAR,,SN,,,,,LOCALIDAD,HOLBOX,,,,77310,23,Quintana Roo,007,Lázaro Cárdenas,0012,Holbox,0233,002,,,,Fijo,21.52340841,-87.37863125,2019-11
11683912,23007812210000101000000000U7,LAVANDERIA DEYSI,,812210,Lavanderías y tintorerías,0 a 5 personas,CALLE,PASEO KUKA,CALLE,VULKAY,CALLE,SIERRA,CALLE,PASEO KUKA,,SN,,,,,OTRO,HOLBOX,,,,77310,23,Quintana Roo,007,Lázaro Cárdenas,0012,Holbox,0233,046,,,,Fijo,21.52426393,-87.37576646,2024-11
11287327,23007812210000071000000000U2,LAVANDERIA ESPUMA DE MAR,GABRIELA FIERRO,812210,Lavanderías y tintorerías,0 a 5 personas,AVENIDA,DAMERO,CALLE,NINGUNO,CALLE,NINGUNO,AVENIDA,DAMERO,,SN,,,,,OTRO,HOLBOX,,,,77310,23,Quintana Roo,007,Lázaro Cárdenas,0012,Holbox,0233,139,,,,Fijo,21.51885395,-87.38294101,2024-11
10810413,23007812210000081000000000U1,LAVANDERIA LAVA MATICA,,812210,Lavanderías y tintorerías,0 a 5 personas,CALLE,PASEO KUKA,AVENIDA,BENITO JUAREZ,CALLE,MORELOS,CALLE,JERONIMO DE AGUILAR,,SN,,,,,LOCALIDAD,HOLBOX,,,,77310,23,Quintana Roo,007,Lázaro Cárdenas,0012,Holbox,0233,004,,,,Fijo,21.52202335,-87.37793655,2024-11
9616160,23007812210000091000000000U0,LAVANDERIA PATITA CLUB,,812210,Lavanderías y tintorerías,0 a 5 personas,CALLE,CARITO,CALLE,JERONIMO DE AGUILAR,CALLE,PASEO KUKA,AVENIDA,PALOMINO,,SN,,,,,LOCALIDAD,HOLBOX,,,,77310,23,Quintana Roo,007,Lázaro Cárdenas,0012,Holbox,0233,012,,,,Fijo,21.52350678,-87.37714018,2024-11
11448059,23007812210000141000000000U3,LAVANDERIA PEPA,,812210,Lavanderías y tintorerías,0 a 5 personas,CALLE,PASEO KUKA,CALLE,VULKAY,CALLE,SIERRA,CALLE,PASEO KUKA,,SN,,,,,OTRO,HOLBOX,,,,77310,23,Quintana Roo,007,Lázaro Cárdenas,0012,Holbox,0233,046,,,,Fijo,21.52423926,-87.37578941,2024-11
11614123,23007812210000121000000000U5,LAVANDERIA SIN NOMBRE,,812210,Lavanderías y tintorerías,0 a 5 personas,CALLE,NINGUNO,CALLE,LISA,CALLE,TINTORERA,CALLE,GERONIMO DE AGUILAR,,SN,,,,,OTRO,HOLBOX,,,,77310,23,Quintana Roo,007,Lázaro Cárdenas,0012,Holbox,0233,060,,,,Fijo,21.5204319,-87.37938324,2024-11
10435751,23007812210000131000000000U4,LAVANDERIA SIN NOMBRE,,812210,Lavanderías y tintorerías,0 a 5 personas,CALLE,CANANE,CALLE,NINGUNO,CALLE,OCEANO ATLANTICO,CALLE,LISA,,SN,,,,,OTRO,HOLBOX,,,,77310,23,Quintana Roo,007,Lázaro Cárdenas,0012,Holbox,0233,056,,,,Fijo,21.51984012,-87.37750036,2024-11
9666588,23007811111000232000000000U1,MONKEYS CAR RENTAL,MONKEYS CAR RENTAL,811111,Reparación mecánica en general de automóviles y camiones,6 a 10 personas,CALLE,GONZALO GUERRERO,CALLE,MORELOS,AVENIDA,BENITO JUAREZ,CALLE,GONZALO GUERRERO,,SN,,,,,OTRO,HOLBOX,,,,77310,23,Quintana Roo,007,Lázaro Cárdenas,0012,Holbox,0233,054,,,,Fijo,21.52065723,-87.37689879,2024-11
11084498,23007812110000521000000000U8,MOONSPELL TATTOO STUDIO,,812110,Salones y clínicas de belleza y peluquerías,0 a 5 personas,AVENIDA,TIBURON BALLENA,CALLE,JERONIMO DE AGUILAR,CALLE,PORFIRIO DIAZ,CALLE,PORFIRIO DIAZ,,SN,,1,,,LOCALIDAD,HOLBOX,CENTRO Y PLAZA COMERCIAL,PLAZA ELPUEBLITO,SN,77310,23,Quintana Roo,007,Lázaro Cárdenas,0012,Holbox,0233,002,,,,Fijo,21.52302558,-87.3787714,2024-11
8132200,23007812110000271000000000U0,PELUQUERIA ARIES,,812110,Salones y clínicas de belleza y peluquerías,0 a 5 personas,CALLE,PORFIRIO DIAZ,AVENIDA,BENITO JUAREZ,CALLE,MORELOS,AVENIDA,TIBURON BALLENA,,SN,,,,,LOCALIDAD,HOLBOX,,,,77531,23,Quintana Roo,007,Lázaro Cárdenas,0012,Holbox,0233,008,,,,Fijo,21.52267796,-87.37938426,2019-11
9508481,23007811219000031000000000U8,REPARACION Y VENTA DE ACCESORIOS DE CELULARES AMIGO CHARLY,CARLOS MUÑOZ,811219,Reparación y mantenimiento de otro equipo electrónico y de equipo de precisión,0 a 5 personas,CALLE,DAMERO,CALLE,PARGO,CALLE,TINTORERA,CALLE,DAMERO,,SN,,,,,OTRO,HOLBOX,,,,77310,23,Quintana Roo,007,Lázaro Cárdenas,0012,Holbox,0233,048,,,,Fijo,21.52120405,-87.381574,2024-11
10768162,23007812110000541000000000U6,SALON DE BELLEZA LA DAMA DIVINA,,812110,Salones y clínicas de belleza y peluquerías,0 a 5 personas,CALLE,PORFIRIO DIAZ,CALLE,CANANE,CALLE,MORELOS,CALLE,PORFIRIO DIAZ,,SN,,,,,OTRO,HOLBOX,,,,77310,23,Quintana Roo,007,Lázaro Cárdenas,0012,Holbox,0233,007,,,,Fijo,21.52235335,-87.37967399,2024-11
8227623,23007812110000351000000000U0,SALON DE BELLEZA LUZ DE LUNA,,812110,Salones y clínicas de belleza y peluquerías,0 a 5 personas,CALLE,PASEO KUKA,CALLE,NINGUNO,CALLE,NINGUNO,CALLE,HERNAN CORTEZ,,SN,,,,,LOCALIDAD,HOLBOX,,,,77310,23,Quintana Roo,007,Lázaro Cárdenas,0012,Holbox,0233,063,9841061548,,,Fijo,21.52603921,-87.3742069,2019-11
11350434,23007812110000491000000000U4,SPA MAYAM MESSAGE BY SELENE,SELENE CHABLE,812110,Salones y clínicas de belleza y peluquerías,0 a 5 personas,AVENIDA,NINGUNO,CALLE,NINGUNO,CALLE,NINGUNO,CALLE,PASEO KUKA,,SN,,,,,LOCALIDAD,HOLBOX,,,,77310,23,Quintana Roo,007,Lázaro Cárdenas,0012,Holbox,0233,076,,,,Semifijo,21.52810795,-87.37400871,2024-11
10235020,23007811492000061000000000U8,TALLER DE MOTOS,,811492,Reparación y mantenimiento de motocicletas,0 a 5 personas,CALLE,PORFIRIO DIAZ,CALLE,CARITO,CALLE,JUSTO SIERRA,CALLE,JERONIMO DE AGUILAR,,SN,,,,,LOCALIDAD,HOLBOX,,,,77310,23,Quintana Roo,007,Lázaro Cárdenas,0012,Holbox,0233,028,,,,Fijo,21.52433162,-87.37779805,2024-11
10090587,23007811111000241000000000U2,TALLER DE REPARACIONDE CARRO DE GOLF,,811111,Reparación mecánica en general de automóviles y camiones,0 a 5 personas,CALLE,JERONIMO DE AGUILAR,CALLE,SAN PEDRO,CALLE,JUSTO SIERRA,CALLE,DAMERO,,SN,,,,,LOCALIDAD,HOLBOX,,,,77310,23,Quintana Roo,007,Lázaro Cárdenas,0012,Holbox,0233,044,,,,Fijo,21.52503114,-87.3761684,2024-11
10781117,23007811492000051000000000U9,TALLER MECANICO,,811492,Reparación y mantenimiento de motocicletas,0 a 5 personas,CALLE,NINGUNO,CALLE,NINGUNO,AVENIDA,PALOMINO,CALLE,CARITO,,SN,,,,,OTRO,HOLBOX,,,,77310,23,Quintana Roo,007,Lázaro Cárdenas,0012,Holbox,0233,031,,,,Fijo,21.52067681,-87.37404191,2024-11
11397258,23007811111000221000000000U4,TALLER MECANICO DIABLO RACING,,811111,Reparación mecánica en general de automóviles y camiones,0 a 5 personas,CALLE,PASEO KUKA,CALLE,PARGO,CALLE,NINGUNO,CALLE,PASEO KUKA,,SN,,,,,OTRO,HOLBOX,,,,77310,23,Quintana Roo,007,Lázaro Cárdenas,0012,Holbox,0233,075,,,,Fijo,21.51927373,-87.38043604,2024-11
10103671,23007811111000261000000000U0,TALLER MECANICO PEINES,,811111,Reparación mecánica en general de automóviles y camiones,0 a 5 personas,AVENIDA,PALOMINO,CALLE,NINGUNO,CALLE,HERNAN CORTEZ,AVENIDA,PALOMINO,,SN,,,,,OTRO,HOLBOX,,,,77310,23,Quintana Roo,007,Lázaro Cárdenas,0012,Holbox,0233,031,,,,Fijo,21.52100233,-87.37518164,2024-11
11443271,23007811111000201000000000U6,TALLER MECANICO SIN NOMBRE,,811111,Reparación mecánica en general de automóviles y camiones,0 a 5 personas,CALLE,TINTORERA,CALLE,PORFIRIO DIAZ,CALLE,PEDRO JOAQUIN CODWELL,CALLE,LISA,,SN,,,,,OTRO,HOLBOX,,,,77310,23,Quintana Roo,007,Lázaro Cárdenas,0012,Holbox,0233,037,,,,Fijo,21.52114336,-87.3813286,2024-11
11029911,23007811499000071000000000U2,TALLER MECANICO SIN NOMBRE,,811499,Reparación y mantenimiento de otros artículos para el hogar y personales,0 a 5 personas,AVENIDA,TIBURON BALLENA,CALLE,NINGUNO,CALLE,OCEANO PACIFICO,AVENIDA,TIBURON BALLENA,,SN,,,,,OTRO,HOLBOX,,,,77310,23,Quintana Roo,007,Lázaro Cárdenas,0012,Holbox,0233,053,,,,Fijo,21.52007248,-87.37574938,2024-11
10694135,23007812110000511000000000U9,TATTO SHOP SANGRE LATINA,JESUS SERRANO,812110,Salones y clínicas de belleza y peluquerías,0 a 5 personas,AVENIDA,TIBURON BALLENA,CALLE,OCEANO ATLANTICO,CALLE,OCEANO PACIFICO,AVENIDA,TIBURON BALLENA,,SN,,,,,OTRO,HOLBOX,,,,77310,23,Quintana Roo,007,Lázaro Cárdenas,0012,Holbox,0233,047,,,,Fijo,21.52078496,-87.37644332,2024-11
7906458,23007813210000224001000000U6,TEMPLO BETHEL,ASAMBLEA DE DIOS,813210,Asociaciones y organizaciones religiosas,0 a 5 personas,CALLE,PASEO KUKA,CALLE,SAN PEDRO,CALLE,NINGUNO,CALLE,HERNAN CORTEZ,,SN,,,,,LOCALIDAD,HOLBOX,,,,77310,23,Quintana Roo,007,Lázaro Cárdenas,0012,Holbox,0233,064,,,,Fijo,21.52521919,-87.37490727,2019-11
8011910,23007813210000243001000000U6,TEMPLO PRESBITERIANO NACIONAL JESUS EL BUEN PASTOR,IGLESIA NACIONAL PRESBITERIANA,813210,Asociaciones y organizaciones religiosas,6 a 10 personas,CALLE,PORFIRIO DIAZ,CALLE,CARITO,CALLE,JUSTO SIERRA,CALLE,JERONIMO DE AGUILAR,,SN,,,,,LOCALIDAD,HOLBOX,,,,77310,23,Quintana Roo,007,Lázaro Cárdenas,0012,Holbox,0233,028,9988976457,JESUSELBPHOLBOX@HOTMAIL.COM,,Fijo,21.5244862,-87.37764803,2019-11
10369904,23007812110000411000000000U2,UH LALA SPA,,812110,Salones y clínicas de belleza y peluquerías,0 a 5 personas,CALLE,PASEO KUKA,AVENIDA,PALOMINO,AVENIDA,BENITO JUAREZ,CALLE,HERNAN CORTES,1,,,,,,LOCALIDAD,HOLBOX,,,,77310,23,Quintana Roo,007,Lázaro Cárdenas,0012,Holbox,0233,014,,,,Fijo,21.52238755,-87.3775036,2024-11
9717905,23007812110000421000000000U1,UÑAS ACRILICAS,,812110,Salones y clínicas de belleza y peluquerías,0 a 5 personas,CALLE,PORFIRIO DIAZ,AVENIDA,PALOMINO,CALLE,CARITO,CALLE,DAMERO,,SN,,,,,LOCALIDAD,HOLBOX,,,,77310,23,Quintana Roo,007,Lázaro Cárdenas,0012,Holbox,0233,010,,,,Fijo,21.52404368,-87.37813105,2024-11
7878467,23007931510000021001000000U6,COMISION NACIONAL DE AREAS PROTEGIDAS,SEMARNAT,931510,Regulación y fomento de actividades para mejorar y preservar el medio ambiente,6 a 10 personas,AVENIDA,PALOMINO,OTRO(ESPECIFIQUE),MAR,CALLE,PEDRO JOAQUIN CODWELL,CALLE,CARITO,,SN,,,,,LOCALIDAD,HOLBOX,,,,77310,23,Quintana Roo,007,Lázaro Cárdenas,0012,Holbox,0233,025,,,,Fijo,21.52449613,-87.37920845,2019-11
8132417,23007931210000253001000000U2,OFICINAS DE ALCALDIAS,H. AYUNTAMIENTO DEL MUNICIPIO LAZARO CARDENAS,931210,Administración pública en general,6 a 10 personas,CALLE,PORFIRIO DIAZ,AVENIDA,BENITO JUAREZ,AVENIDA,PALOMINO,CALLE,JERONIMO DE AGUILAR,,SN,,,,,LOCALIDAD,HOLBOX,,,,77310,23,Quintana Roo,007,Lázaro Cárdenas,0012,Holbox,0233,002,9848752110,,,Fijo,21.52325382,-87.37876922,2019-11
8805761,23007931810000011001000000U1,SECRETARIA DE MARINA CAPITANIA DE PUERTO HOLBOX,SECRETARIA DE MARINA CAPITANIA DE PUERTO HOLBOX,931810,Actividades de seguridad nacional,6 a 10 personas,CALLE,NINGUNO,AVENIDA,PALOMINO,AVENIDA,BENITO JUAREZ,CALLE,NINGUNO,,SN,,,,,OTRO,HOLBOX,,,,77310,23,Quintana Roo,007,Lázaro Cárdenas,0012,Holbox,0233,053,,CP.ISLAHOLBOX@SEMAR.GOB.MX,,Fijo,21.51994205,-87.37525969,2019-11
