{"type": "FeatureCollection", "features": [
{"id":"d5c5c3a3-d391-4323-a9de-6e4bcc0d8d84","type":"Feature","geometry":{"type":"Point","coordinates":[-87.39359958,21.50931569]},"properties":{"categories":{"primary":"bar","alternate":["restaurant"]},"confidence":0.8110520839691162,"emails":["holbox_magico@outlook.es"],"socials":["https://www.facebook.com/108239405184366"],"phones":["+529983527224"],"brand":{"wikidata":null,"names":{"primary":null,"common":null,"rules":null}},"addresses":[{"freeform":"Calle Cherna izquina, Av. Pedro Joaquín Coldwell","locality":"Lázaro Cárdenas","postcode":"77310","region":null,"country":"MX"}],"names":{"primary":"Holbox Mágico","common":null,"rules":null},"sources":[{"property":"","dataset":"meta","license":"CDLA-Permissive-2.0","record_id":"108239405184366","update_time":"2026-04-27T00:00:00.000Z","confidence":0.8110520839691162,"between":null},{"property":"/properties/confidence","dataset":"Overture","license":"CDLA-Permissive-2.0","record_id":null,"update_time":"2026-06-11T11:57:15Z","confidence":null,"between":null}],"basic_category":"bar","taxonomy":{"primary":"bar","hierarchy":["food_and_drink","alcoholic_beverage_venue","bar"],"alternates":null},"version":2}},
{"id":"8a4b70e6-dd6d-45fc-863f-68ede61f43e9","type":"Feature","geometry":{"type":"Point","coordinates":[-87.3946776882333,21.51006816522355]},"properties":{"categories":{"primary":"restaurant","alternate":["social_service_organizations","spas"]},"confidence":0.7596264481544495,"socials":["https://www.facebook.com/102721741621461"],"phones":["+529841348258"],"brand":{"wikidata":null,"names":{"primary":null,"common":null,"rules":null}},"addresses":[{"freeform":"calle Bagre","locality":"Holbox","postcode":"777310","region":null,"country":"MX"}],"names":{"primary":"La puerta azul beach club","common":null,"rules":null},"sources":[{"property":"","dataset":"meta","license":"CDLA-Permissive-2.0","record_id":"102721741621461","update_time":"2026-04-27T00:00:00.000Z","confidence":0.7596264481544495,"between":null},{"property":"/properties/confidence","dataset":"Overture","license":"CDLA-Permissive-2.0","record_id":null,"update_time":"2026-06-11T11:57:15Z","confidence":null,"between":null}],"basic_category":"restaurant","taxonomy":{"primary":"restaurant","hierarchy":["food_and_drink","restaurant"],"alternates":null},"version":8}},
{"id":"328cf253-b878-4055-aacd-2f29e7ea5bc9","type":"Feature","geometry":{"type":"Point","coordinates":[-87.394809778861,21.510206074474]},"properties":{"categories":{"primary":"beach","alternate":["hotel"]},"confidence":0.7804180383682251,"socials":["https://www.facebook.com/150162172375752"],"brand":{"wikidata":null,"names":{"primary":null,"common":null,"rules":null}},"addresses":[{"freeform":null,"locality":"Lázaro Cárdenas","postcode":null,"region":null,"country":"MX"}],"names":{"primary":"Playa Punta Cocos","common":null,"rules":null},"sources":[{"property":"","dataset":"meta","license":"CDLA-Permissive-2.0","record_id":"150162172375752","update_time":"2026-04-27T00:00:00.000Z","confidence":0.7804180383682251,"between":null},{"property":"/properties/confidence","dataset":"Overture","license":"CDLA-Permissive-2.0","record_id":null,"update_time":"2026-06-11T11:57:15Z","confidence":null,"between":null}],"basic_category":"beach","taxonomy":{"primary":"beach","hierarchy":["geographic_entities","land_feature","beach"],"alternates":null},"version":2}},
{"id":"a94d0d3d-b0c4-4eed-b8c7-83dd5e9f669a","type":"Feature","geometry":{"type":"Point","coordinates":[-87.39498458,21.51026056]},"properties":{"categories":{"primary":"beach","alternate":["coffee_shop"]},"confidence":0.7870086431503296,"socials":["https://www.facebook.com/1794488294215269"],"brand":{"wikidata":null,"names":{"primary":null,"common":null,"rules":null}},"addresses":[{"freeform":"","locality":"Lázaro Cárdenas","postcode":"77310","region":null,"country":"MX"}],"names":{"primary":"Punta Coco","common":null,"rules":null},"sources":[{"property":"","dataset":"meta","license":"CDLA-Permissive-2.0","record_id":"1794488294215269","update_time":"2026-04-27T00:00:00.000Z","confidence":0.7870086431503296,"between":null},{"property":"/properties/confidence","dataset":"Overture","license":"CDLA-Permissive-2.0","record_id":null,"update_time":"2026-06-11T11:57:15Z","confidence":null,"between":null}],"basic_category":"beach","taxonomy":{"primary":"beach","hierarchy":["geographic_entities","land_feature","beach"],"alternates":null},"version":7}},
{"id":"77b44b0b-c313-4a28-8dd9-673356272804","type":"Feature","geometry":{"type":"Point","coordinates":[-87.396883,21.511212]},"properties":{"categories":{"primary":"beach","alternate":["accommodation","island"]},"confidence":0.835335373878479,"socials":["https://www.facebook.com/716208475081018"],"brand":{"wikidata":null,"names":{"primary":null,"common":null,"rules":null}},"addresses":[{"freeform":null,"locality":"Lázaro Cárdenas","postcode":null,"region":null,"country":"MX"}],"names":{"primary":"Punta Mosquito, Holbox.","common":null,"rules":null},"sources":[{"property":"","dataset":"meta","license":"CDLA-Permissive-2.0","record_id":"716208475081018","update_time":"2026-04-27T00:00:00.000Z","confidence":0.835335373878479,"between":null},{"property":"/properties/confidence","dataset":"Overture","license":"CDLA-Permissive-2.0","record_id":null,"update_time":"2026-06-11T11:57:15Z","confidence":null,"between":null}],"basic_category":"beach","taxonomy":{"primary":"beach","hierarchy":["geographic_entities","land_feature","beach"],"alternates":null},"version":1}},
{"id":"b0f3ef00-8df3-46cd-bebf-fc6424592dbb","type":"Feature","geometry":{"type":"Point","coordinates":[-87.38363008,21.52188555]},"properties":{"categories":{"primary":"boot_camp","alternate":["gym","sports_and_recreation_venue"]},"confidence":0.6214978098869324,"websites":["https://bootcampholbox.simplybook.me/v2/?fbclid=PAZXh0bgNhZW0CMTEAAabaoGOuX7lKqeoBG4CMTZHvJYkPcWC2B1GIa_ZKXdYnbbibNM3kSF6Xt8o_aem_Aca1cOWG_hQEZ2aXayEEMGRqj18umyY6A-D_cBy3eKyOiSaEmn4kyayMCdp4R3AwCyUPXjzeCoCoxD9gWcUvkSA0"],"emails":["bootcampholbox@gmail.com"],"socials":["https://www.facebook.com/241789706240480"],"phones":["+529841566369"],"brand":{"wikidata":null,"names":{"primary":null,"common":null,"rules":null}},"addresses":[{"freeform":"SM Hotel","locality":"Lázaro Cárdenas","postcode":"77310","region":null,"country":"MX"}],"names":{"primary":"Holbox Bootcamp","common":null,"rules":null},"sources":[{"property":"","dataset":"meta","license":"CDLA-Permissive-2.0","record_id":"241789706240480","update_time":"2026-04-27T00:00:00.000Z","confidence":0.6214978098869324,"between":null},{"property":"/properties/confidence","dataset":"Overture","license":"CDLA-Permissive-2.0","record_id":null,"update_time":"2026-06-11T11:57:15Z","confidence":null,"between":null}],"basic_category":"fitness_studio","taxonomy":{"primary":"boot_camp","hierarchy":["sports_and_recreation","sport_or_fitness_facility","fitness_studio","boot_camp"],"alternates":null},"version":9}},
{"id":"22d6469f-29a0-4125-9afd-3f6ff96828e4","type":"Feature","geometry":{"type":"Point","coordinates":[-87.38336985,21.52154474]},"properties":{"categories":{"primary":"bar_and_grill_restaurant","alternate":["restaurant","hotel"]},"confidence":0.7584497928619385,"socials":["https://www.facebook.com/1400372860090985"],"phones":["+529841688152"],"brand":{"wikidata":null,"names":{"primary":null,"common":null,"rules":null}},"addresses":[{"freeform":"C. Erizo","locality":"Lázaro Cárdenas","postcode":"77310","region":null,"country":"MX"}],"names":{"primary":"Club de Playa El Velero","common":null,"rules":null},"sources":[{"property":"","dataset":"meta","license":"CDLA-Permissive-2.0","record_id":"1400372860090985","update_time":"2026-04-27T00:00:00.000Z","confidence":0.7584497928619385,"between":null},{"property":"/properties/confidence","dataset":"Overture","license":"CDLA-Permissive-2.0","record_id":null,"update_time":"2026-06-11T11:57:15Z","confidence":null,"between":null}],"basic_category":"restaurant","taxonomy":{"primary":"bar_and_grill_restaurant","hierarchy":["food_and_drink","restaurant","bar_and_grill_restaurant"],"alternates":null},"version":9}},
{"id":"4a9db177-d20a-412b-a9a3-61dcf3eb8ee1","type":"Feature","geometry":{"type":"Point","coordinates":[-87.38448078,21.52096924]},"properties":{"categories":{"primary":"bar_and_grill_restaurant","alternate":["cocktail_bar","restaurant"]},"confidence":0.9577797651290894,"websites":["https://www.mystiqueresorts.com/resort/mystique-blue/dine/fresco-bar-and-grill"],"socials":["https://www.facebook.com/101237451249048"],"phones":["+529848752365"],"brand":{"wikidata":null,"names":{"primary":"Mystique Holbox","common":null,"rules":null}},"addresses":[{"freeform":"Av. Pedro Joaquín Coldwell Entre calle Chabelita, P.º Carey y","locality":"Lázaro Cárdenas","postcode":"77310","region":null,"country":"MX"}],"names":{"primary":"Fresco Bar and Grill","common":null,"rules":null},"sources":[{"property":"","dataset":"meta","license":"CDLA-Permissive-2.0","record_id":"101237451249048","update_time":"2026-04-27T00:00:00.000Z","confidence":0.9577797651290894,"between":null},{"property":"/properties/confidence","dataset":"Overture","license":"CDLA-Permissive-2.0","record_id":null,"update_time":"2026-06-11T11:57:15Z","confidence":null,"between":null}],"basic_category":"restaurant","taxonomy":{"primary":"bar_and_grill_restaurant","hierarchy":["food_and_drink","restaurant","bar_and_grill_restaurant"],"alternates":null},"version":8}},
{"id":"f5226c77-5340-42a2-8559-cfc584848a5e","type":"Feature","geometry":{"type":"Point","coordinates":[-87.383713063905,21.520766736249]},"properties":{"categories":{"primary":"hotel","alternate":["tire_dealer_and_repair"]},"confidence":0.9958302825689316,"websites":["https://www.mystiqueresorts.com/resorts/holbox"],"emails":["communityrca-cun@royaltonresorts.com"],"socials":["https://www.facebook.com/213511992765322"],"phones":["+529848752365"],"brand":{"wikidata":null,"names":{"primary":"Mystique Holbox","common":null,"rules":null}},"addresses":[{"freeform":"Av. Pedro Joaquin Coldwell | Between Calle Chabelita & Paseo Carey","locality":"Lázaro Cárdenas","postcode":"77310","region":null,"country":"MX"}],"names":{"primary":"Mystique Holbox","common":null,"rules":null},"sources":[{"property":"","dataset":"meta","license":"CDLA-Permissive-2.0","record_id":"213511992765322","update_time":"2026-04-27T00:00:00.000Z","confidence":0.9722018837928772,"between":null},{"property":"/properties/confidence","dataset":"Overture","license":"CDLA-Permissive-2.0","record_id":null,"update_time":"2026-06-11T11:57:15Z","confidence":null,"between":null}],"basic_category":"hotel","taxonomy":{"primary":"hotel","hierarchy":["lodging","hotel"],"alternates":null},"version":8}},
{"id":"85f30f28-4f10-469d-ac93-8c91cce38ee7","type":"Feature","geometry":{"type":"Point","coordinates":[-87.38605013,21.51986713]},"properties":{"categories":{"primary":"hotel","alternate":["accommodation","lodge"]},"confidence":0.8638582825660706,"websites":["http://rhincodontypushotel.com/"],"emails":["info@rhincodontypushotel.com"],"socials":["https://www.facebook.com/115026378177245"],"phones":["+529982052645"],"brand":{"wikidata":null,"names":{"primary":null,"common":null,"rules":null}},"addresses":[{"freeform":"Holbox MX, P.º Carey","locality":"Lázaro Cárdenas","postcode":"77310","region":null,"country":"MX"}],"names":{"primary":"Rhincodon Typus","common":null,"rules":null},"sources":[{"property":"","dataset":"meta","license":"CDLA-Permissive-2.0","record_id":"115026378177245","update_time":"2026-04-27T00:00:00.000Z","confidence":0.8638582825660706,"between":null},{"property":"/properties/confidence","dataset":"Overture","license":"CDLA-Permissive-2.0","record_id":null,"update_time":"2026-06-11T11:57:15Z","confidence":null,"between":null}],"basic_category":"hotel","taxonomy":{"primary":"hotel","hierarchy":["lodging","hotel"],"alternates":null},"version":11}},
{"id":"b00a61ce-92d4-49ec-815f-455a66d98305","type":"Feature","geometry":{"type":"Point","coordinates":[-87.38546608,21.52034876]},"properties":{"categories":{"primary":"beach_resort","alternate":["lodge","accommodation"]},"confidence":0.9476426839828491,"websites":["http://www.casatakywara.com/"],"emails":["reservaciones@casatakywara.mx"],"socials":["https://www.facebook.com/406623859406654"],"phones":["+529841413381"],"brand":{"wikidata":null,"names":{"primary":"Casa Takywara","common":null,"rules":null}},"addresses":[{"freeform":"C. Erizo","locality":"Lázaro Cárdenas","postcode":"77310","region":null,"country":"MX"}],"names":{"primary":"Casa Takywara","common":null,"rules":null},"sources":[{"property":"","dataset":"meta","license":"CDLA-Permissive-2.0","record_id":"406623859406654","update_time":"2026-04-27T00:00:00.000Z","confidence":0.9476426839828491,"between":null},{"property":"/properties/confidence","dataset":"Overture","license":"CDLA-Permissive-2.0","record_id":null,"update_time":"2026-06-11T11:57:15Z","confidence":null,"between":null}],"basic_category":"resort","taxonomy":{"primary":"beach_resort","hierarchy":["lodging","resort","beach_resort"],"alternates":null},"version":9}},
{"id":"2336c7e9-351e-492f-97e3-4918e2697ff1","type":"Feature","geometry":{"type":"Point","coordinates":[-87.38406429550113,21.520009893770577]},"properties":{"categories":{"primary":"restaurant","alternate":null},"confidence":0.840549647808075,"websites":["http://www.santosfuegosholbox.com/"],"socials":["https://www.facebook.com/104598549162500"],"brand":{"wikidata":null,"names":{"primary":null,"common":null,"rules":null}},"addresses":[{"freeform":"Avenida Pedro Joaquín Coldwell","locality":"Lázaro Cárdenas","postcode":"77310","region":null,"country":"MX"}],"names":{"primary":"Santos Fuegos Holbox","common":null,"rules":null},"sources":[{"property":"","dataset":"meta","license":"CDLA-Permissive-2.0","record_id":"104598549162500","update_time":"2026-04-27T00:00:00.000Z","confidence":0.840549647808075,"between":null},{"property":"/properties/confidence","dataset":"Overture","license":"CDLA-Permissive-2.0","record_id":null,"update_time":"2026-06-11T11:57:15Z","confidence":null,"between":null}],"basic_category":"restaurant","taxonomy":{"primary":"restaurant","hierarchy":["food_and_drink","restaurant"],"alternates":null},"version":8}},
{"id":"dd6c6726-42af-40bb-8227-493764f2e561","type":"Feature","geometry":{"type":"Point","coordinates":[-87.38333995,21.51997828]},"properties":{"categories":{"primary":"sports_and_recreation_venue","alternate":["active_life"]},"confidence":0.2628900706768036,"socials":["https://www.facebook.com/249102418886457"],"brand":{"wikidata":null,"names":{"primary":null,"common":null,"rules":null}},"addresses":[{"freeform":"","locality":"Lázaro Cárdenas","postcode":"77310","region":null,"country":"MX"}],"names":{"primary":"Los Potrillos Horse Back Riding","common":null,"rules":null},"sources":[{"property":"","dataset":"meta","license":"CDLA-Permissive-2.0","record_id":"249102418886457","update_time":"2026-04-27T00:00:00.000Z","confidence":0.2628900706768036,"between":null},{"property":"/properties/confidence","dataset":"Overture","license":"CDLA-Permissive-2.0","record_id":null,"update_time":"2026-06-11T11:57:15Z","confidence":null,"between":null}],"basic_category":"sport_or_fitness_facility","taxonomy":{"primary":"sport_or_fitness_facility","hierarchy":["sports_and_recreation","sport_or_fitness_facility"],"alternates":null},"version":9}},
{"id":"6e5275c3-605f-408f-8484-d76b3f262f98","type":"Feature","geometry":{"type":"Point","coordinates":[-87.38149832,21.52031312]},"properties":{"categories":{"primary":"boat_tours","alternate":["tours"]},"confidence":0.339335173368454,"websites":["https://t.ly/PJkQE"],"emails":["jimmytoursholbox@gmail.com"],"socials":["https://www.facebook.com/1284798224904360"],"phones":["+529842042566"],"brand":{"wikidata":null,"names":{"primary":null,"common":null,"rules":null}},"addresses":[{"freeform":"Calle Pargo, C. Porfirio Díaz &","locality":"Lázaro Cárdenas","postcode":"77310","region":null,"country":"MX"}],"names":{"primary":"Jimmy Tours Holbox","common":null,"rules":null},"sources":[{"property":"","dataset":"meta","license":"CDLA-Permissive-2.0","record_id":"1284798224904360","update_time":"2026-04-27T00:00:00.000Z","confidence":0.339335173368454,"between":null},{"property":"/properties/confidence","dataset":"Overture","license":"CDLA-Permissive-2.0","record_id":null,"update_time":"2026-06-11T11:57:15Z","confidence":null,"between":null}],"basic_category":"travel_service","taxonomy":{"primary":"boat_tour","hierarchy":["travel_and_transportation","travel_service","tour_operator","boat_tour"],"alternates":null},"version":8}},
{"id":"e80a71d0-d650-4b7e-b5d6-0a15a4b6042d","type":"Feature","geometry":{"type":"Point","coordinates":[-87.38269686,21.52077944]},"properties":{"categories":{"primary":"airport","alternate":null},"confidence":0.6107795238494873,"socials":["https://www.facebook.com/1929582473776151"],"phones":["+529982271589"],"brand":{"wikidata":null,"names":{"primary":null,"common":null,"rules":null}},"addresses":[{"freeform":"C. Erizo 3","locality":"Lázaro Cárdenas","postcode":"77310","region":null,"country":"MX"}],"names":{"primary":"Aeródromo de Holbox","common":null,"rules":null},"sources":[{"property":"","dataset":"meta","license":"CDLA-Permissive-2.0","record_id":"1929582473776151","update_time":"2026-04-27T00:00:00.000Z","confidence":0.6107795238494873,"between":null},{"property":"/properties/confidence","dataset":"Overture","license":"CDLA-Permissive-2.0","record_id":null,"update_time":"2026-06-11T11:57:15Z","confidence":null,"between":null}],"basic_category":"airport","taxonomy":{"primary":"airport","hierarchy":["travel_and_transportation","air_transport_facility_or_service","airport"],"alternates":null},"version":8}},
{"id":"3905d661-e325-447e-b5dd-78fec589b301","type":"Feature","geometry":{"type":"Point","coordinates":[-87.38115376,21.52095001]},"properties":{"categories":{"primary":"smoothie_juice_bar","alternate":null},"confidence":0.5054374933242798,"emails":["experimental_juice_bar@gmail.com"],"socials":["https://www.facebook.com/107389081895058"],"phones":["+529848075545"],"brand":{"wikidata":null,"names":{"primary":null,"common":null,"rules":null}},"addresses":[{"freeform":"Calle Tintorera y Porfirio Díaz, C. Tintorera entre Porfirio Díaz y Damero","locality":"Lázaro Cárdenas","postcode":"77310","region":null,"country":"MX"}],"names":{"primary":"Experimental Juice Bar","common":null,"rules":null},"sources":[{"property":"","dataset":"meta","license":"CDLA-Permissive-2.0","record_id":"107389081895058","update_time":"2026-04-27T00:00:00.000Z","confidence":0.5054374933242798,"between":null},{"property":"/properties/confidence","dataset":"Overture","license":"CDLA-Permissive-2.0","record_id":null,"update_time":"2026-06-11T11:57:15Z","confidence":null,"between":null}],"basic_category":"smoothie_juice_bar","taxonomy":{"primary":"smoothie_juice_bar","hierarchy":["food_and_drink","non_alcoholic_beverage_venue","smoothie_juice_bar"],"alternates":null},"version":8}},
{"id":"012c1620-516d-45f4-8bed-023f6d589e89","type":"Feature","geometry":{"type":"Point","coordinates":[-87.38107,21.520530073437]},"properties":{"categories":{"primary":"martial_arts_club","alternate":null},"confidence":0.7093075513839722,"emails":["jandycauich2@gmail.com"],"socials":["https://www.facebook.com/107328315214396"],"phones":["+529841789040"],"brand":{"wikidata":null,"names":{"primary":null,"common":null,"rules":null}},"addresses":[{"freeform":"calle Porfirio Díaz, casa de la cultura,planta alta","locality":"Lázaro Cárdenas","postcode":null,"region":null,"country":"MX"}],"names":{"primary":"Taekwondo Titanes Holbox","common":null,"rules":null},"sources":[{"property":"","dataset":"meta","license":"CDLA-Permissive-2.0","record_id":"107328315214396","update_time":"2026-04-27T00:00:00.000Z","confidence":0.7093075513839722,"between":null},{"property":"/properties/confidence","dataset":"Overture","license":"CDLA-Permissive-2.0","record_id":null,"update_time":"2026-06-11T11:57:15Z","confidence":null,"between":null}],"basic_category":"sport_or_recreation_club","taxonomy":{"primary":"martial_arts_club","hierarchy":["sports_and_recreation","sport_or_recreation_club","martial_arts_club"],"alternates":null},"version":7}},
{"id":"fa6cda79-51fd-4d27-992a-533f897f8e06","type":"Feature","geometry":{"type":"Point","coordinates":[-87.37891961,21.52097906]},"properties":{"categories":{"primary":"holiday_rental_home","alternate":["service_apartments","accommodation"]},"confidence":0.4400865137577057,"websites":["http://airbnb.com/h/plaspalmas"],"emails":["foonscorr@gmail.com"],"socials":["https://www.facebook.com/111867101510359"],"phones":["+529991525882"],"brand":{"wikidata":null,"names":{"primary":null,"common":null,"rules":null}},"addresses":[{"freeform":"C. P.º Kuka","locality":"Lázaro Cárdenas","postcode":"77310","region":null,"country":"MX"}],"names":{"primary":"Casa Las Palmas","common":null,"rules":null},"sources":[{"property":"","dataset":"meta","license":"CDLA-Permissive-2.0","record_id":"111867101510359","update_time":"2026-04-27T00:00:00.000Z","confidence":0.4400865137577057,"between":null},{"property":"/properties/confidence","dataset":"Overture","license":"CDLA-Permissive-2.0","record_id":null,"update_time":"2026-06-11T11:57:15Z","confidence":null,"between":null}],"basic_category":"private_lodging","taxonomy":{"primary":"holiday_rental_home","hierarchy":["lodging","private_lodging","holiday_rental_home"],"alternates":null},"version":9}},
{"id":"9fff5de4-6021-48c6-a765-470c283c7927","type":"Feature","geometry":{"type":"Point","coordinates":[-87.37821,21.52056]},"properties":{"categories":{"primary":"hotel","alternate":["accommodation"]},"confidence":0.9550395607948303,"websites":["http://hotelmayariholbox.com/"],"emails":["reservas@hotelmayariholbox.com"],"socials":["https://www.facebook.com/100512042064752"],"phones":["+529982271023"],"brand":{"wikidata":null,"names":{"primary":null,"common":null,"rules":null}},"addresses":[{"freeform":"Calla Canane entre Paseo Kuka y Hernan Cortes","locality":"Lázaro Cárdenas","postcode":"77310","region":null,"country":"MX"}],"names":{"primary":"Mayari Hotel Holbox","common":null,"rules":null},"sources":[{"property":"","dataset":"meta","license":"CDLA-Permissive-2.0","record_id":"100512042064752","update_time":"2026-04-27T00:00:00.000Z","confidence":0.9550395607948303,"between":null},{"property":"/properties/confidence","dataset":"Overture","license":"CDLA-Permissive-2.0","record_id":null,"update_time":"2026-06-11T11:57:15Z","confidence":null,"between":null}],"basic_category":"hotel","taxonomy":{"primary":"hotel","hierarchy":["lodging","hotel"],"alternates":null},"version":9}},
{"id":"4d87dd14-3258-49d2-acfc-0f0bdc00bbbc","type":"Feature","geometry":{"type":"Point","coordinates":[-87.3782699,21.52038126]},"properties":{"categories":{"primary":"hostel","alternate":["accommodation","hotel"]},"confidence":0.9654665589332581,"websites":["https://direct-book.com/properties/goldenparadisehosteldirect"],"emails":["reservas@goldenparadise.mx"],"socials":["https://www.facebook.com/100301028438366"],"phones":["+529841368248"],"brand":{"wikidata":null,"names":{"primary":null,"common":null,"rules":null}},"addresses":[{"freeform":"C. Hernán Cortés MZ 180 LT 4, entre Canane y Lisa","locality":"Lázaro Cárdenas","postcode":"77310","region":null,"country":"MX"}],"names":{"primary":"Golden Paradise Hostel","common":null,"rules":null},"sources":[{"property":"","dataset":"meta","license":"CDLA-Permissive-2.0","record_id":"100301028438366","update_time":"2026-04-27T00:00:00.000Z","confidence":0.9654665589332581,"between":null},{"property":"/properties/confidence","dataset":"Overture","license":"CDLA-Permissive-2.0","record_id":null,"update_time":"2026-06-11T11:57:15Z","confidence":null,"between":null}],"basic_category":"lodging","taxonomy":{"primary":"hostel","hierarchy":["lodging","hostel"],"alternates":null},"version":8}},
{"id":"9a4ac6b5-1b87-4ca7-984a-ffbc9b339681","type":"Feature","geometry":{"type":"Point","coordinates":[-87.3804205,21.5203567]},"properties":{"categories":{"primary":"seafood_restaurant","alternate":["pizza_restaurant","restaurant"]},"confidence":0.9932688063383103,"websites":["http://www.elcrustaceokascarudoholbox.com/"],"emails":["elcrustaceokascarudo@gmail.com"],"socials":["https://www.facebook.com/367656496735696"],"phones":["+529841306166"],"brand":{"wikidata":null,"names":{"primary":"El Crustaceo Kascarudo holbox","common":null,"rules":null}},"addresses":[{"freeform":"77310 Centro","locality":"Lázaro Cárdenas","postcode":"77310","region":null,"country":"MX"}],"names":{"primary":"El Crustáceo Kascarudo","common":null,"rules":null},"sources":[{"property":"","dataset":"meta","license":"CDLA-Permissive-2.0","record_id":"367656496735696","update_time":"2026-04-27T00:00:00.000Z","confidence":0.9707339406013489,"between":null},{"property":"/properties/confidence","dataset":"Overture","license":"CDLA-Permissive-2.0","record_id":null,"update_time":"2026-06-11T11:57:15Z","confidence":null,"between":null}],"basic_category":"restaurant","taxonomy":{"primary":"seafood_restaurant","hierarchy":["food_and_drink","restaurant","seafood_restaurant"],"alternates":null},"version":9}},
{"id":"afad91e2-950d-4dd2-9053-1c2569e62b23","type":"Feature","geometry":{"type":"Point","coordinates":[-87.37982002,21.51999513]},"properties":{"categories":{"primary":"hotel","alternate":["lodge","accommodation"]},"confidence":0.9605994820594788,"socials":["https://www.facebook.com/390582138198183"],"phones":["+525520863505"],"brand":{"wikidata":null,"names":{"primary":null,"common":null,"rules":null}},"addresses":[{"freeform":"C. P.º Kuka s/n","locality":"Lázaro Cárdenas","postcode":"77310","region":null,"country":"MX"}],"names":{"primary":"Alcobas del Mar","common":null,"rules":null},"sources":[{"property":"","dataset":"meta","license":"CDLA-Permissive-2.0","record_id":"390582138198183","update_time":"2026-04-27T00:00:00.000Z","confidence":0.9605994820594788,"between":null},{"property":"/properties/confidence","dataset":"Overture","license":"CDLA-Permissive-2.0","record_id":null,"update_time":"2026-06-11T11:57:15Z","confidence":null,"between":null}],"basic_category":"hotel","taxonomy":{"primary":"hotel","hierarchy":["lodging","hotel"],"alternates":null},"version":10}},
{"id":"52d8b851-a51d-4a85-a790-0af33473a4f8","type":"Feature","geometry":{"type":"Point","coordinates":[-87.37503103,21.52022013]},"properties":{"categories":{"primary":"hotel","alternate":["accommodation","resort"]},"confidence":0.8676531910896301,"websites":["http://www.mayahotelresidenceholbox.com/"],"emails":["hotelmayainn@hotmail.com"],"socials":["https://www.facebook.com/156018374811944"],"phones":["+529848752005"],"brand":{"wikidata":null,"names":{"primary":null,"common":null,"rules":null}},"addresses":[{"freeform":"Calle Caleta entre Tiburon Ballena y Palomino 77310","locality":"Lázaro Cárdenas","postcode":"77310","region":null,"country":"MX"}],"names":{"primary":"Maya Hotel Residence","common":null,"rules":null},"sources":[{"property":"","dataset":"meta","license":"CDLA-Permissive-2.0","record_id":"156018374811944","update_time":"2026-04-27T00:00:00.000Z","confidence":0.8676531910896301,"between":null},{"property":"/properties/confidence","dataset":"Overture","license":"CDLA-Permissive-2.0","record_id":null,"update_time":"2026-06-11T11:57:15Z","confidence":null,"between":null}],"basic_category":"hotel","taxonomy":{"primary":"hotel","hierarchy":["lodging","hotel"],"alternates":null},"version":9}},
{"id":"3d8e7297-c449-44ee-a41c-10f9fc3dac8d","type":"Feature","geometry":{"type":"Point","coordinates":[-87.37503092,21.52029872]},"properties":{"categories":{"primary":"hotel","alternate":["accommodation","lodge"]},"confidence":0.9887263178825378,"websites":["http://www.booking.com/Share-qFrkDP"],"emails":["mayanmittoz2@gmail.com"],"socials":["https://www.facebook.com/100847272000488"],"phones":["+524771476627"],"brand":{"wikidata":null,"names":{"primary":null,"common":null,"rules":null}},"addresses":[{"freeform":"Av. Caleta Esquina","locality":"Lázaro Cárdenas","postcode":"77310","region":null,"country":"MX"}],"names":{"primary":"Mayan Mittoz","common":null,"rules":null},"sources":[{"property":"","dataset":"meta","license":"CDLA-Permissive-2.0","record_id":"100847272000488","update_time":"2026-04-27T00:00:00.000Z","confidence":0.9887263178825378,"between":null},{"property":"/properties/confidence","dataset":"Overture","license":"CDLA-Permissive-2.0","record_id":null,"update_time":"2026-06-11T11:57:15Z","confidence":null,"between":null}],"basic_category":"hotel","taxonomy":{"primary":"hotel","hierarchy":["lodging","hotel"],"alternates":null},"version":10}},
{"id":"ba468be1-5c3a-4b7c-8306-26ba19a6041a","type":"Feature","geometry":{"type":"Point","coordinates":[-87.37456923,21.5206373]},"properties":{"categories":{"primary":"tours","alternate":["sightseeing_tour_agency"]},"confidence":0.9231746196746826,"websites":["http://vipholbox.com/"],"emails":["info@vipholbox.com"],"socials":["https://www.facebook.com/156366681161022"],"phones":["+529848752107"],"brand":{"wikidata":null,"names":{"primary":null,"common":null,"rules":null}},"addresses":[{"freeform":"Calle Palomino, Av. Caleta Esq","locality":"Lázaro Cárdenas","postcode":"77310","region":null,"country":"MX"}],"names":{"primary":"VIP Holbox","common":null,"rules":null},"sources":[{"property":"","dataset":"meta","license":"CDLA-Permissive-2.0","record_id":"156366681161022","update_time":"2026-04-27T00:00:00.000Z","confidence":0.9231746196746826,"between":null},{"property":"/properties/confidence","dataset":"Overture","license":"CDLA-Permissive-2.0","record_id":null,"update_time":"2026-06-11T11:57:15Z","confidence":null,"between":null}],"basic_category":"travel_service","taxonomy":{"primary":"tour_operator","hierarchy":["travel_and_transportation","travel_service","tour_operator"],"alternates":null},"version":8}},
{"id":"b0663b08-4a93-4d22-bb31-8e6049177450","type":"Feature","geometry":{"type":"Point","coordinates":[-87.37605406,21.52097255]},"properties":{"categories":{"primary":"hostel","alternate":["accommodation","hotel"]},"confidence":0.9709623456001282,"emails":["utopiaholbox@gmail.com"],"socials":["https://www.facebook.com/100773711918478"],"phones":["+529999007856"],"brand":{"wikidata":null,"names":{"primary":null,"common":null,"rules":null}},"addresses":[{"freeform":"C. Xpil 3","locality":"Lázaro Cárdenas","postcode":"77310","region":null,"country":"MX"}],"names":{"primary":"Utopia Hostel","common":null,"rules":null},"sources":[{"property":"","dataset":"meta","license":"CDLA-Permissive-2.0","record_id":"100773711918478","update_time":"2026-04-27T00:00:00.000Z","confidence":0.9709623456001282,"between":null},{"property":"/properties/confidence","dataset":"Overture","license":"CDLA-Permissive-2.0","record_id":null,"update_time":"2026-06-11T11:57:15Z","confidence":null,"between":null}],"basic_category":"lodging","taxonomy":{"primary":"hostel","hierarchy":["lodging","hostel"],"alternates":null},"version":10}},
{"id":"afe224db-e3c9-4330-8195-f2a620d77286","type":"Feature","geometry":{"type":"Point","coordinates":[-87.37649605,21.52090647]},"properties":{"categories":{"primary":"sightseeing_tour_agency","alternate":["tours"]},"confidence":0.6665595173835754,"websites":["https://turisticacorsariosholbox.com/"],"emails":["gaunmay@hotmail.com"],"socials":["https://www.facebook.com/1420859228149666"],"phones":["+529841290331"],"brand":{"wikidata":null,"names":{"primary":null,"common":null,"rules":null}},"addresses":[{"freeform":"Calle Gonzalo Guerrero, Calle Tiburón Ballena S/N","locality":"Lázaro Cárdenas","postcode":"77310","region":null,"country":"MX"}],"names":{"primary":"Turística Corsarios Holbox - Tour 3 Islas y Excursiones","common":null,"rules":null},"sources":[{"property":"","dataset":"meta","license":"CDLA-Permissive-2.0","record_id":"1420859228149666","update_time":"2026-04-27T00:00:00.000Z","confidence":0.6665595173835754,"between":null},{"property":"/properties/confidence","dataset":"Overture","license":"CDLA-Permissive-2.0","record_id":null,"update_time":"2026-06-11T11:57:15Z","confidence":null,"between":null}],"basic_category":"travel_service","taxonomy":{"primary":"sightseeing_tour_agency","hierarchy":["travel_and_transportation","travel_service","tour_operator","sightseeing_tour_agency"],"alternates":null},"version":9}},
{"id":"fedfd01d-6bfb-4b71-b70b-0817e8dbd97c","type":"Feature","geometry":{"type":"Point","coordinates":[-87.37650739,21.52086957]},"properties":{"categories":{"primary":"telecommunications_company","alternate":["computer_store"]},"confidence":0.12204885482788086,"websites":["https://www.yomatica.com/"],"emails":["ventas@yomatica.com"],"socials":["https://www.facebook.com/1819602991655490"],"phones":["+529982130066"],"brand":{"wikidata":null,"names":{"primary":null,"common":null,"rules":null}},"addresses":[{"freeform":"77310 COLONIA CENTRO","locality":"Lázaro Cárdenas","postcode":"77310","region":null,"country":"MX"}],"names":{"primary":"Yomatica Tecnologia","common":null,"rules":null},"sources":[{"property":"","dataset":"meta","license":"CDLA-Permissive-2.0","record_id":"1819602991655490","update_time":"2026-04-27T00:00:00.000Z","confidence":0.12204885482788086,"between":null},{"property":"/properties/confidence","dataset":"Overture","license":"CDLA-Permissive-2.0","record_id":null,"update_time":"2026-06-11T11:57:15Z","confidence":null,"between":null}],"basic_category":"corporate_or_business_office","taxonomy":{"primary":"telecommunications_company","hierarchy":["services_and_business","business","telecommunications_company"],"alternates":null},"version":9}},
{"id":"227af3f1-2a73-441e-ad9b-9e8cf404124a","type":"Feature","geometry":{"type":"Point","coordinates":[-87.37671711,21.52083084]},"properties":{"categories":{"primary":"golf_cart_dealer","alternate":null},"confidence":0.8866068720817566,"emails":["rentadoralaconchita@gmail.com"],"socials":["https://www.facebook.com/109150324209941"],"phones":["+527867163820"],"brand":{"wikidata":null,"names":{"primary":null,"common":null,"rules":null}},"addresses":[{"freeform":"","locality":"Lázaro Cárdenas","postcode":"77310","region":null,"country":"MX"}],"names":{"primary":"Rentadora la Conchita","common":null,"rules":null},"sources":[{"property":"","dataset":"meta","license":"CDLA-Permissive-2.0","record_id":"109150324209941","update_time":"2026-04-27T00:00:00.000Z","confidence":0.8866068720817566,"between":null},{"property":"/properties/confidence","dataset":"Overture","license":"CDLA-Permissive-2.0","record_id":null,"update_time":"2026-06-11T11:57:15Z","confidence":null,"between":null}],"basic_category":"vehicle_dealer","taxonomy":{"primary":"golf_cart_dealer","hierarchy":["shopping","vehicle_dealer","golf_cart_dealer"],"alternates":null},"version":9}},
{"id":"87465756-8977-4044-9ebe-466f9a788a8c","type":"Feature","geometry":{"type":"Point","coordinates":[-87.37670005,21.52083405]},"properties":{"categories":{"primary":"hotel","alternate":["accommodation","lodge"]},"confidence":0.9564459919929504,"websites":["http://airbnb.com/h/departaments-mi-habitat-holbox-privados"],"emails":["mihabitatholbox@gmail.com"],"socials":["https://www.facebook.com/100445452411046"],"phones":["+529981840168"],"brand":{"wikidata":null,"names":{"primary":null,"common":null,"rules":null}},"addresses":[{"freeform":"Calle Tiburón Ballena","locality":"Lázaro Cárdenas","postcode":"77310","region":null,"country":"MX"}],"names":{"primary":"Holbox Mi Habitat","common":null,"rules":null},"sources":[{"property":"","dataset":"meta","license":"CDLA-Permissive-2.0","record_id":"100445452411046","update_time":"2026-04-27T00:00:00.000Z","confidence":0.9564459919929504,"between":null},{"property":"/properties/confidence","dataset":"Overture","license":"CDLA-Permissive-2.0","record_id":null,"update_time":"2026-06-11T11:57:15Z","confidence":null,"between":null}],"basic_category":"hotel","taxonomy":{"primary":"hotel","hierarchy":["lodging","hotel"],"alternates":null},"version":9}},
{"id":"a731e353-ad5b-44c7-a8e8-46821dbcb7b9","type":"Feature","geometry":{"type":"Point","coordinates":[-87.37672754,21.52082246]},"properties":{"categories":{"primary":"gym","alternate":["sports_club_and_league","sports_and_fitness_instruction"]},"confidence":0.5467340350151062,"socials":["https://www.facebook.com/101256555473936"],"phones":["+529982917676"],"brand":{"wikidata":null,"names":{"primary":null,"common":null,"rules":null}},"addresses":[{"freeform":"C. Gonzalo Guerrero S/N-Mz 29","locality":"Lázaro Cárdenas","postcode":"77310","region":null,"country":"MX"}],"names":{"primary":"Rever Gym Holbox","common":null,"rules":null},"sources":[{"property":"","dataset":"meta","license":"CDLA-Permissive-2.0","record_id":"101256555473936","update_time":"2026-04-27T00:00:00.000Z","confidence":0.5467340350151062,"between":null},{"property":"/properties/confidence","dataset":"Overture","license":"CDLA-Permissive-2.0","record_id":null,"update_time":"2026-06-11T11:57:15Z","confidence":null,"between":null}],"basic_category":"gym","taxonomy":{"primary":"gym","hierarchy":["sports_and_recreation","sport_or_fitness_facility","gym"],"alternates":null},"version":6}},
{"id":"a3e63be7-bc98-49ee-8fe4-987085eb0877","type":"Feature","geometry":{"type":"Point","coordinates":[-87.37658442,21.5209816]},"properties":{"categories":{"primary":"cafe","alternate":["coffee_shop"]},"confidence":0.9037972092628479,"socials":["https://www.facebook.com/328339244264080"],"phones":["+525650549767"],"brand":{"wikidata":null,"names":{"primary":null,"common":null,"rules":null}},"addresses":[{"freeform":"","locality":"Lázaro Cárdenas","postcode":"77310","region":null,"country":"MX"}],"names":{"primary":"Bambú Café Holbox","common":null,"rules":null},"sources":[{"property":"","dataset":"meta","license":"CDLA-Permissive-2.0","record_id":"328339244264080","update_time":"2026-04-27T00:00:00.000Z","confidence":0.9037972092628479,"between":null},{"property":"/properties/confidence","dataset":"Overture","license":"CDLA-Permissive-2.0","record_id":null,"update_time":"2026-06-11T11:57:15Z","confidence":null,"between":null}],"basic_category":"cafe","taxonomy":{"primary":"cafe","hierarchy":["food_and_drink","casual_eatery","cafe"],"alternates":null},"version":5}},
{"id":"b4cea186-e0bf-4c85-841b-8fcfbce3f6f5","type":"Feature","geometry":{"type":"Point","coordinates":[-87.37666889,21.5211134]},"properties":{"categories":{"primary":"restaurant","alternate":["latin_american_restaurant","diner"]},"confidence":0.44324207305908203,"emails":["lauycecy@gmail.com"],"socials":["https://www.facebook.com/102905431911235"],"phones":["+529841410142"],"brand":{"wikidata":null,"names":{"primary":null,"common":null,"rules":null}},"addresses":[{"freeform":"colindante con, Calle tiburón ballena, C. Gonzalo Guerrero esquina","locality":"Lázaro Cárdenas","postcode":"77310","region":null,"country":"MX"}],"names":{"primary":"Cocina económica EL PASO","common":null,"rules":null},"sources":[{"property":"","dataset":"meta","license":"CDLA-Permissive-2.0","record_id":"102905431911235","update_time":"2026-04-27T00:00:00.000Z","confidence":0.44324207305908203,"between":null},{"property":"/properties/confidence","dataset":"Overture","license":"CDLA-Permissive-2.0","record_id":null,"update_time":"2026-06-11T11:57:15Z","confidence":null,"between":null}],"basic_category":"restaurant","taxonomy":{"primary":"restaurant","hierarchy":["food_and_drink","restaurant"],"alternates":null},"version":3}},
{"id":"bbffb527-1e8a-463b-818d-82dea7ea0918","type":"Feature","geometry":{"type":"Point","coordinates":[-87.37696122,21.52112138]},"properties":{"categories":{"primary":"hotel","alternate":["accommodation","lodge"]},"confidence":0.8025052547454834,"websites":["https://casacoronaholbox.com/"],"emails":["casacoronaholbox@gmail.com"],"socials":["https://www.facebook.com/104523846029895"],"phones":["+529981088842"],"brand":{"wikidata":null,"names":{"primary":null,"common":null,"rules":null}},"addresses":[{"freeform":"Frente al centro de Salud, Calle Tiburón Ballena","locality":"Lázaro Cárdenas","postcode":"77310","region":null,"country":"MX"}],"names":{"primary":"Casa Corona Holbox México","common":null,"rules":null},"sources":[{"property":"","dataset":"meta","license":"CDLA-Permissive-2.0","record_id":"104523846029895","update_time":"2026-04-27T00:00:00.000Z","confidence":0.8025052547454834,"between":null},{"property":"/properties/confidence","dataset":"Overture","license":"CDLA-Permissive-2.0","record_id":null,"update_time":"2026-06-11T11:57:15Z","confidence":null,"between":null}],"basic_category":"hotel","taxonomy":{"primary":"hotel","hierarchy":["lodging","hotel"],"alternates":null},"version":10}},
{"id":"442eb303-cce4-4cda-9cae-63e6ea06e32b","type":"Feature","geometry":{"type":"Point","coordinates":[-87.37692299,21.52131022]},"properties":{"categories":{"primary":"medical_center","alternate":["hospital","health_and_medical"]},"confidence":0.5832706689834595,"socials":["https://www.facebook.com/168212066893854"],"brand":{"wikidata":null,"names":{"primary":null,"common":null,"rules":null}},"addresses":[{"freeform":"Calle Tiburón Ballena Sn","locality":"Lázaro Cárdenas","postcode":"77310","region":null,"country":"MX"}],"names":{"primary":"Centro De Salud","common":null,"rules":null},"sources":[{"property":"","dataset":"meta","license":"CDLA-Permissive-2.0","record_id":"168212066893854","update_time":"2026-04-27T00:00:00.000Z","confidence":0.5832706689834595,"between":null},{"property":"/properties/confidence","dataset":"Overture","license":"CDLA-Permissive-2.0","record_id":null,"update_time":"2026-06-11T11:57:15Z","confidence":null,"between":null}],"basic_category":"outpatient_care_facility","taxonomy":{"primary":"outpatient_care_facility","hierarchy":["health_care","outpatient_care_facility"],"alternates":null},"version":8}},
{"id":"1372b71e-8cc7-4f0d-839e-88444fa6c87d","type":"Feature","geometry":{"type":"Point","coordinates":[-87.37756559944556,21.521495848960477]},"properties":{"categories":{"primary":"campground","alternate":["rv_park"]},"confidence":0.7260094285011292,"socials":["https://www.facebook.com/165163914141026"],"brand":{"wikidata":null,"names":{"primary":null,"common":null,"rules":null}},"addresses":[{"freeform":"Calle Tiburon Ballena","locality":"Lázaro Cárdenas","postcode":"","region":null,"country":"MX"}],"names":{"primary":"Camping Coconut","common":null,"rules":null},"sources":[{"property":"","dataset":"meta","license":"CDLA-Permissive-2.0","record_id":"165163914141026","update_time":"2026-04-27T00:00:00.000Z","confidence":0.7260094285011292,"between":null},{"property":"/properties/confidence","dataset":"Overture","license":"CDLA-Permissive-2.0","record_id":null,"update_time":"2026-06-11T11:57:15Z","confidence":null,"between":null}],"basic_category":"campground","taxonomy":{"primary":"campground","hierarchy":["lodging","campground"],"alternates":null},"version":9}},
{"id":"b0c4144d-7cee-420f-a789-f88e7075e9c8","type":"Feature","geometry":{"type":"Point","coordinates":[-87.37743547,21.52147777]},"properties":{"categories":{"primary":"hotel","alternate":["cabin","accommodation"]},"confidence":0.982200026512146,"websites":["http://oolhotels.com/"],"emails":["reservations@oolhotels.com"],"socials":["https://www.facebook.com/1888361504745251"],"phones":["+529843122229"],"brand":{"wikidata":null,"names":{"primary":"Coconut by ÓOL Hotels","common":null,"rules":null}},"addresses":[{"freeform":"Av. Tiburon Ballena y Hernan Cortes","locality":"Lázaro Cárdenas","postcode":"77310","region":null,"country":"MX"}],"names":{"primary":"Coconut by ÓOL Hotels","common":null,"rules":null},"sources":[{"property":"","dataset":"meta","license":"CDLA-Permissive-2.0","record_id":"1888361504745251","update_time":"2026-04-27T00:00:00.000Z","confidence":0.982200026512146,"between":null},{"property":"/properties/confidence","dataset":"Overture","license":"CDLA-Permissive-2.0","record_id":null,"update_time":"2026-06-11T11:57:15Z","confidence":null,"between":null}],"basic_category":"hotel","taxonomy":{"primary":"hotel","hierarchy":["lodging","hotel"],"alternates":null},"version":11}},
{"id":"4620f9fd-1649-4df8-bd79-e53e155990f7","type":"Feature","geometry":{"type":"Point","coordinates":[-87.37646083,21.52112458]},"properties":{"categories":{"primary":"hotel","alternate":["lodge","accommodation"]},"confidence":0.8432089686393738,"websites":["http://www.expedia.mx/Isla-Holbox-Hoteles-Casa-Frida-Holbox.h10977103.Informacion-Hotel?rfrr=Redirect.From.www.expedia.com%2FIsla-Holbox-Hotels-Casa-Frida-Holbox.h10977103.Hotel-Information"],"emails":["lolitaholbox@gmail.com"],"socials":["https://www.facebook.com/1602605503342288"],"phones":["+525525239368"],"brand":{"wikidata":null,"names":{"primary":null,"common":null,"rules":null}},"addresses":[{"freeform":"Colonia, Calle Gonzalez Guerrero s/n","locality":"Lázaro Cárdenas","postcode":"77310","region":null,"country":"MX"}],"names":{"primary":"Casa Frida Holbox","common":null,"rules":null},"sources":[{"property":"","dataset":"meta","license":"CDLA-Permissive-2.0","record_id":"1602605503342288","update_time":"2026-04-27T00:00:00.000Z","confidence":0.8432089686393738,"between":null},{"property":"/properties/confidence","dataset":"Overture","license":"CDLA-Permissive-2.0","record_id":null,"update_time":"2026-06-11T11:57:15Z","confidence":null,"between":null}],"basic_category":"hotel","taxonomy":{"primary":"hotel","hierarchy":["lodging","hotel"],"alternates":null},"version":9}},
{"id":"88117782-dd6a-47cc-bbfd-c0573c7a2edd","type":"Feature","geometry":{"type":"Point","coordinates":[-87.37403648131364,21.52157173587186]},"properties":{"categories":{"primary":"hotel","alternate":["mexican_restaurant"]},"confidence":0.7751049995422363,"socials":["https://www.facebook.com/100351481877403"],"brand":{"wikidata":null,"names":{"primary":null,"common":null,"rules":null}},"addresses":[{"freeform":"","locality":null,"postcode":"77310","region":null,"country":"MX"}],"names":{"primary":"Hotel Corazón Mexicano","common":null,"rules":null},"sources":[{"property":"","dataset":"meta","license":"CDLA-Permissive-2.0","record_id":"100351481877403","update_time":"2026-04-27T00:00:00.000Z","confidence":0.7751049995422363,"between":null},{"property":"/properties/confidence","dataset":"Overture","license":"CDLA-Permissive-2.0","record_id":null,"update_time":"2026-06-11T11:57:15Z","confidence":null,"between":null}],"basic_category":"hotel","taxonomy":{"primary":"hotel","hierarchy":["lodging","hotel"],"alternates":null},"version":9}},
{"id":"4d4da259-a6c1-4f3f-ab64-69e25fcd76bf","type":"Feature","geometry":{"type":"Point","coordinates":[-87.37416954,21.52156879]},"properties":{"categories":{"primary":"hotel","alternate":["accommodation","lodge"]},"confidence":0.41493356227874756,"emails":["elcorazonmexicano@gmail.com"],"socials":["https://www.facebook.com/333019623227231"],"phones":["+529988301864"],"brand":{"wikidata":null,"names":{"primary":null,"common":null,"rules":null}},"addresses":[{"freeform":"Av. Caleta","locality":"Lázaro Cárdenas","postcode":"77310","region":null,"country":"MX"}],"names":{"primary":"El Corazón Mexicano Holbox","common":null,"rules":null},"sources":[{"property":"","dataset":"meta","license":"CDLA-Permissive-2.0","record_id":"333019623227231","update_time":"2026-04-27T00:00:00.000Z","confidence":0.41493356227874756,"between":null},{"property":"/properties/confidence","dataset":"Overture","license":"CDLA-Permissive-2.0","record_id":null,"update_time":"2026-06-11T11:57:15Z","confidence":null,"between":null}],"basic_category":"hotel","taxonomy":{"primary":"hotel","hierarchy":["lodging","hotel"],"alternates":null},"version":10}},
{"id":"198a6b0a-4173-4a4a-b8cd-dc6d1d70ccd4","type":"Feature","geometry":{"type":"Point","coordinates":[-87.3749192,21.5215087]},"properties":{"categories":{"primary":"hostel","alternate":["bar","accommodation"]},"confidence":0.988784670829773,"websites":["http://www.hostelche.com.mx/"],"emails":["cheholbox@hostelche.com.mx"],"socials":["https://www.facebook.com/2034226243481060"],"phones":["+529841836501"],"brand":{"wikidata":null,"names":{"primary":"Che Hostels & Bar","common":null,"rules":null}},"addresses":[{"freeform":"Avenida Carito Xcaret","locality":"Lázaro Cárdenas","postcode":"77310","region":null,"country":"MX"}],"names":{"primary":"Che Holbox Hostel & Bar","common":null,"rules":null},"sources":[{"property":"","dataset":"meta","license":"CDLA-Permissive-2.0","record_id":"2034226243481060","update_time":"2026-04-27T00:00:00.000Z","confidence":0.988784670829773,"between":null},{"property":"/properties/confidence","dataset":"Overture","license":"CDLA-Permissive-2.0","record_id":null,"update_time":"2026-06-11T11:57:15Z","confidence":null,"between":null}],"basic_category":"lodging","taxonomy":{"primary":"hostel","hierarchy":["lodging","hostel"],"alternates":null},"version":10}},
{"id":"98744103-a604-4afa-9eb8-07039dc354c0","type":"Feature","geometry":{"type":"Point","coordinates":[-87.37618421,21.52178901]},"properties":{"categories":{"primary":"lodge","alternate":["accommodation","hotel"]},"confidence":0.7894144058227539,"websites":["http://www.casachujukholbox.com/"],"emails":["info@casachujukholbox.com"],"socials":["https://www.facebook.com/112571370498732"],"phones":["+529842082959"],"brand":{"wikidata":null,"names":{"primary":null,"common":null,"rules":null}},"addresses":[{"freeform":"Calle Palomino entre Gonzalo Guerrero, C. Hernán Cortés y","locality":"Lázaro Cárdenas","postcode":"77310","region":null,"country":"MX"}],"names":{"primary":"Casa Chujuk","common":null,"rules":null},"sources":[{"property":"","dataset":"meta","license":"CDLA-Permissive-2.0","record_id":"112571370498732","update_time":"2026-04-27T00:00:00.000Z","confidence":0.7894144058227539,"between":null},{"property":"/properties/confidence","dataset":"Overture","license":"CDLA-Permissive-2.0","record_id":null,"update_time":"2026-06-11T11:57:15Z","confidence":null,"between":null}],"basic_category":"lodging","taxonomy":{"primary":"lodge","hierarchy":["lodging","lodge"],"alternates":null},"version":9}},
{"id":"b2175467-014f-47bf-b22e-9d37bce664ae","type":"Feature","geometry":{"type":"Point","coordinates":[-87.37754,21.52183]},"properties":{"categories":{"primary":"restaurant","alternate":null},"confidence":0.305119127035141,"emails":["madrefuegobar@gmail.com"],"socials":["https://www.facebook.com/788466511027718"],"brand":{"wikidata":null,"names":{"primary":null,"common":null,"rules":null}},"addresses":[{"freeform":"Avenida Tiburón Ballena con Calle Damero ","locality":"Lázaro Cárdenas","postcode":"77310","region":null,"country":"MX"}],"names":{"primary":"Pampa Holbox","common":null,"rules":null},"sources":[{"property":"","dataset":"meta","license":"CDLA-Permissive-2.0","record_id":"788466511027718","update_time":"2026-04-27T00:00:00.000Z","confidence":0.305119127035141,"between":null},{"property":"/properties/confidence","dataset":"Overture","license":"CDLA-Permissive-2.0","record_id":null,"update_time":"2026-06-11T11:57:15Z","confidence":null,"between":null}],"basic_category":"restaurant","taxonomy":{"primary":"restaurant","hierarchy":["food_and_drink","restaurant"],"alternates":null},"version":2}},
{"id":"701af3aa-522e-4e84-a231-eaaa5113ab5b","type":"Feature","geometry":{"type":"Point","coordinates":[-87.37684749,21.52194789]},"properties":{"categories":{"primary":"hotel","alternate":["accommodation","motel"]},"confidence":0.8854100108146667,"websites":["http://www.marvinsuitesholbox.com/"],"emails":["info@marvinsuitesholbox.com"],"socials":["https://www.facebook.com/230464310701283"],"phones":["+529842383543"],"brand":{"wikidata":null,"names":{"primary":null,"common":null,"rules":null}},"addresses":[{"freeform":"C. Hernán Cortés","locality":"Lázaro Cárdenas","postcode":"77310","region":null,"country":"MX"}],"names":{"primary":"Marvin Suites","common":null,"rules":null},"sources":[{"property":"","dataset":"meta","license":"CDLA-Permissive-2.0","record_id":"230464310701283","update_time":"2026-04-27T00:00:00.000Z","confidence":0.8854100108146667,"between":null},{"property":"/properties/confidence","dataset":"Overture","license":"CDLA-Permissive-2.0","record_id":null,"update_time":"2026-06-11T11:57:15Z","confidence":null,"between":null}],"basic_category":"hotel","taxonomy":{"primary":"hotel","hierarchy":["lodging","hotel"],"alternates":null},"version":9}},
{"id":"c46391c3-83d6-4f4b-9b49-453172af8a02","type":"Feature","geometry":{"type":"Point","coordinates":[-87.37717029,21.52204665]},"properties":{"categories":{"primary":"hotel","alternate":["accommodation","lodge"]},"confidence":0.9965455341339111,"websites":["https://linktr.ee/casabarbaraholbox"],"emails":["reservas@hotelcasabarbara.mx"],"socials":["https://www.facebook.com/182919275231073"],"phones":["+529841288680"],"brand":{"wikidata":null,"names":{"primary":null,"common":null,"rules":null}},"addresses":[{"freeform":"Calle Tiburón Ballena S/N","locality":"Lázaro Cárdenas","postcode":"77310","region":null,"country":"MX"}],"names":{"primary":"Hotel Casa Bárbara Holbox","common":null,"rules":null},"sources":[{"property":"","dataset":"meta","license":"CDLA-Permissive-2.0","record_id":"182919275231073","update_time":"2026-04-27T00:00:00.000Z","confidence":0.984980583190918,"between":null},{"property":"/properties/confidence","dataset":"Overture","license":"CDLA-Permissive-2.0","record_id":null,"update_time":"2026-06-11T11:57:15Z","confidence":null,"between":null}],"basic_category":"hotel","taxonomy":{"primary":"hotel","hierarchy":["lodging","hotel"],"alternates":null},"version":11}},
{"id":"8f1ca1ca-ce92-4f27-9e8e-aa8f0ed5a9e1","type":"Feature","geometry":{"type":"Point","coordinates":[-87.3778537,21.5221216]},"properties":{"categories":{"primary":"sandwich_shop","alternate":["fast_food_restaurant","wrap_restaurant"]},"confidence":0.8,"websites":["https://restaurantes.subway.com/subway-palomino-y-av-tiburon-ballena-holbox-qn"],"brand":{"wikidata":"Q244457","names":{"primary":"Subway","common":null,"rules":[]}},"addresses":[{"freeform":"Calle Damero Sn Zona, 1","locality":"Holbox","postcode":"77310","region":"Quintana Roo","country":"MX"}],"names":{"primary":"Subway","common":null,"rules":[]},"sources":[{"property":"","dataset":"AllThePlaces","license":"CC0-1.0","record_id":"RyUCTfcCBvMEght4jWObz-jM5As=","update_time":"2026-06-02T15:18:54.000Z","confidence":0.8,"between":null},{"property":"/properties/confidence","dataset":"Overture","license":"CDLA-Permissive-2.0","record_id":null,"update_time":"2026-06-11T11:57:15Z","confidence":null,"between":null}],"basic_category":"casual_eatery","taxonomy":{"primary":"sandwich_shop","hierarchy":["food_and_drink","casual_eatery","sandwich_shop"],"alternates":null},"version":2}},
{"id":"45420ee2-1cc1-4e99-8a5f-1a0994a8877b","type":"Feature","geometry":{"type":"Point","coordinates":[-87.37785472,21.52212381]},"properties":{"categories":{"primary":"community_services_non_profits","alternate":null},"confidence":0.5808218717575073,"websites":["http://www.asociacionhotelesholbox.com/"],"emails":["info@asociacionhotelesholbox.com"],"socials":["https://www.facebook.com/412052805501419"],"phones":["+529841431699"],"brand":{"wikidata":null,"names":{"primary":null,"common":null,"rules":null}},"addresses":[{"freeform":"Calle Tiburón Ballena entre Paseo Kuka y Calle Hernán Cortés","locality":"Lázaro Cárdenas","postcode":"77310","region":null,"country":"MX"}],"names":{"primary":"Asociación de Hoteles de Holbox","common":null,"rules":null},"sources":[{"property":"","dataset":"meta","license":"CDLA-Permissive-2.0","record_id":"412052805501419","update_time":"2026-04-27T00:00:00.000Z","confidence":0.5808218717575073,"between":null},{"property":"/properties/confidence","dataset":"Overture","license":"CDLA-Permissive-2.0","record_id":null,"update_time":"2026-06-11T11:57:15Z","confidence":null,"between":null}],"basic_category":"social_or_community_service","taxonomy":{"primary":"social_or_community_service","hierarchy":["community_and_government","social_or_community_service"],"alternates":null},"version":9}},
{"id":"97e60fb2-cdd5-40c6-b738-4b0eabe24b86","type":"Feature","geometry":{"type":"Point","coordinates":[-87.37766,21.5221436]},"properties":{"confidence":0.9407126575708389,"websites":["https://www.instagram.com/uhlalaholboxspa/"],"phones":["9841867746"],"addresses":[{"freeform":"Paseo kuka y tiburón ballena, Plaza kuka","locality":"Lázaro Cárdenas","postcode":"77310","region":"","country":"MX"}],"names":{"primary":"Nails Uh lalá Holbox Spa","common":null,"rules":null},"sources":[{"property":"","dataset":"Microsoft","license":"CDLA-Permissive-2.0","record_id":"2251799821679654","update_time":"2025-09-11T01:05:59.340Z","confidence":0.85,"between":null},{"property":"/properties/confidence","dataset":"Overture","license":"CDLA-Permissive-2.0","record_id":null,"update_time":"2026-06-11T11:57:15Z","confidence":null,"between":null}],"version":9}},
{"id":"bd0b3f32-f044-4f8d-8baa-e76faa95b749","type":"Feature","geometry":{"type":"Point","coordinates":[-87.37764552,21.52216842]},"properties":{"categories":{"primary":"barber","alternate":["hair_salon","beauty_salon"]},"confidence":0.7592676281929016,"emails":["alanthebarbervip@icloud.com"],"socials":["https://www.facebook.com/717330115108984"],"phones":["+529844518086"],"brand":{"wikidata":null,"names":{"primary":null,"common":null,"rules":null}},"addresses":[{"freeform":"Paseo Kuka, Calle Tiburón Ballena esquina","locality":"Lázaro Cárdenas","postcode":"77310","region":null,"country":"MX"}],"names":{"primary":"VIP Barber Studio","common":null,"rules":null},"sources":[{"property":"","dataset":"meta","license":"CDLA-Permissive-2.0","record_id":"717330115108984","update_time":"2026-04-27T00:00:00.000Z","confidence":0.7592676281929016,"between":null},{"property":"/properties/confidence","dataset":"Overture","license":"CDLA-Permissive-2.0","record_id":null,"update_time":"2026-06-11T11:57:15Z","confidence":null,"between":null}],"basic_category":"personal_or_beauty_service","taxonomy":{"primary":"barber","hierarchy":["lifestyle_services","personal_or_beauty_service","barber"],"alternates":null},"version":9}},
{"id":"4925b295-f350-43b8-8f68-6c40e44181fe","type":"Feature","geometry":{"type":"Point","coordinates":[-87.377899289131,21.522153880443]},"properties":{"categories":{"primary":"hotel","alternate":["restaurant"]},"confidence":0.7128745317459106,"socials":["https://www.facebook.com/107714211908596"],"brand":{"wikidata":null,"names":{"primary":null,"common":null,"rules":null}},"addresses":[{"freeform":null,"locality":"Lázaro Cárdenas","postcode":null,"region":null,"country":"MX"}],"names":{"primary":"Beach Club Escape Holbox","common":null,"rules":null},"sources":[{"property":"","dataset":"meta","license":"CDLA-Permissive-2.0","record_id":"107714211908596","update_time":"2026-04-27T00:00:00.000Z","confidence":0.7128745317459106,"between":null},{"property":"/properties/confidence","dataset":"Overture","license":"CDLA-Permissive-2.0","record_id":null,"update_time":"2026-06-11T11:57:15Z","confidence":null,"between":null}],"basic_category":"hotel","taxonomy":{"primary":"hotel","hierarchy":["lodging","hotel"],"alternates":null},"version":1}},
{"id":"e6ebd5f3-872f-408b-8e58-899febc16ac0","type":"Feature","geometry":{"type":"Point","coordinates":[-87.3779151,21.5221456]},"properties":{"categories":{"primary":"restaurant","alternate":null},"confidence":0.6555054187774658,"websites":["http://kuholbox.com/"],"emails":["kuholbox@gmail.com"],"socials":["https://www.facebook.com/100220446291649"],"phones":["+529987394362"],"brand":{"wikidata":null,"names":{"primary":null,"common":null,"rules":null}},"addresses":[{"freeform":"Calle Tiburón Ballena, P Carey, esquina","locality":"Lázaro Cárdenas","postcode":"77310","region":null,"country":"MX"}],"names":{"primary":"K'U' Holbox Restaurante","common":null,"rules":null},"sources":[{"property":"","dataset":"meta","license":"CDLA-Permissive-2.0","record_id":"100220446291649","update_time":"2026-04-27T00:00:00.000Z","confidence":0.6555054187774658,"between":null},{"property":"/properties/confidence","dataset":"Overture","license":"CDLA-Permissive-2.0","record_id":null,"update_time":"2026-06-11T11:57:15Z","confidence":null,"between":null}],"basic_category":"restaurant","taxonomy":{"primary":"restaurant","hierarchy":["food_and_drink","restaurant"],"alternates":null},"version":8}},
{"id":"475682a6-50e4-449b-ab02-e571032984ce","type":"Feature","geometry":{"type":"Point","coordinates":[-87.3779151,21.5221456]},"properties":{"categories":{"primary":"restaurant","alternate":null},"confidence":0.7952130436897278,"emails":["mittozventas@gmail.com"],"socials":["https://www.facebook.com/131859960014708"],"phones":["+524777040664"],"brand":{"wikidata":null,"names":{"primary":null,"common":null,"rules":null}},"addresses":[{"freeform":"Tiburón Ballena esq Coldwell","locality":"Lázaro Cárdenas","postcode":"77310","region":null,"country":"MX"}],"names":{"primary":"Bocamar Holbox","common":null,"rules":null},"sources":[{"property":"","dataset":"meta","license":"CDLA-Permissive-2.0","record_id":"131859960014708","update_time":"2026-04-27T00:00:00.000Z","confidence":0.7952130436897278,"between":null},{"property":"/properties/confidence","dataset":"Overture","license":"CDLA-Permissive-2.0","record_id":null,"update_time":"2026-06-11T11:57:15Z","confidence":null,"between":null}],"basic_category":"restaurant","taxonomy":{"primary":"restaurant","hierarchy":["food_and_drink","restaurant"],"alternates":null},"version":8}},
{"id":"5f90ad85-0ffb-4cef-b0b8-724091debdf6","type":"Feature","geometry":{"type":"Point","coordinates":[-87.37814,21.522076436102]},"properties":{"categories":{"primary":"ice_cream_shop","alternate":null},"confidence":0.5793358683586121,"socials":["https://www.facebook.com/103793595901188"],"brand":{"wikidata":null,"names":{"primary":null,"common":null,"rules":null}},"addresses":[{"freeform":"Tiburón Ballena ","locality":"Lázaro Cárdenas","postcode":"77310","region":null,"country":"MX"}],"names":{"primary":"Gelato Guru - Holbox ","common":null,"rules":null},"sources":[{"property":"","dataset":"meta","license":"CDLA-Permissive-2.0","record_id":"103793595901188","update_time":"2026-04-27T00:00:00.000Z","confidence":0.5793358683586121,"between":null},{"property":"/properties/confidence","dataset":"Overture","license":"CDLA-Permissive-2.0","record_id":null,"update_time":"2026-06-11T11:57:15Z","confidence":null,"between":null}],"basic_category":"casual_eatery","taxonomy":{"primary":"ice_cream_shop","hierarchy":["food_and_drink","casual_eatery","dessert_shop","ice_cream_shop"],"alternates":null},"version":9}},
{"id":"2adf127f-fd04-49e1-9f74-26019e2ac06f","type":"Feature","geometry":{"type":"Point","coordinates":[-87.37797457794231,21.522105430957282]},"properties":{"categories":{"primary":"hotel","alternate":["motel","accommodation"]},"confidence":0.974452555179596,"websites":["http://balamholbox.com/"],"emails":["reservas@mayabholbox.com"],"socials":["https://www.facebook.com/102254375459846"],"phones":["+529842564400"],"brand":{"wikidata":null,"names":{"primary":null,"common":null,"rules":null}},"addresses":[{"freeform":"\"Calle Tiburón Ballena, 77310 Isla Holbox, Mexico\"","locality":"Lázaro Cárdenas","postcode":"77310","region":null,"country":"MX"}],"names":{"primary":"MAYAB Holbox","common":null,"rules":null},"sources":[{"property":"","dataset":"meta","license":"CDLA-Permissive-2.0","record_id":"102254375459846","update_time":"2026-04-27T00:00:00.000Z","confidence":0.974452555179596,"between":null},{"property":"/properties/confidence","dataset":"Overture","license":"CDLA-Permissive-2.0","record_id":null,"update_time":"2026-06-11T11:57:15Z","confidence":null,"between":null}],"basic_category":"hotel","taxonomy":{"primary":"hotel","hierarchy":["lodging","hotel"],"alternates":null},"version":10}},
{"id":"9d7176f7-845a-4cd2-a0fb-9827b0fa2c53","type":"Feature","geometry":{"type":"Point","coordinates":[-87.377957606522,21.522072232501]},"properties":{"categories":{"primary":"dentist","alternate":null},"confidence":0.26699599623680115,"emails":["wilberthrain@gmail.com"],"socials":["https://www.facebook.com/390234644857997"],"phones":["+529871385846"],"brand":{"wikidata":null,"names":{"primary":null,"common":null,"rules":null}},"addresses":[{"freeform":null,"locality":"Lázaro Cárdenas","postcode":null,"region":null,"country":"MX"}],"names":{"primary":"Dr. Wilberth May - Odontología Integral","common":null,"rules":null},"sources":[{"property":"","dataset":"meta","license":"CDLA-Permissive-2.0","record_id":"390234644857997","update_time":"2026-04-27T00:00:00.000Z","confidence":0.26699599623680115,"between":null},{"property":"/properties/confidence","dataset":"Overture","license":"CDLA-Permissive-2.0","record_id":null,"update_time":"2026-06-11T11:57:15Z","confidence":null,"between":null}],"basic_category":"dental_clinic","taxonomy":{"primary":"dental_clinic","hierarchy":["health_care","outpatient_care_facility","dental_clinic"],"alternates":null},"version":5}},
{"id":"25ba2eee-a77f-4d65-af7a-2832d3e6db13","type":"Feature","geometry":{"type":"Point","coordinates":[-87.37873195,21.52218342]},"properties":{"categories":{"primary":"hotel","alternate":["accommodation","lodge"]},"confidence":0.9006608128547668,"socials":["https://www.facebook.com/2302298049809445"],"phones":["+529981869319"],"brand":{"wikidata":null,"names":{"primary":null,"common":null,"rules":null}},"addresses":[{"freeform":"Calle Gerónimo de Aguilar entre Esmedregal y Tiburon Ballena Entre Esmedregal y Tiburon Ballena","locality":"Lázaro Cárdenas","postcode":"77310","region":null,"country":"MX"}],"names":{"primary":"Hotel La Casa del Capi","common":null,"rules":null},"sources":[{"property":"","dataset":"meta","license":"CDLA-Permissive-2.0","record_id":"2302298049809445","update_time":"2026-04-27T00:00:00.000Z","confidence":0.9006608128547668,"between":null},{"property":"/properties/confidence","dataset":"Overture","license":"CDLA-Permissive-2.0","record_id":null,"update_time":"2026-06-11T11:57:15Z","confidence":null,"between":null}],"basic_category":"hotel","taxonomy":{"primary":"hotel","hierarchy":["lodging","hotel"],"alternates":null},"version":10}},
{"id":"902ddce8-7b67-4a6c-be52-ad39ef1407f4","type":"Feature","geometry":{"type":"Point","coordinates":[-87.37900834,21.52220623]},"properties":{"categories":{"primary":"mexican_restaurant","alternate":["latin_american_restaurant","restaurant"]},"confidence":0.5432824492454529,"socials":["https://www.facebook.com/428705937167934"],"phones":["+529848765522"],"brand":{"wikidata":null,"names":{"primary":null,"common":null,"rules":null}},"addresses":[{"freeform":"CALLE MORELOS","locality":"Lázaro Cárdenas","postcode":"77310","region":null,"country":"MX"}],"names":{"primary":"Antojitos La Sirenita","common":null,"rules":null},"sources":[{"property":"","dataset":"meta","license":"CDLA-Permissive-2.0","record_id":"428705937167934","update_time":"2026-04-27T00:00:00.000Z","confidence":0.5432824492454529,"between":null},{"property":"/properties/confidence","dataset":"Overture","license":"CDLA-Permissive-2.0","record_id":null,"update_time":"2026-06-11T11:57:15Z","confidence":null,"between":null}],"basic_category":"restaurant","taxonomy":{"primary":"mexican_restaurant","hierarchy":["food_and_drink","restaurant","latin_american_restaurant","mexican_restaurant"],"alternates":null},"version":8}},
{"id":"538fed48-5fbc-4ea5-ac7f-6dd082ad1489","type":"Feature","geometry":{"type":"Point","coordinates":[-87.378915,21.52218]},"properties":{"categories":{"primary":"cosmetic_and_beauty_supplies","alternate":["hair_supply_stores"]},"confidence":0.9189771413803101,"websites":["https://paradiseshop.mx/"],"emails":["paradisesuc.holbox@gmail.com"],"socials":["https://www.facebook.com/110628266977130"],"phones":["+527775545712"],"brand":{"wikidata":null,"names":{"primary":"Boutique Flame București","common":null,"rules":null}},"addresses":[{"freeform":"Calle Gerónimo de Aguilar s/n, Isla Holbox 77310, Lázaro Cárdenas, Quintana Roo.","locality":"Lázaro Cárdenas","postcode":"77310","region":null,"country":"MX"}],"names":{"primary":"Paradise Holbox-Mexico.","common":null,"rules":null},"sources":[{"property":"","dataset":"meta","license":"CDLA-Permissive-2.0","record_id":"110628266977130","update_time":"2026-04-27T00:00:00.000Z","confidence":0.9189771413803101,"between":null},{"property":"/properties/confidence","dataset":"Overture","license":"CDLA-Permissive-2.0","record_id":null,"update_time":"2026-06-11T11:57:15Z","confidence":null,"between":null}],"basic_category":"personal_care_and_beauty_store","taxonomy":{"primary":"beauty_supply_store","hierarchy":["shopping","specialty_store","personal_care_and_beauty_store","beauty_supply_store"],"alternates":null},"version":9}},
{"id":"bdcd4cce-c360-436d-a52f-d49eccf2431b","type":"Feature","geometry":{"type":"Point","coordinates":[-87.37985232,21.52189817]},"properties":{"categories":{"primary":"island","alternate":["landmark_and_historical_building"]},"confidence":0.53175950050354,"socials":["https://www.facebook.com/151531611692833"],"phones":["+529841087514"],"brand":{"wikidata":null,"names":{"primary":null,"common":null,"rules":null}},"addresses":[{"freeform":"C. Canane s/n","locality":"Lázaro Cárdenas","postcode":"77310","region":null,"country":"MX"}],"names":{"primary":"Holbox","common":null,"rules":null},"sources":[{"property":"","dataset":"meta","license":"CDLA-Permissive-2.0","record_id":"151531611692833","update_time":"2026-04-27T00:00:00.000Z","confidence":0.53175950050354,"between":null},{"property":"/properties/confidence","dataset":"Overture","license":"CDLA-Permissive-2.0","record_id":null,"update_time":"2026-06-11T11:57:15Z","confidence":null,"between":null}],"basic_category":"island","taxonomy":{"primary":"island","hierarchy":["geographic_entities","land_feature","island"],"alternates":null},"version":5}},
{"id":"c30f5e86-f61a-4197-83f0-9e9992d5a8b9","type":"Feature","geometry":{"type":"Point","coordinates":[-87.37944021821,21.521675270388]},"properties":{"categories":{"primary":"car_rental_agency","alternate":null},"confidence":0.2243012934923172,"socials":["https://www.facebook.com/675588015644222"],"brand":{"wikidata":null,"names":{"primary":null,"common":null,"rules":null}},"addresses":[{"freeform":"Calle Gerónimo de Aguilar entre canane y esmedregal","locality":"Lázaro Cárdenas","postcode":" 77310","region":null,"country":"MX"}],"names":{"primary":"Moguel Rentadora ","common":null,"rules":null},"sources":[{"property":"","dataset":"meta","license":"CDLA-Permissive-2.0","record_id":"675588015644222","update_time":"2026-04-27T00:00:00.000Z","confidence":0.2243012934923172,"between":null},{"property":"/properties/confidence","dataset":"Overture","license":"CDLA-Permissive-2.0","record_id":null,"update_time":"2026-06-11T11:57:15Z","confidence":null,"between":null}],"basic_category":"rental_service","taxonomy":{"primary":"car_rental_service","hierarchy":["services_and_business","real_estate","real_estate_service","rental_service","vehicle_rental_service","car_rental_service"],"alternates":null},"version":2}},
{"id":"11579d58-3097-4080-8314-fb1845e9fae0","type":"Feature","geometry":{"type":"Point","coordinates":[-87.37845418,21.52180849]},"properties":{"categories":{"primary":"sports_bar","alternate":["bar_and_grill_restaurant","bar"]},"confidence":0.9119145274162292,"socials":["https://www.facebook.com/123535636583293"],"phones":["+529843092418"],"brand":{"wikidata":null,"names":{"primary":null,"common":null,"rules":null}},"addresses":[{"freeform":"C. Esmedregal","locality":"Lázaro Cárdenas","postcode":"77310","region":null,"country":"MX"}],"names":{"primary":"Veintidos","common":null,"rules":null},"sources":[{"property":"","dataset":"meta","license":"CDLA-Permissive-2.0","record_id":"123535636583293","update_time":"2026-04-27T00:00:00.000Z","confidence":0.9119145274162292,"between":null},{"property":"/properties/confidence","dataset":"Overture","license":"CDLA-Permissive-2.0","record_id":null,"update_time":"2026-06-11T11:57:15Z","confidence":null,"between":null}],"basic_category":"bar","taxonomy":{"primary":"sports_bar","hierarchy":["food_and_drink","alcoholic_beverage_venue","bar","sports_bar"],"alternates":null},"version":10}},
{"id":"2ef85fe7-7ef7-4bc1-a29d-749eef544274","type":"Feature","geometry":{"type":"Point","coordinates":[-87.37841234,21.52157389]},"properties":{"categories":{"primary":"hotel","alternate":["boutique","accommodation"]},"confidence":0.960548996925354,"emails":["hotel-kai@outlook.com"],"socials":["https://www.facebook.com/214736325801625"],"phones":["+529871416583"],"brand":{"wikidata":null,"names":{"primary":null,"common":null,"rules":null}},"addresses":[{"freeform":"C. P.º Kuka entre Calle Esmedregal","locality":"Lázaro Cárdenas","postcode":"77310","region":null,"country":"MX"}],"names":{"primary":"Kai Hotel Boutique","common":null,"rules":null},"sources":[{"property":"","dataset":"meta","license":"CDLA-Permissive-2.0","record_id":"214736325801625","update_time":"2026-04-27T00:00:00.000Z","confidence":0.960548996925354,"between":null},{"property":"/properties/confidence","dataset":"Overture","license":"CDLA-Permissive-2.0","record_id":null,"update_time":"2026-06-11T11:57:15Z","confidence":null,"between":null}],"basic_category":"hotel","taxonomy":{"primary":"hotel","hierarchy":["lodging","hotel"],"alternates":null},"version":10}},
{"id":"9f274453-1584-4f7b-80f0-2f7c6bb27e4f","type":"Feature","geometry":{"type":"Point","coordinates":[-87.3781901,21.52134052]},"properties":{"categories":{"primary":"hotel","alternate":["accommodation"]},"confidence":0.647153913974762,"websites":["https://abnb.me/NZ80SQc0neb"],"emails":["ohanaholbox@gmail.com"],"socials":["https://www.facebook.com/105683104873039"],"phones":["+529981840168"],"brand":{"wikidata":null,"names":{"primary":null,"common":null,"rules":null}},"addresses":[{"freeform":"C. Esmedregal","locality":"Lázaro Cárdenas","postcode":"77310","region":null,"country":"MX"}],"names":{"primary":"Casa Ohana","common":null,"rules":null},"sources":[{"property":"","dataset":"meta","license":"CDLA-Permissive-2.0","record_id":"105683104873039","update_time":"2026-04-27T00:00:00.000Z","confidence":0.647153913974762,"between":null},{"property":"/properties/confidence","dataset":"Overture","license":"CDLA-Permissive-2.0","record_id":null,"update_time":"2026-06-11T11:57:15Z","confidence":null,"between":null}],"basic_category":"hotel","taxonomy":{"primary":"hotel","hierarchy":["lodging","hotel"],"alternates":null},"version":8}},
{"id":"85043719-6991-4f46-bcac-9d4d27039ee8","type":"Feature","geometry":{"type":"Point","coordinates":[-87.3784961,21.5212575]},"properties":{"categories":{"primary":"park","alternate":["tours"]},"confidence":0.7838620543479919,"socials":["https://www.facebook.com/1002363193484722"],"brand":{"wikidata":null,"names":{"primary":null,"common":null,"rules":null}},"addresses":[{"freeform":null,"locality":"Lázaro Cárdenas","postcode":null,"region":null,"country":"MX"}],"names":{"primary":"Parque Ecoturistico Maya Yalahu Chiquila Quintana Rro","common":null,"rules":null},"sources":[{"property":"","dataset":"meta","license":"CDLA-Permissive-2.0","record_id":"1002363193484722","update_time":"2026-04-27T00:00:00.000Z","confidence":0.7838620543479919,"between":null},{"property":"/properties/confidence","dataset":"Overture","license":"CDLA-Permissive-2.0","record_id":null,"update_time":"2026-06-11T11:57:15Z","confidence":null,"between":null}],"basic_category":"park","taxonomy":{"primary":"park","hierarchy":["sports_and_recreation","park"],"alternates":null},"version":2}},
{"id":"cfa99c4a-9884-494d-bfba-08801a23bd93","type":"Feature","geometry":{"type":"Point","coordinates":[-87.37891691,21.52106769]},"properties":{"categories":{"primary":"dentist","alternate":["general_dentistry"]},"confidence":0.9309831857681274,"emails":["clinicadentalyeik@gmail.com"],"socials":["https://www.facebook.com/279654906184307"],"phones":["+529841807507"],"brand":{"wikidata":null,"names":{"primary":null,"common":null,"rules":null}},"addresses":[{"freeform":"77310 Centro","locality":"Lázaro Cárdenas","postcode":"77310","region":null,"country":"MX"}],"names":{"primary":"Clínica Dental A1 Smile Holbox","common":null,"rules":null},"sources":[{"property":"","dataset":"meta","license":"CDLA-Permissive-2.0","record_id":"279654906184307","update_time":"2026-04-27T00:00:00.000Z","confidence":0.9309831857681274,"between":null},{"property":"/properties/confidence","dataset":"Overture","license":"CDLA-Permissive-2.0","record_id":null,"update_time":"2026-06-11T11:57:15Z","confidence":null,"between":null}],"basic_category":"dental_clinic","taxonomy":{"primary":"dental_clinic","hierarchy":["health_care","outpatient_care_facility","dental_clinic"],"alternates":null},"version":9}},
{"id":"046358d4-fae3-47c4-9397-d1f629c6c59b","type":"Feature","geometry":{"type":"Point","coordinates":[-87.37964479,21.52117645]},"properties":{"categories":{"primary":"hotel","alternate":["accommodation","resort"]},"confidence":0.9701343178749084,"websites":["https://direct-book.com/properties/goldenparadisetowndirect"],"emails":["reservas@goldenparadise.mx"],"socials":["https://www.facebook.com/109705827487486"],"phones":["+529848752426"],"brand":{"wikidata":null,"names":{"primary":"Golden Paradise Town","common":null,"rules":null}},"addresses":[{"freeform":"Calle Gerónimo de Aguilar Mz 22-Lote 2","locality":"Lázaro Cárdenas","postcode":"77310","region":null,"country":"MX"}],"names":{"primary":"Golden Paradise Town","common":null,"rules":null},"sources":[{"property":"","dataset":"meta","license":"CDLA-Permissive-2.0","record_id":"109705827487486","update_time":"2026-04-27T00:00:00.000Z","confidence":0.9701343178749084,"between":null},{"property":"/properties/confidence","dataset":"Overture","license":"CDLA-Permissive-2.0","record_id":null,"update_time":"2026-06-11T11:57:15Z","confidence":null,"between":null}],"basic_category":"hotel","taxonomy":{"primary":"hotel","hierarchy":["lodging","hotel"],"alternates":null},"version":10}},
{"id":"887d019d-7e40-4213-a366-c00e91adcb17","type":"Feature","geometry":{"type":"Point","coordinates":[-87.379348,21.521402]},"properties":{"categories":{"primary":"hotel","alternate":["motel"]},"confidence":0.44708845019340515,"socials":["https://www.facebook.com/206031799782204"],"brand":{"wikidata":null,"names":{"primary":null,"common":null,"rules":null}},"addresses":[{"freeform":"Geronimo De Aguilar Calle C Canane","locality":"Lázaro Cárdenas","postcode":"","region":null,"country":"MX"}],"names":{"primary":"Moon Dreams Holbox","common":null,"rules":null},"sources":[{"property":"","dataset":"meta","license":"CDLA-Permissive-2.0","record_id":"206031799782204","update_time":"2026-04-27T00:00:00.000Z","confidence":0.44708845019340515,"between":null},{"property":"/properties/confidence","dataset":"Overture","license":"CDLA-Permissive-2.0","record_id":null,"update_time":"2026-06-11T11:57:15Z","confidence":null,"between":null}],"basic_category":"hotel","taxonomy":{"primary":"hotel","hierarchy":["lodging","hotel"],"alternates":null},"version":2}},
{"id":"a3bf4189-7e9e-47e4-99dc-6016f0f34e33","type":"Feature","geometry":{"type":"Point","coordinates":[-87.38069395,21.5215565]},"properties":{"categories":{"primary":"service_apartments","alternate":["hotel","accommodation"]},"confidence":0.9309042096138,"websites":["https://www.aparthotelondamaya.com/"],"emails":["booking@aparthotelondamaya.com"],"socials":["https://www.facebook.com/101282456300511"],"phones":["+529844536030"],"brand":{"wikidata":null,"names":{"primary":null,"common":null,"rules":null}},"addresses":[{"freeform":"C. Lisa entre Avenida Damero y Porfirio Díaz","locality":"Lázaro Cárdenas","postcode":"77310","region":null,"country":"MX"}],"names":{"primary":"Onda Maya","common":null,"rules":null},"sources":[{"property":"","dataset":"meta","license":"CDLA-Permissive-2.0","record_id":"101282456300511","update_time":"2026-04-27T00:00:00.000Z","confidence":0.9309042096138,"between":null},{"property":"/properties/confidence","dataset":"Overture","license":"CDLA-Permissive-2.0","record_id":null,"update_time":"2026-06-11T11:57:15Z","confidence":null,"between":null}],"basic_category":"lodging","taxonomy":{"primary":"service_apartment","hierarchy":["lodging","service_apartment"],"alternates":null},"version":9}},
{"id":"38050f78-f7e7-471d-8c54-0387a8677212","type":"Feature","geometry":{"type":"Point","coordinates":[-87.38189225,21.52160797]},"properties":{"categories":{"primary":"nursery_and_gardening","alternate":["home_and_garden"]},"confidence":0.45346522331237793,"socials":["https://www.facebook.com/1367690366694168"],"brand":{"wikidata":null,"names":{"primary":null,"common":null,"rules":null}},"addresses":[{"freeform":"No tiene, C. Tintorera entre Igualdad","locality":"Lázaro Cárdenas","postcode":"77310","region":null,"country":"MX"}],"names":{"primary":"Vivero Yumil K'áan","common":null,"rules":null},"sources":[{"property":"","dataset":"meta","license":"CDLA-Permissive-2.0","record_id":"1367690366694168","update_time":"2026-04-27T00:00:00.000Z","confidence":0.45346522331237793,"between":null},{"property":"/properties/confidence","dataset":"Overture","license":"CDLA-Permissive-2.0","record_id":null,"update_time":"2026-06-11T11:57:15Z","confidence":null,"between":null}],"basic_category":"hardware_home_and_garden_store","taxonomy":{"primary":"nursery_and_gardening_store","hierarchy":["shopping","specialty_store","hardware_home_and_garden_store","nursery_and_gardening_store"],"alternates":null},"version":7}},
{"id":"aee3a4a0-90ca-49cb-89bf-d10b02b077a1","type":"Feature","geometry":{"type":"Point","coordinates":[-87.38064337,21.5214113]},"properties":{"categories":{"primary":"hotel","alternate":["service_apartments","accommodation"]},"confidence":0.9294745326042175,"emails":["riky.holbox@gmail.com"],"socials":["https://www.facebook.com/1980853832128488"],"phones":["+529841649651"],"brand":{"wikidata":null,"names":{"primary":null,"common":null,"rules":null}},"addresses":[{"freeform":"C. Porfirio Díaz 3760","locality":"Lázaro Cárdenas","postcode":"77310","region":null,"country":"MX"}],"names":{"primary":"Hotel Villas Marilú","common":null,"rules":null},"sources":[{"property":"","dataset":"meta","license":"CDLA-Permissive-2.0","record_id":"1980853832128488","update_time":"2026-04-27T00:00:00.000Z","confidence":0.9294745326042175,"between":null},{"property":"/properties/confidence","dataset":"Overture","license":"CDLA-Permissive-2.0","record_id":null,"update_time":"2026-06-11T11:57:15Z","confidence":null,"between":null}],"basic_category":"hotel","taxonomy":{"primary":"hotel","hierarchy":["lodging","hotel"],"alternates":null},"version":9}},
{"id":"2aba3f3b-4624-4fdd-bae1-f738eda108fc","type":"Feature","geometry":{"type":"Point","coordinates":[-87.38161,21.521217]},"properties":{"categories":{"primary":"smoothie_juice_bar","alternate":null},"confidence":0.5881282687187195,"socials":["https://www.facebook.com/2310147045721854"],"brand":{"wikidata":null,"names":{"primary":null,"common":null,"rules":null}},"addresses":[{"freeform":"","locality":"Lázaro Cárdenas","postcode":"77310","region":null,"country":"MX"}],"names":{"primary":"Jugueria los 2 Hermanos","common":null,"rules":null},"sources":[{"property":"","dataset":"meta","license":"CDLA-Permissive-2.0","record_id":"2310147045721854","update_time":"2026-04-27T00:00:00.000Z","confidence":0.5881282687187195,"between":null},{"property":"/properties/confidence","dataset":"Overture","license":"CDLA-Permissive-2.0","record_id":null,"update_time":"2026-06-11T11:57:15Z","confidence":null,"between":null}],"basic_category":"smoothie_juice_bar","taxonomy":{"primary":"smoothie_juice_bar","hierarchy":["food_and_drink","non_alcoholic_beverage_venue","smoothie_juice_bar"],"alternates":null},"version":8}},
{"id":"7e55e343-f7f6-422f-9197-2b9eea73efbe","type":"Feature","geometry":{"type":"Point","coordinates":[-87.381586,21.521219]},"properties":{"categories":{"primary":"fruits_and_vegetables","alternate":["farmers_market","bar"]},"confidence":0.7980585694313049,"socials":["https://www.facebook.com/1319782294839916"],"brand":{"wikidata":null,"names":{"primary":null,"common":null,"rules":null}},"addresses":[{"freeform":"","locality":"Lázaro Cárdenas","postcode":"77310","region":null,"country":"MX"}],"names":{"primary":"Mercadito Holbox","common":null,"rules":null},"sources":[{"property":"","dataset":"meta","license":"CDLA-Permissive-2.0","record_id":"1319782294839916","update_time":"2026-04-27T00:00:00.000Z","confidence":0.7980585694313049,"between":null},{"property":"/properties/confidence","dataset":"Overture","license":"CDLA-Permissive-2.0","record_id":null,"update_time":"2026-06-11T11:57:15Z","confidence":null,"between":null}],"basic_category":"food_and_beverage_store","taxonomy":{"primary":"produce_store","hierarchy":["shopping","food_and_beverage_store","specialty_foods_store","produce_store"],"alternates":null},"version":9}},
{"id":"741f866a-55b3-46d5-9d13-fb5cabed88bc","type":"Feature","geometry":{"type":"Point","coordinates":[-87.382873767488,21.521296993459]},"properties":{"categories":{"primary":"airport","alternate":["aircraft_repair","island"]},"confidence":0.7414073944091797,"socials":["https://www.facebook.com/150415692287787"],"brand":{"wikidata":null,"names":{"primary":null,"common":null,"rules":null}},"addresses":[{"freeform":null,"locality":"Lázaro Cárdenas","postcode":null,"region":null,"country":"MX"}],"names":{"primary":"Aeropuerto De La Isla De Holbox, Q,Roo, Mexico","common":null,"rules":null},"sources":[{"property":"","dataset":"meta","license":"CDLA-Permissive-2.0","record_id":"150415692287787","update_time":"2026-04-27T00:00:00.000Z","confidence":0.7414073944091797,"between":null},{"property":"/properties/confidence","dataset":"Overture","license":"CDLA-Permissive-2.0","record_id":null,"update_time":"2026-06-11T11:57:15Z","confidence":null,"between":null}],"basic_category":"airport","taxonomy":{"primary":"airport","hierarchy":["travel_and_transportation","air_transport_facility_or_service","airport"],"alternates":null},"version":2}},
{"id":"79782692-12f0-49f5-9cfc-f5355602eb46","type":"Feature","geometry":{"type":"Point","coordinates":[-87.38318781,21.52145952]},"properties":{"categories":{"primary":"hotel","alternate":["accommodation","resort"]},"confidence":0.9957179176807404,"websites":["https://hotels.cloudbeds.com/es/reservation/ld1RI9?currency=mxn"],"emails":["info@puertoholbox.com"],"socials":["https://www.facebook.com/156340504426714"],"phones":["+529842408276"],"brand":{"wikidata":null,"names":{"primary":null,"common":null,"rules":null}},"addresses":[{"freeform":"Av. Pedro Joaquín Coldwell 329","locality":"Lázaro Cárdenas","postcode":"77310","region":null,"country":"MX"}],"names":{"primary":"Hotel Puerto Holbox","common":null,"rules":null},"sources":[{"property":"","dataset":"meta","license":"CDLA-Permissive-2.0","record_id":"156340504426714","update_time":"2026-04-27T00:00:00.000Z","confidence":0.9813822507858276,"between":null},{"property":"/properties/confidence","dataset":"Overture","license":"CDLA-Permissive-2.0","record_id":null,"update_time":"2026-06-11T11:57:15Z","confidence":null,"between":null}],"basic_category":"hotel","taxonomy":{"primary":"hotel","hierarchy":["lodging","hotel"],"alternates":null},"version":10}},
{"id":"77cfd49a-2e86-4db5-b975-1317219a00db","type":"Feature","geometry":{"type":"Point","coordinates":[-87.38262822,21.52182882]},"properties":{"confidence":0.13347744941711426,"socials":["https://www.facebook.com/108589304911587"],"brand":{"wikidata":null,"names":{"primary":null,"common":null,"rules":null}},"addresses":[{"freeform":"","locality":"Lázaro Cárdenas","postcode":"","region":null,"country":"MX"}],"names":{"primary":"Holbox island Casa Impala","common":null,"rules":null},"sources":[{"property":"","dataset":"meta","license":"CDLA-Permissive-2.0","record_id":"108589304911587","update_time":"2026-04-27T00:00:00.000Z","confidence":0.13347744941711426,"between":null},{"property":"/properties/confidence","dataset":"Overture","license":"CDLA-Permissive-2.0","record_id":null,"update_time":"2026-06-11T11:57:15Z","confidence":null,"between":null}],"version":2}},
{"id":"e87672b4-6f74-4b96-8b9e-df3d5c5fe0d3","type":"Feature","geometry":{"type":"Point","coordinates":[-87.38216849,21.52185733]},"properties":{"categories":{"primary":"animal_shelter","alternate":["community_services_non_profits"]},"confidence":0.8446484804153442,"websites":["http://www.refugioanimalholbox.com/"],"emails":["refugioanimalholbox@gmail.com"],"socials":["https://www.facebook.com/366060513524958"],"phones":["+529848078954"],"brand":{"wikidata":null,"names":{"primary":null,"common":null,"rules":null}},"addresses":[{"freeform":"C. Tintorera","locality":"Lázaro Cárdenas","postcode":"77310","region":null,"country":"MX"}],"names":{"primary":"Refugio Holbox Animal Sanctuary","common":null,"rules":null},"sources":[{"property":"","dataset":"meta","license":"CDLA-Permissive-2.0","record_id":"366060513524958","update_time":"2026-04-27T00:00:00.000Z","confidence":0.8446484804153442,"between":null},{"property":"/properties/confidence","dataset":"Overture","license":"CDLA-Permissive-2.0","record_id":null,"update_time":"2026-06-11T11:57:15Z","confidence":null,"between":null}],"basic_category":"animal_or_pet_service","taxonomy":{"primary":"animal_shelter","hierarchy":["lifestyle_services","animal_or_pet_service","animal_adoption_or_rescue","animal_shelter"],"alternates":null},"version":7}},
{"id":"9c2cdc9b-8e35-4509-b4f0-7d13b405c25a","type":"Feature","geometry":{"type":"Point","coordinates":[-87.3807029,21.52170513]},"properties":{"categories":{"primary":"hotel","alternate":["accommodation","lodge"]},"confidence":0.9332993030548096,"websites":["http://www.paratiholbox.com/"],"emails":["reservacionesparati@hotmail.com"],"socials":["https://www.facebook.com/1790986584485690"],"phones":["+529848752471"],"brand":{"wikidata":null,"names":{"primary":"Hotel Para Ti","common":null,"rules":null}},"addresses":[{"freeform":"C. Lisa S/N, entre Avenida Damero y Porfirio Díaz","locality":"Lázaro Cárdenas","postcode":"77310","region":null,"country":"MX"}],"names":{"primary":"Hotel Para Ti","common":null,"rules":null},"sources":[{"property":"","dataset":"meta","license":"CDLA-Permissive-2.0","record_id":"1790986584485690","update_time":"2026-04-27T00:00:00.000Z","confidence":0.9332993030548096,"between":null},{"property":"/properties/confidence","dataset":"Overture","license":"CDLA-Permissive-2.0","record_id":null,"update_time":"2026-06-11T11:57:15Z","confidence":null,"between":null}],"basic_category":"hotel","taxonomy":{"primary":"hotel","hierarchy":["lodging","hotel"],"alternates":null},"version":10}},
{"id":"355f510d-2f51-4e20-be28-6fee3ac07059","type":"Feature","geometry":{"type":"Point","coordinates":[-87.38109739,21.52184211]},"properties":{"categories":{"primary":"latin_american_restaurant","alternate":["restaurant","diner"]},"confidence":0.9118171334266663,"emails":["alcevi22@gmail.com"],"socials":["https://www.facebook.com/145596497657027"],"phones":["+529981477368"],"brand":{"wikidata":null,"names":{"primary":null,"common":null,"rules":null}},"addresses":[{"freeform":"Avenida Damero esquina con calle Lisa S/N","locality":"Lázaro Cárdenas","postcode":"77310","region":null,"country":"MX"}],"names":{"primary":"Nereida Cantina de Mar","common":null,"rules":null},"sources":[{"property":"","dataset":"meta","license":"CDLA-Permissive-2.0","record_id":"145596497657027","update_time":"2026-04-27T00:00:00.000Z","confidence":0.9118171334266663,"between":null},{"property":"/properties/confidence","dataset":"Overture","license":"CDLA-Permissive-2.0","record_id":null,"update_time":"2026-06-11T11:57:15Z","confidence":null,"between":null}],"basic_category":"restaurant","taxonomy":{"primary":"latin_american_restaurant","hierarchy":["food_and_drink","restaurant","latin_american_restaurant"],"alternates":null},"version":9}},
{"id":"39941249-9930-4e96-86c1-536743a7ae70","type":"Feature","geometry":{"type":"Point","coordinates":[-87.38225197,21.522165]},"properties":{"categories":{"primary":"hotel","alternate":["accommodation","resort"]},"confidence":0.9455886483192444,"websites":["zomayholbox.com"],"emails":["zomayreservaciones@gmail.com"],"socials":["https://www.facebook.com/460010990750445"],"phones":["+529841161685"],"brand":{"wikidata":null,"names":{"primary":null,"common":null,"rules":null}},"addresses":[{"freeform":"Av. Pedro Joaquín Coldwell s/ número","locality":"Lázaro Cárdenas","postcode":"77310","region":null,"country":"MX"}],"names":{"primary":"Hotel Zomay Holbox","common":null,"rules":null},"sources":[{"property":"","dataset":"meta","license":"CDLA-Permissive-2.0","record_id":"460010990750445","update_time":"2026-04-27T00:00:00.000Z","confidence":0.9455886483192444,"between":null},{"property":"/properties/confidence","dataset":"Overture","license":"CDLA-Permissive-2.0","record_id":null,"update_time":"2026-06-11T11:57:15Z","confidence":null,"between":null}],"basic_category":"hotel","taxonomy":{"primary":"hotel","hierarchy":["lodging","hotel"],"alternates":null},"version":9}},
{"id":"f4fc965c-69e8-4cc3-8912-dfa739ddaaa3","type":"Feature","geometry":{"type":"Point","coordinates":[-87.38237257,21.52205895]},"properties":{"categories":{"primary":"cafe","alternate":["coffee_shop","restaurant"]},"confidence":0.9377691149711609,"socials":["https://www.facebook.com/106724002317926"],"phones":["+529841161685"],"brand":{"wikidata":null,"names":{"primary":null,"common":null,"rules":null}},"addresses":[{"freeform":"Av. Pedro Joaquín Coldwell s/ número","locality":"Lázaro Cárdenas","postcode":"77310","region":null,"country":"MX"}],"names":{"primary":"Copal Café Zomay Holbox","common":null,"rules":null},"sources":[{"property":"","dataset":"meta","license":"CDLA-Permissive-2.0","record_id":"106724002317926","update_time":"2026-04-27T00:00:00.000Z","confidence":0.9377691149711609,"between":null},{"property":"/properties/confidence","dataset":"Overture","license":"CDLA-Permissive-2.0","record_id":null,"update_time":"2026-06-11T11:57:15Z","confidence":null,"between":null}],"basic_category":"cafe","taxonomy":{"primary":"cafe","hierarchy":["food_and_drink","casual_eatery","cafe"],"alternates":null},"version":8}},
{"id":"c09fe0f6-79d8-464e-be84-2c3d4dfc96fc","type":"Feature","geometry":{"type":"Point","coordinates":[-87.38127052,21.52231464]},"properties":{"categories":{"primary":"bakery","alternate":["cafe","desserts"]},"confidence":0.8952917456626892,"emails":["st.mat@hotmail.com"],"socials":["https://www.facebook.com/404920406255317"],"phones":["+529841352281"],"brand":{"wikidata":null,"names":{"primary":null,"common":null,"rules":null}},"addresses":[{"freeform":"C. Lisa 2","locality":"Lázaro Cárdenas","postcode":"77310","region":null,"country":"MX"}],"names":{"primary":"Le Jardin","common":null,"rules":null},"sources":[{"property":"","dataset":"meta","license":"CDLA-Permissive-2.0","record_id":"404920406255317","update_time":"2026-04-27T00:00:00.000Z","confidence":0.8952917456626892,"between":null},{"property":"/properties/confidence","dataset":"Overture","license":"CDLA-Permissive-2.0","record_id":null,"update_time":"2026-06-11T11:57:15Z","confidence":null,"between":null}],"basic_category":"casual_eatery","taxonomy":{"primary":"bakery","hierarchy":["food_and_drink","casual_eatery","bakery"],"alternates":null},"version":2}},
{"id":"306e66e9-dfbc-4f19-b266-e220cca4ffc8","type":"Feature","geometry":{"type":"Point","coordinates":[-87.380801439285,21.522218381212]},"properties":{"categories":{"primary":"pizza_restaurant","alternate":null},"confidence":0.7167377471923828,"socials":["https://www.facebook.com/102842999275979"],"phones":["+529841406045"],"brand":{"wikidata":null,"names":{"primary":null,"common":null,"rules":null}},"addresses":[{"freeform":null,"locality":"Lázaro Cárdenas","postcode":null,"region":null,"country":"MX"}],"names":{"primary":"La Bionda cancun","common":null,"rules":null},"sources":[{"property":"","dataset":"meta","license":"CDLA-Permissive-2.0","record_id":"102842999275979","update_time":"2026-04-27T00:00:00.000Z","confidence":0.7167377471923828,"between":null},{"property":"/properties/confidence","dataset":"Overture","license":"CDLA-Permissive-2.0","record_id":null,"update_time":"2026-06-11T11:57:15Z","confidence":null,"between":null}],"basic_category":"restaurant","taxonomy":{"primary":"pizza_restaurant","hierarchy":["food_and_drink","restaurant","european_restaurant","mediterranean_restaurant","italian_restaurant","pizza_restaurant"],"alternates":null},"version":1}},
{"id":"a0897833-6c67-4c57-93cb-7eaae831b894","type":"Feature","geometry":{"type":"Point","coordinates":[-87.3808136,21.5223257]},"properties":{"categories":{"primary":"seafood_restaurant","alternate":["restaurant","diner"]},"confidence":0.7375162839889526,"emails":["elfarorestaurante5@gmail.com"],"socials":["https://www.facebook.com/113416101682361"],"phones":["+528131598497"],"brand":{"wikidata":null,"names":{"primary":null,"common":null,"rules":null}},"addresses":[{"freeform":"Av. Damero entre c.Lisa y c.Canane","locality":"Lázaro Cárdenas","postcode":"77310","region":null,"country":"MX"}],"names":{"primary":"Restaurante Coralitos","common":null,"rules":null},"sources":[{"property":"","dataset":"meta","license":"CDLA-Permissive-2.0","record_id":"113416101682361","update_time":"2026-04-27T00:00:00.000Z","confidence":0.7375162839889526,"between":null},{"property":"/properties/confidence","dataset":"Overture","license":"CDLA-Permissive-2.0","record_id":null,"update_time":"2026-06-11T11:57:15Z","confidence":null,"between":null}],"basic_category":"restaurant","taxonomy":{"primary":"seafood_restaurant","hierarchy":["food_and_drink","restaurant","seafood_restaurant"],"alternates":null},"version":1}},
{"id":"77fc8382-5709-41b5-9135-0e95519e92e4","type":"Feature","geometry":{"type":"Point","coordinates":[-87.38168687,21.52260611]},"properties":{"categories":{"primary":"resort","alternate":["hotel","lodge"]},"confidence":0.9761723279953003,"websites":["http://www.casadelvientoholbox.com.mx/"],"emails":["casadelviento.holbox@gmail.com"],"socials":["https://www.facebook.com/1458490427712416"],"phones":["+529981803027"],"brand":{"wikidata":null,"names":{"primary":"Casa del Viento, Holbox","common":null,"rules":null}},"addresses":[{"freeform":"Avenida Pedro Joaquín Coldwell con calle Lisa Centro","locality":"Lázaro Cárdenas","postcode":"77310","region":null,"country":"MX"}],"names":{"primary":"Casa del Viento by ÓOL Hotels","common":null,"rules":null},"sources":[{"property":"","dataset":"meta","license":"CDLA-Permissive-2.0","record_id":"1458490427712416","update_time":"2026-04-27T00:00:00.000Z","confidence":0.9761723279953003,"between":null},{"property":"/properties/confidence","dataset":"Overture","license":"CDLA-Permissive-2.0","record_id":null,"update_time":"2026-06-11T11:57:15Z","confidence":null,"between":null}],"basic_category":"resort","taxonomy":{"primary":"resort","hierarchy":["lodging","resort"],"alternates":null},"version":9}},
{"id":"2c07ff44-c50c-4001-b3a6-05981d0dc2ca","type":"Feature","geometry":{"type":"Point","coordinates":[-87.38166133,21.52279443]},"properties":{"categories":{"primary":"escape_rooms","alternate":null},"confidence":0.8951920866966248,"emails":["escaperoomholbox@gmail.com"],"socials":["https://www.facebook.com/109269940546338"],"phones":["+4917611511500"],"brand":{"wikidata":null,"names":{"primary":null,"common":null,"rules":null}},"addresses":[{"freeform":"At Tribu Hostel, Av. Pedro Joaquín Coldwell","locality":"Lázaro Cárdenas","postcode":"77310","region":null,"country":"MX"}],"names":{"primary":"Escape Room Holbox","common":null,"rules":null},"sources":[{"property":"","dataset":"meta","license":"CDLA-Permissive-2.0","record_id":"109269940546338","update_time":"2026-04-27T00:00:00.000Z","confidence":0.8951920866966248,"between":null},{"property":"/properties/confidence","dataset":"Overture","license":"CDLA-Permissive-2.0","record_id":null,"update_time":"2026-06-11T11:57:15Z","confidence":null,"between":null}],"basic_category":"gaming_venue","taxonomy":{"primary":"escape_room","hierarchy":["arts_and_entertainment","gaming_venue","escape_room"],"alternates":null},"version":8}},
{"id":"af5d6a2d-5d17-40f7-9b63-cc17b3ff079a","type":"Feature","geometry":{"type":"Point","coordinates":[-87.38309261677094,21.522861142037147]},"properties":{"categories":{"primary":"beach","alternate":null},"confidence":0.7911951541900635,"socials":["https://www.facebook.com/2296561620624083"],"brand":{"wikidata":null,"names":{"primary":null,"common":null,"rules":null}},"addresses":[{"freeform":null,"locality":"Lázaro Cárdenas","postcode":null,"region":null,"country":"MX"}],"names":{"primary":"Playa Zomay","common":null,"rules":null},"sources":[{"property":"","dataset":"meta","license":"CDLA-Permissive-2.0","record_id":"2296561620624083","update_time":"2026-04-27T00:00:00.000Z","confidence":0.7911951541900635,"between":null},{"property":"/properties/confidence","dataset":"Overture","license":"CDLA-Permissive-2.0","record_id":null,"update_time":"2026-06-11T11:57:15Z","confidence":null,"between":null}],"basic_category":"beach","taxonomy":{"primary":"beach","hierarchy":["geographic_entities","land_feature","beach"],"alternates":null},"version":3}},
{"id":"63df6de0-5a55-4c04-bd67-312e287991c5","type":"Feature","geometry":{"type":"Point","coordinates":[-87.382913,21.522939]},"properties":{"categories":{"primary":"fishing_club","alternate":["hotel","lodge"]},"confidence":0.5986872315406799,"socials":["https://www.facebook.com/148621565707300"],"brand":{"wikidata":null,"names":{"primary":null,"common":null,"rules":null}},"addresses":[{"freeform":"Manzana 18 Solar 2A ","locality":"Lázaro Cárdenas","postcode":null,"region":null,"country":"MX"}],"names":{"primary":"Holbox Fly Fishing Lodge","common":null,"rules":null},"sources":[{"property":"","dataset":"meta","license":"CDLA-Permissive-2.0","record_id":"148621565707300","update_time":"2026-04-27T00:00:00.000Z","confidence":0.5986872315406799,"between":null},{"property":"/properties/confidence","dataset":"Overture","license":"CDLA-Permissive-2.0","record_id":null,"update_time":"2026-06-11T11:57:15Z","confidence":null,"between":null}],"basic_category":"sport_or_recreation_club","taxonomy":{"primary":"fishing_club","hierarchy":["sports_and_recreation","sport_or_recreation_club","fishing_club"],"alternates":null},"version":7}},
{"id":"8388248a-73f6-4b06-bded-6cf1634b2a17","type":"Feature","geometry":{"type":"Point","coordinates":[-87.38237863,21.52307139]},"properties":{"categories":{"primary":"hotel","alternate":["resort","beach_resort"]},"confidence":0.9942648249864579,"websites":["http://www.holboxdream.com/"],"emails":["info@holboxdream.com"],"socials":["https://www.facebook.com/81332431144"],"phones":["+529841371424"],"brand":{"wikidata":null,"names":{"primary":"Holboxdream Beachfront Hotel","common":null,"rules":null}},"addresses":[{"freeform":"C. Lisa 2, entre Paseo Carey y Av. Pedro Joaquín Coldwell Edificio HOLBOX DREAMS","locality":"Lázaro Cárdenas","postcode":"77310","region":null,"country":"MX"}],"names":{"primary":"Holbox Dream Beach Front Hotel","common":null,"rules":null},"sources":[{"property":"","dataset":"meta","license":"CDLA-Permissive-2.0","record_id":"81332431144","update_time":"2026-04-27T00:00:00.000Z","confidence":0.9750644564628601,"between":null},{"property":"/properties/confidence","dataset":"Overture","license":"CDLA-Permissive-2.0","record_id":null,"update_time":"2026-06-11T11:57:15Z","confidence":null,"between":null}],"basic_category":"hotel","taxonomy":{"primary":"hotel","hierarchy":["lodging","hotel"],"alternates":null},"version":10}},
{"id":"f6cefa8a-2cce-4ed7-98a3-8cbb95a10e2c","type":"Feature","geometry":{"type":"Point","coordinates":[-87.38311541,21.52296967]},"properties":{"categories":{"primary":"bar","alternate":["restaurant"]},"confidence":0.5999028086662292,"socials":["https://www.facebook.com/684508288310140"],"phones":["+529841161685"],"brand":{"wikidata":null,"names":{"primary":null,"common":null,"rules":null}},"addresses":[{"freeform":"P.º Carey m18s","locality":"Lázaro Cárdenas","postcode":"77310","region":null,"country":"MX"}],"names":{"primary":"El Chiringuito","common":null,"rules":null},"sources":[{"property":"","dataset":"meta","license":"CDLA-Permissive-2.0","record_id":"684508288310140","update_time":"2026-04-27T00:00:00.000Z","confidence":0.5999028086662292,"between":null},{"property":"/properties/confidence","dataset":"Overture","license":"CDLA-Permissive-2.0","record_id":null,"update_time":"2026-06-11T11:57:15Z","confidence":null,"between":null}],"basic_category":"bar","taxonomy":{"primary":"bar","hierarchy":["food_and_drink","alcoholic_beverage_venue","bar"],"alternates":null},"version":9}},
{"id":"7b7b193c-7343-4db6-8261-33dc9ceb8568","type":"Feature","geometry":{"type":"Point","coordinates":[-87.38231405408033,21.523280281795053]},"properties":{"categories":{"primary":"hotel","alternate":["holiday_rental_home","travel"]},"confidence":0.9362695437669755,"websites":["https://n9.cl/hcwhu"],"emails":["santomtom@earthlink.net"],"socials":["https://www.facebook.com/1499590810341991"],"phones":["+527774425683"],"brand":{"wikidata":null,"names":{"primary":null,"common":null,"rules":null}},"addresses":[{"freeform":"Paseo Carey #1","locality":"Lázaro Cárdenas","postcode":"77310","region":null,"country":"MX"}],"names":{"primary":"Casa TomTom Holbox","common":null,"rules":null},"sources":[{"property":"","dataset":"meta","license":"CDLA-Permissive-2.0","record_id":"1499590810341991","update_time":"2026-04-27T00:00:00.000Z","confidence":0.7229110598564148,"between":null},{"property":"/properties/confidence","dataset":"Overture","license":"CDLA-Permissive-2.0","record_id":null,"update_time":"2026-06-11T11:57:15Z","confidence":null,"between":null}],"basic_category":"hotel","taxonomy":{"primary":"hotel","hierarchy":["lodging","hotel"],"alternates":null},"version":8}},
{"id":"e8d78714-403c-4af9-af28-f8e4358cb3d1","type":"Feature","geometry":{"type":"Point","coordinates":[-87.38243644,21.52337483]},"properties":{"categories":{"primary":"beach_resort","alternate":["private_association","accommodation"]},"confidence":0.9851969480514526,"websites":["https://serenitybeachclub.com/"],"emails":["holbox@serenitybeachclub.com"],"socials":["https://www.facebook.com/112703477733121"],"phones":["+529841196735"],"brand":{"wikidata":null,"names":{"primary":null,"common":null,"rules":null}},"addresses":[{"freeform":"Paseo Carey #2 con, C. Lisa","locality":"Lázaro Cárdenas","postcode":"77310","region":null,"country":"MX"}],"names":{"primary":"Serenity Beach Club","common":null,"rules":null},"sources":[{"property":"","dataset":"meta","license":"CDLA-Permissive-2.0","record_id":"112703477733121","update_time":"2026-04-27T00:00:00.000Z","confidence":0.9851969480514526,"between":null},{"property":"/properties/confidence","dataset":"Overture","license":"CDLA-Permissive-2.0","record_id":null,"update_time":"2026-06-11T11:57:15Z","confidence":null,"between":null}],"basic_category":"resort","taxonomy":{"primary":"beach_resort","hierarchy":["lodging","resort","beach_resort"],"alternates":null},"version":10}},
{"id":"9e710796-9d8f-42e3-b837-7952bf59f5e9","type":"Feature","geometry":{"type":"Point","coordinates":[-87.38232000000001,21.523199]},"properties":{"categories":{"primary":"bar","alternate":["restaurant","social_service_organizations"]},"confidence":0.5481727123260498,"socials":["https://www.facebook.com/502441456759813"],"brand":{"wikidata":null,"names":{"primary":null,"common":null,"rules":null}},"addresses":[{"freeform":"","locality":"Lázaro Cárdenas","postcode":"","region":null,"country":"MX"}],"names":{"primary":"Coquito's Beach Club","common":null,"rules":null},"sources":[{"property":"","dataset":"meta","license":"CDLA-Permissive-2.0","record_id":"502441456759813","update_time":"2026-04-27T00:00:00.000Z","confidence":0.5481727123260498,"between":null},{"property":"/properties/confidence","dataset":"Overture","license":"CDLA-Permissive-2.0","record_id":null,"update_time":"2026-06-11T11:57:15Z","confidence":null,"between":null}],"basic_category":"bar","taxonomy":{"primary":"bar","hierarchy":["food_and_drink","alcoholic_beverage_venue","bar"],"alternates":null},"version":9}},
{"id":"43b5bf74-8a6d-46e7-8460-7f5320332cf9","type":"Feature","geometry":{"type":"Point","coordinates":[-87.381459,21.523111]},"properties":{"categories":{"primary":"hotel","alternate":["motel"]},"confidence":0.754274308681488,"socials":["https://www.facebook.com/460223491439328"],"phones":["+528002468357"],"brand":{"wikidata":null,"names":{"primary":null,"common":null,"rules":null}},"addresses":[{"freeform":"Avenida Pedro Joaquin Coldwell With Canane Street","locality":"Lázaro Cárdenas","postcode":"77310","region":null,"country":"MX"}],"names":{"primary":"Moon Dreams Yum Balam","common":null,"rules":null},"sources":[{"property":"","dataset":"meta","license":"CDLA-Permissive-2.0","record_id":"460223491439328","update_time":"2026-04-27T00:00:00.000Z","confidence":0.754274308681488,"between":null},{"property":"/properties/confidence","dataset":"Overture","license":"CDLA-Permissive-2.0","record_id":null,"update_time":"2026-06-11T11:57:15Z","confidence":null,"between":null}],"basic_category":"hotel","taxonomy":{"primary":"hotel","hierarchy":["lodging","hotel"],"alternates":null},"version":11}},
{"id":"d2e45d56-ebe1-4913-ac80-cae0226a35e3","type":"Feature","geometry":{"type":"Point","coordinates":[-87.38129868,21.52313224]},"properties":{"categories":{"primary":"restaurant","alternate":["diner","breakfast_and_brunch_restaurant"]},"confidence":0.9858794808387756,"emails":["beppe@casanostramexico.com"],"socials":["https://www.facebook.com/242794995747097"],"phones":["+529848752214"],"brand":{"wikidata":null,"names":{"primary":null,"common":null,"rules":null}},"addresses":[{"freeform":"Avenida Pedro Joaquín Coldwell Entre Canane COL","locality":"Lázaro Cárdenas","postcode":"77310","region":null,"country":"MX"}],"names":{"primary":"Casa Nostra Roof Restaurant","common":null,"rules":null},"sources":[{"property":"","dataset":"meta","license":"CDLA-Permissive-2.0","record_id":"242794995747097","update_time":"2026-04-27T00:00:00.000Z","confidence":0.9858794808387756,"between":null},{"property":"/properties/confidence","dataset":"Overture","license":"CDLA-Permissive-2.0","record_id":null,"update_time":"2026-06-11T11:57:15Z","confidence":null,"between":null}],"basic_category":"restaurant","taxonomy":{"primary":"restaurant","hierarchy":["food_and_drink","restaurant"],"alternates":null},"version":8}},
{"id":"f83bf2af-fa65-4f32-af20-9c20da93c159","type":"Feature","geometry":{"type":"Point","coordinates":[-87.38136224,21.52319636]},"properties":{"categories":{"primary":"hotel","alternate":["accommodation","lodge"]},"confidence":0.9762584567070007,"websites":["http://www.macondoholbox.com/"],"emails":["holbox@macondohotels.com"],"socials":["https://www.facebook.com/101889885474560"],"phones":["+529841436665"],"brand":{"wikidata":null,"names":{"primary":null,"common":null,"rules":null}},"addresses":[{"freeform":"Pedro Joaquín Coldwell, C. Canane esq","locality":"Lázaro Cárdenas","postcode":"77300","region":null,"country":"MX"}],"names":{"primary":"Macondo Holbox","common":null,"rules":null},"sources":[{"property":"","dataset":"meta","license":"CDLA-Permissive-2.0","record_id":"101889885474560","update_time":"2026-04-27T00:00:00.000Z","confidence":0.9762584567070007,"between":null},{"property":"/properties/confidence","dataset":"Overture","license":"CDLA-Permissive-2.0","record_id":null,"update_time":"2026-06-11T11:57:15Z","confidence":null,"between":null}],"basic_category":"hotel","taxonomy":{"primary":"hotel","hierarchy":["lodging","hotel"],"alternates":null},"version":9}},
{"id":"001c4efc-3eaf-4330-98ec-a8db9b51837d","type":"Feature","geometry":{"type":"Point","coordinates":[-87.38132865971069,21.52334285032483]},"properties":{"categories":{"primary":"hotel","alternate":["bed_and_breakfast","professional_services"]},"confidence":0.7800958752632141,"websites":["http://stayatholbox.com/"],"emails":["contact@stayatholbox.com"],"socials":["https://www.facebook.com/108755525833381"],"phones":["+529841352769"],"brand":{"wikidata":null,"names":{"primary":null,"common":null,"rules":null}},"addresses":[{"freeform":"Calle Esmedregal ","locality":"Lázaro Cárdenas","postcode":"77300","region":null,"country":"MX"}],"names":{"primary":"Stay at Holbox","common":null,"rules":null},"sources":[{"property":"","dataset":"meta","license":"CDLA-Permissive-2.0","record_id":"108755525833381","update_time":"2026-04-27T00:00:00.000Z","confidence":0.7800958752632141,"between":null},{"property":"/properties/confidence","dataset":"Overture","license":"CDLA-Permissive-2.0","record_id":null,"update_time":"2026-06-11T11:57:15Z","confidence":null,"between":null}],"basic_category":"hotel","taxonomy":{"primary":"hotel","hierarchy":["lodging","hotel"],"alternates":null},"version":8}},
{"id":"dc56e338-bb49-4637-9b8d-07f6723592e6","type":"Feature","geometry":{"type":"Point","coordinates":[-87.38089005,21.52337277]},"properties":{"categories":{"primary":"hotel","alternate":["accommodation","resort"]},"confidence":0.9862035512924194,"websites":["http://www.tierradelmarhotel.com/"],"emails":["tierradelmarhotel@gmail.com"],"socials":["https://www.facebook.com/149487052123779"],"phones":["+529848752312"],"brand":{"wikidata":null,"names":{"primary":null,"common":null,"rules":null}},"addresses":[{"freeform":"Av. Pedro Joaquín Coldwell S/N","locality":"Lázaro Cárdenas","postcode":"77310","region":null,"country":"MX"}],"names":{"primary":"Tierra del Mar Hotel","common":null,"rules":null},"sources":[{"property":"","dataset":"meta","license":"CDLA-Permissive-2.0","record_id":"149487052123779","update_time":"2026-04-27T00:00:00.000Z","confidence":0.9862035512924194,"between":null},{"property":"/properties/confidence","dataset":"Overture","license":"CDLA-Permissive-2.0","record_id":null,"update_time":"2026-06-11T11:57:15Z","confidence":null,"between":null}],"basic_category":"hotel","taxonomy":{"primary":"hotel","hierarchy":["lodging","hotel"],"alternates":null},"version":10}},
{"id":"10082042-031b-43e0-883c-2b0d5a25616c","type":"Feature","geometry":{"type":"Point","coordinates":[-87.38111253,21.52312422]},"properties":{"categories":{"primary":"bike_rentals","alternate":["sports_club_and_league","amateur_sports_team"]},"confidence":0.910250186920166,"websites":["http://bikesholbox.com/"],"emails":["bikesholbox@gmail.com"],"socials":["https://www.facebook.com/193066054529360"],"phones":["+529842783870"],"brand":{"wikidata":null,"names":{"primary":null,"common":null,"rules":null}},"addresses":[{"freeform":"calle canane, Av. Pedro Joaquín Coldwell","locality":"Lázaro Cárdenas","postcode":"77310","region":null,"country":"MX"}],"names":{"primary":"Bikes Holbox","common":null,"rules":null},"sources":[{"property":"","dataset":"meta","license":"CDLA-Permissive-2.0","record_id":"193066054529360","update_time":"2026-04-27T00:00:00.000Z","confidence":0.910250186920166,"between":null},{"property":"/properties/confidence","dataset":"Overture","license":"CDLA-Permissive-2.0","record_id":null,"update_time":"2026-06-11T11:57:15Z","confidence":null,"between":null}],"basic_category":"recreational_equipment_rental","taxonomy":{"primary":"bike_rental","hierarchy":["sports_and_recreation","recreational_equipment_rental","bike_rental"],"alternates":null},"version":7}},
{"id":"d48f5394-4584-4692-9060-594a3f2d0d79","type":"Feature","geometry":{"type":"Point","coordinates":[-87.38107469,21.52312794]},"properties":{"categories":{"primary":"tours","alternate":null},"confidence":0.062057241797447205,"emails":["tours_holbox@hotmail.com"],"socials":["https://www.facebook.com/100571982520727"],"phones":["+529841331377"],"brand":{"wikidata":null,"names":{"primary":null,"common":null,"rules":null}},"addresses":[{"freeform":"calle canane, Av. Pedro Joaquín Coldwell 77310","locality":"Lázaro Cárdenas","postcode":"77310","region":null,"country":"MX"}],"names":{"primary":"Tours holbox","common":null,"rules":null},"sources":[{"property":"","dataset":"meta","license":"CDLA-Permissive-2.0","record_id":"100571982520727","update_time":"2026-04-27T00:00:00.000Z","confidence":0.062057241797447205,"between":null},{"property":"/properties/confidence","dataset":"Overture","license":"CDLA-Permissive-2.0","record_id":null,"update_time":"2026-06-11T11:57:15Z","confidence":null,"between":null}],"basic_category":"travel_service","taxonomy":{"primary":"tour_operator","hierarchy":["travel_and_transportation","travel_service","tour_operator"],"alternates":null},"version":8}},
{"id":"02696735-4070-4985-9fe5-555d20f60c74","type":"Feature","geometry":{"type":"Point","coordinates":[-87.38097176,21.5230537]},"properties":{"categories":{"primary":"bar","alternate":["beer_garden"]},"confidence":0.5551440715789795,"emails":["ruloaguilas@hotmail.com"],"socials":["https://www.facebook.com/1577043949202147"],"phones":["+529999558375"],"brand":{"wikidata":null,"names":{"primary":null,"common":null,"rules":null}},"addresses":[{"freeform":"Calle Canane & Avenida Damero","locality":"Lázaro Cárdenas","postcode":"77310","region":null,"country":"MX"}],"names":{"primary":"“Pinches Mexicanos” Mezcalería - Taquearía","common":null,"rules":null},"sources":[{"property":"","dataset":"meta","license":"CDLA-Permissive-2.0","record_id":"1577043949202147","update_time":"2026-04-27T00:00:00.000Z","confidence":0.5551440715789795,"between":null},{"property":"/properties/confidence","dataset":"Overture","license":"CDLA-Permissive-2.0","record_id":null,"update_time":"2026-06-11T11:57:15Z","confidence":null,"between":null}],"basic_category":"bar","taxonomy":{"primary":"bar","hierarchy":["food_and_drink","alcoholic_beverage_venue","bar"],"alternates":null},"version":8}},
{"id":"e32e6392-f55e-463c-9dd0-19f201ac5d19","type":"Feature","geometry":{"type":"Point","coordinates":[-87.38166847535524,21.522932717392777]},"properties":{"categories":{"primary":"hostel","alternate":null},"confidence":0.77,"websites":["http://www.tribuhostel.com"],"phones":["984 875 2507"],"addresses":[{"freeform":null,"locality":"Isla Holbox","postcode":null,"region":"QROO","country":"MX"}],"names":{"primary":"Tribu Hostel","common":null,"rules":null},"sources":[{"property":"","dataset":"Foursquare","license":"Apache-2.0","record_id":"4dc6e63b45dd26455295307e","update_time":"2026-02-20T00:00:00.000","confidence":0.77,"between":null},{"property":"/properties/confidence","dataset":"Overture","license":"CDLA-Permissive-2.0","record_id":null,"update_time":"2026-06-11T11:57:15Z","confidence":null,"between":null}],"basic_category":"lodging","taxonomy":{"primary":"hostel","hierarchy":["lodging","hostel"],"alternates":null},"version":5}},
{"id":"a347e1c3-85a7-4d5b-96fa-cf1ed99d89e9","type":"Feature","geometry":{"type":"Point","coordinates":[-87.38168939,21.52280296]},"properties":{"categories":{"primary":"hotel","alternate":["travel","accommodation"]},"confidence":0.9787575602531433,"websites":["https://www.tribuhostel.com/"],"emails":["info@tribuhostel.com"],"socials":["https://www.facebook.com/410495032482295"],"phones":["+529841164132"],"brand":{"wikidata":null,"names":{"primary":"Hostel Tribu Holbox","common":null,"rules":null}},"addresses":[{"freeform":"Avenida Licenciado Pedro Joaquín Coldwell 98","locality":"Cozumel","postcode":"77600","region":null,"country":"MX"}],"names":{"primary":"Hostel Tribu","common":null,"rules":null},"sources":[{"property":"","dataset":"meta","license":"CDLA-Permissive-2.0","record_id":"410495032482295","update_time":"2026-04-27T00:00:00.000Z","confidence":0.9787575602531433,"between":null},{"property":"/properties/confidence","dataset":"Overture","license":"CDLA-Permissive-2.0","record_id":null,"update_time":"2026-06-11T11:57:15Z","confidence":null,"between":null}],"basic_category":"hotel","taxonomy":{"primary":"hotel","hierarchy":["lodging","hotel"],"alternates":null},"version":5}},
{"id":"647da6da-cf2f-4cde-ad93-91633ce01e27","type":"Feature","geometry":{"type":"Point","coordinates":[-87.38158048,21.52284153]},"properties":{"categories":{"primary":"cocktail_bar","alternate":["bar","tiki_bar"]},"confidence":0.5942744612693787,"websites":["http://www.mulberryproject.com/"],"emails":["jasper@mulberryproject.com"],"socials":["https://www.facebook.com/802176629893490"],"brand":{"wikidata":null,"names":{"primary":"Mulberry Project PopUp","common":null,"rules":null}},"addresses":[{"freeform":"Av. Pedro Joaquín Coldwell 19-6","locality":"Lázaro Cárdenas","postcode":"77310","region":null,"country":"MX"}],"names":{"primary":"Mulberry Project","common":null,"rules":null},"sources":[{"property":"","dataset":"meta","license":"CDLA-Permissive-2.0","record_id":"802176629893490","update_time":"2026-04-27T00:00:00.000Z","confidence":0.5942744612693787,"between":null},{"property":"/properties/confidence","dataset":"Overture","license":"CDLA-Permissive-2.0","record_id":null,"update_time":"2026-06-11T11:57:15Z","confidence":null,"between":null}],"basic_category":"bar","taxonomy":{"primary":"cocktail_bar","hierarchy":["food_and_drink","alcoholic_beverage_venue","bar","cocktail_bar"],"alternates":null},"version":8}},
{"id":"c58bda19-4d99-4b07-9695-3804fe7e9b26","type":"Feature","geometry":{"type":"Point","coordinates":[-87.38026004,21.52294102]},"properties":{"categories":{"primary":"burger_restaurant","alternate":["food_truck","food_stand"]},"confidence":0.6516225337982178,"websites":["https://benditoburrito-mexicanrestaurant.negocio.site/?utm_source=gmb&utm_medium=referral"],"socials":["https://www.facebook.com/107123792063720"],"phones":["+529841663657"],"brand":{"wikidata":null,"names":{"primary":null,"common":null,"rules":null}},"addresses":[{"freeform":"frente al hotel siesta, Av. Damero","locality":"Lázaro Cárdenas","postcode":"77310","region":null,"country":"MX"}],"names":{"primary":"Bendito Burrito","common":null,"rules":null},"sources":[{"property":"","dataset":"meta","license":"CDLA-Permissive-2.0","record_id":"107123792063720","update_time":"2026-04-27T00:00:00.000Z","confidence":0.6516225337982178,"between":null},{"property":"/properties/confidence","dataset":"Overture","license":"CDLA-Permissive-2.0","record_id":null,"update_time":"2026-06-11T11:57:15Z","confidence":null,"between":null}],"basic_category":"restaurant","taxonomy":{"primary":"burger_restaurant","hierarchy":["food_and_drink","restaurant","meat_restaurant","burger_restaurant"],"alternates":null},"version":5}},
{"id":"8b19902a-380f-479e-b837-06ccc635a3a9","type":"Feature","geometry":{"type":"Point","coordinates":[-87.38034208,21.52289991]},"properties":{"categories":{"primary":"burger_restaurant","alternate":["restaurant","diner"]},"confidence":0.856963574886322,"websites":["https://estaalcarboncommx.wordpress.com/2022/11/10/comida/"],"emails":["georgealbert03@hotmail.com"],"socials":["https://www.facebook.com/125762861415663"],"phones":["+529841787133"],"brand":{"wikidata":null,"names":{"primary":null,"common":null,"rules":null}},"addresses":[{"freeform":"Av. Damero 13","locality":"Lázaro Cárdenas","postcode":"77310","region":null,"country":"MX"}],"names":{"primary":"Esta al carbón","common":null,"rules":null},"sources":[{"property":"","dataset":"meta","license":"CDLA-Permissive-2.0","record_id":"125762861415663","update_time":"2026-04-27T00:00:00.000Z","confidence":0.856963574886322,"between":null},{"property":"/properties/confidence","dataset":"Overture","license":"CDLA-Permissive-2.0","record_id":null,"update_time":"2026-06-11T11:57:15Z","confidence":null,"between":null}],"basic_category":"restaurant","taxonomy":{"primary":"burger_restaurant","hierarchy":["food_and_drink","restaurant","meat_restaurant","burger_restaurant"],"alternates":null},"version":8}},
{"id":"f1c58d1d-fac6-4bbd-89ce-8d84bb6c6570","type":"Feature","geometry":{"type":"Point","coordinates":[-87.380179166794,21.52292302199]},"properties":{"categories":{"primary":"restaurant","alternate":null},"confidence":0.8333765268325806,"socials":["https://www.facebook.com/104800952114013"],"brand":{"wikidata":null,"names":{"primary":null,"common":null,"rules":null}},"addresses":[{"freeform":null,"locality":"Lázaro Cárdenas","postcode":null,"region":null,"country":"MX"}],"names":{"primary":"Hotel Siesa Holbox","common":null,"rules":null},"sources":[{"property":"","dataset":"meta","license":"CDLA-Permissive-2.0","record_id":"104800952114013","update_time":"2026-04-27T00:00:00.000Z","confidence":0.8333765268325806,"between":null},{"property":"/properties/confidence","dataset":"Overture","license":"CDLA-Permissive-2.0","record_id":null,"update_time":"2026-06-11T11:57:15Z","confidence":null,"between":null}],"basic_category":"restaurant","taxonomy":{"primary":"restaurant","hierarchy":["food_and_drink","restaurant"],"alternates":null},"version":7}},
{"id":"5734dd1b-c06d-4381-9cf6-5320dbe0bc76","type":"Feature","geometry":{"type":"Point","coordinates":[-87.3797521,21.5228337]},"properties":{"categories":{"primary":"bar","alternate":["cocktail_bar","lounge"]},"confidence":0.8808826208114624,"websites":["https://big-fish-holbox.business.site"],"socials":["https://www.facebook.com/112498637128131"],"phones":["+529841417135"],"brand":{"wikidata":null,"names":{"primary":null,"common":null,"rules":null}},"addresses":[{"freeform":"C. Esmedregal 4730","locality":"Lázaro Cárdenas","postcode":"77310","region":null,"country":"MX"}],"names":{"primary":"Big Fish","common":null,"rules":null},"sources":[{"property":"","dataset":"meta","license":"CDLA-Permissive-2.0","record_id":"112498637128131","update_time":"2026-04-27T00:00:00.000Z","confidence":0.8808826208114624,"between":null},{"property":"/properties/confidence","dataset":"Overture","license":"CDLA-Permissive-2.0","record_id":null,"update_time":"2026-06-11T11:57:15Z","confidence":null,"between":null}],"basic_category":"bar","taxonomy":{"primary":"bar","hierarchy":["food_and_drink","alcoholic_beverage_venue","bar"],"alternates":null},"version":5}},
{"id":"52426881-e297-42f0-a8a3-d317b017f21b","type":"Feature","geometry":{"type":"Point","coordinates":[-87.37974742012541,21.522831548362056]},"properties":{"categories":{"primary":"seafood_restaurant","alternate":["fast_food_restaurant"]},"confidence":0.5306930541992188,"socials":["https://www.facebook.com/1613289005440313"],"phones":["+529842561390"],"brand":{"wikidata":null,"names":{"primary":null,"common":null,"rules":null}},"addresses":[{"freeform":"Calle Esmedregal 5060","locality":"Lázaro Cárdenas","postcode":"77310","region":null,"country":"MX"}],"names":{"primary":"Tostaderia Seafood Bigfish","common":null,"rules":null},"sources":[{"property":"","dataset":"meta","license":"CDLA-Permissive-2.0","record_id":"1613289005440313","update_time":"2026-04-27T00:00:00.000Z","confidence":0.5306930541992188,"between":null},{"property":"/properties/confidence","dataset":"Overture","license":"CDLA-Permissive-2.0","record_id":null,"update_time":"2026-06-11T11:57:15Z","confidence":null,"between":null}],"basic_category":"restaurant","taxonomy":{"primary":"seafood_restaurant","hierarchy":["food_and_drink","restaurant","seafood_restaurant"],"alternates":null},"version":9}},
{"id":"05bdf69e-799a-44a5-b758-cb954fa63e0a","type":"Feature","geometry":{"type":"Point","coordinates":[-87.37924295,21.52281682]},"properties":{"categories":{"primary":"tattoo_and_piercing","alternate":null},"confidence":0.7192550301551819,"socials":["https://www.facebook.com/105808157722650"],"phones":["+529841511722"],"brand":{"wikidata":null,"names":{"primary":null,"common":null,"rules":null}},"addresses":[{"freeform":"Moonspell Tattoo studio, C. Porfirio Díaz entre calle Esmedregal y Tiburon Ballena","locality":"Lázaro Cárdenas","postcode":"77310","region":null,"country":"MX"}],"names":{"primary":"Moonspell Tattoo Holbox","common":null,"rules":null},"sources":[{"property":"","dataset":"meta","license":"CDLA-Permissive-2.0","record_id":"105808157722650","update_time":"2026-04-27T00:00:00.000Z","confidence":0.7192550301551819,"between":null},{"property":"/properties/confidence","dataset":"Overture","license":"CDLA-Permissive-2.0","record_id":null,"update_time":"2026-06-11T11:57:15Z","confidence":null,"between":null}],"basic_category":"personal_or_beauty_service","taxonomy":{"primary":"tattoo_and_piercing","hierarchy":["lifestyle_services","personal_or_beauty_service","body_modification","tattoo_and_piercing"],"alternates":null},"version":2}},
{"id":"fe7e3f88-622c-4a72-b423-f6993cbc511c","type":"Feature","geometry":{"type":"Point","coordinates":[-87.37975047,21.52291133]},"properties":{"categories":{"primary":"mobile_phone_store","alternate":["electronics"]},"confidence":0.9376832246780396,"websites":["http://TelcelHolbox.com/"],"socials":["https://www.facebook.com/202571859930379"],"phones":["+529841333368"],"brand":{"wikidata":null,"names":{"primary":null,"common":null,"rules":null}},"addresses":[{"freeform":"C. Esmedregal entre Av. Damero y C. Porfirio Diaz","locality":"Lázaro Cárdenas","postcode":"77310","region":null,"country":"MX"}],"names":{"primary":"Innovateh Celulares y Accesorios","common":null,"rules":null},"sources":[{"property":"","dataset":"meta","license":"CDLA-Permissive-2.0","record_id":"202571859930379","update_time":"2026-04-27T00:00:00.000Z","confidence":0.9376832246780396,"between":null},{"property":"/properties/confidence","dataset":"Overture","license":"CDLA-Permissive-2.0","record_id":null,"update_time":"2026-06-11T11:57:15Z","confidence":null,"between":null}],"basic_category":"electronics_store","taxonomy":{"primary":"mobile_phone_store","hierarchy":["shopping","specialty_store","electronics_store","mobile_phone_store"],"alternates":null},"version":9}},
{"id":"d75f8b43-0687-428b-b5e6-d61aa624d1f3","type":"Feature","geometry":{"type":"Point","coordinates":[-87.38009527,21.52307813]},"properties":{"categories":{"primary":"educational_supply_store","alternate":["print_media"]},"confidence":0.8735314607620239,"emails":["papeleria_estudiante_holbox@hotmail.com"],"socials":["https://www.facebook.com/105995601219454"],"phones":["+529841286413"],"brand":{"wikidata":null,"names":{"primary":null,"common":null,"rules":null}},"addresses":[{"freeform":"Av. Damero 10","locality":"Lázaro Cárdenas","postcode":"77310","region":null,"country":"MX"}],"names":{"primary":"Papeleria El Estudiante","common":null,"rules":null},"sources":[{"property":"","dataset":"meta","license":"CDLA-Permissive-2.0","record_id":"105995601219454","update_time":"2026-04-27T00:00:00.000Z","confidence":0.8735314607620239,"between":null},{"property":"/properties/confidence","dataset":"Overture","license":"CDLA-Permissive-2.0","record_id":null,"update_time":"2026-06-11T11:57:15Z","confidence":null,"between":null}],"basic_category":"specialty_store","taxonomy":{"primary":"educational_supply_store","hierarchy":["shopping","specialty_store","educational_supply_store"],"alternates":null},"version":9}},
{"id":"dc420eaf-7602-41be-bab3-571a92fdc881","type":"Feature","geometry":{"type":"Point","coordinates":[-87.37999078682277,21.523051607807815]},"properties":{"categories":{"primary":"beauty_salon","alternate":["beauty_and_spa"]},"confidence":0.2716931104660034,"socials":["https://www.facebook.com/101217572741501"],"brand":{"wikidata":null,"names":{"primary":null,"common":null,"rules":null}},"addresses":[{"freeform":"Plaza El Pueblito","locality":"Lázaro Cárdenas","postcode":"77310","region":null,"country":"MX"}],"names":{"primary":"Alcatraz salón de belleza","common":null,"rules":null},"sources":[{"property":"","dataset":"meta","license":"CDLA-Permissive-2.0","record_id":"101217572741501","update_time":"2026-04-27T00:00:00.000Z","confidence":0.2716931104660034,"between":null},{"property":"/properties/confidence","dataset":"Overture","license":"CDLA-Permissive-2.0","record_id":null,"update_time":"2026-06-11T11:57:15Z","confidence":null,"between":null}],"basic_category":"personal_or_beauty_service","taxonomy":{"primary":"beauty_salon","hierarchy":["lifestyle_services","personal_or_beauty_service","beauty_salon"],"alternates":null},"version":1}},
{"id":"acb8f488-770f-4474-b14e-ebcb2a6d0585","type":"Feature","geometry":{"type":"Point","coordinates":[-87.38017711,21.52300929]},"properties":{"categories":{"primary":"mexican_restaurant","alternate":["taco_restaurant","latin_american_restaurant"]},"confidence":0.9014156460762024,"socials":["https://www.facebook.com/101697565198443"],"phones":["+529842110292"],"brand":{"wikidata":null,"names":{"primary":null,"common":null,"rules":null}},"addresses":[{"freeform":"Av. Damero 10","locality":"Lázaro Cárdenas","postcode":"77310","region":null,"country":"MX"}],"names":{"primary":"Maiztro","common":null,"rules":null},"sources":[{"property":"","dataset":"meta","license":"CDLA-Permissive-2.0","record_id":"101697565198443","update_time":"2026-04-27T00:00:00.000Z","confidence":0.9014156460762024,"between":null},{"property":"/properties/confidence","dataset":"Overture","license":"CDLA-Permissive-2.0","record_id":null,"update_time":"2026-06-11T11:57:15Z","confidence":null,"between":null}],"basic_category":"restaurant","taxonomy":{"primary":"mexican_restaurant","hierarchy":["food_and_drink","restaurant","latin_american_restaurant","mexican_restaurant"],"alternates":null},"version":10}},
{"id":"5fbccd5e-64da-41bf-8e0f-d6f8e2922ce1","type":"Feature","geometry":{"type":"Point","coordinates":[-87.38030141,21.52333797]},"properties":{"categories":{"primary":"seafood_restaurant","alternate":["caribbean_restaurant","restaurant"]},"confidence":0.9520241022109985,"socials":["https://www.facebook.com/408101983285393"],"phones":["+529841795210"],"brand":{"wikidata":null,"names":{"primary":null,"common":null,"rules":null}},"addresses":[{"freeform":"C. Esmedregal","locality":"Lázaro Cárdenas","postcode":"77310","region":null,"country":"MX"}],"names":{"primary":"La Barracuda","common":null,"rules":null},"sources":[{"property":"","dataset":"meta","license":"CDLA-Permissive-2.0","record_id":"408101983285393","update_time":"2026-04-27T00:00:00.000Z","confidence":0.9520241022109985,"between":null},{"property":"/properties/confidence","dataset":"Overture","license":"CDLA-Permissive-2.0","record_id":null,"update_time":"2026-06-11T11:57:15Z","confidence":null,"between":null}],"basic_category":"restaurant","taxonomy":{"primary":"seafood_restaurant","hierarchy":["food_and_drink","restaurant","seafood_restaurant"],"alternates":null},"version":9}},
{"id":"c5d6442f-7b9f-4614-9545-364b58add0f1","type":"Feature","geometry":{"type":"Point","coordinates":[-87.3802328,21.5232533]},"properties":{"categories":{"primary":"restaurant","alternate":["seafood_restaurant"]},"confidence":0.592075765132904,"socials":["https://www.facebook.com/269775660600060"],"phones":["+529843223593"],"brand":{"wikidata":null,"names":{"primary":null,"common":null,"rules":null}},"addresses":[{"freeform":null,"locality":"Lázaro Cárdenas","postcode":null,"region":null,"country":"MX"}],"names":{"primary":"Restaurante la Barracuda isla holbox","common":null,"rules":null},"sources":[{"property":"","dataset":"meta","license":"CDLA-Permissive-2.0","record_id":"269775660600060","update_time":"2026-04-27T00:00:00.000Z","confidence":0.592075765132904,"between":null},{"property":"/properties/confidence","dataset":"Overture","license":"CDLA-Permissive-2.0","record_id":null,"update_time":"2026-06-11T11:57:15Z","confidence":null,"between":null}],"basic_category":"restaurant","taxonomy":{"primary":"restaurant","hierarchy":["food_and_drink","restaurant"],"alternates":null},"version":2}},
{"id":"5b60e09a-63f2-4914-a990-6b2e76065532","type":"Feature","geometry":{"type":"Point","coordinates":[-87.37985801,21.52337297]},"properties":{"categories":{"primary":"restaurant","alternate":["mexican_restaurant","breakfast_and_brunch_restaurant"]},"confidence":0.7377929091453552,"socials":["https://www.facebook.com/343739082941409"],"phones":["+529848064884"],"brand":{"wikidata":null,"names":{"primary":null,"common":null,"rules":null}},"addresses":[{"freeform":"Av. Damero","locality":"Lázaro Cárdenas","postcode":"77310","region":null,"country":"MX"}],"names":{"primary":"Naranjas Holbox","common":null,"rules":null},"sources":[{"property":"","dataset":"meta","license":"CDLA-Permissive-2.0","record_id":"343739082941409","update_time":"2026-04-27T00:00:00.000Z","confidence":0.7377929091453552,"between":null},{"property":"/properties/confidence","dataset":"Overture","license":"CDLA-Permissive-2.0","record_id":null,"update_time":"2026-06-11T11:57:15Z","confidence":null,"between":null}],"basic_category":"restaurant","taxonomy":{"primary":"restaurant","hierarchy":["food_and_drink","restaurant"],"alternates":null},"version":8}},
{"id":"0024865a-4136-40b0-a861-1c750efcfd16","type":"Feature","geometry":{"type":"Point","coordinates":[-87.379235,21.523305]},"properties":{"categories":{"primary":"resort","alternate":null},"confidence":0.77,"websites":["http://www.hotelarenaholbox.com"],"emails":["info@villasflamingos.com"],"phones":["984 875 2167"],"addresses":[{"freeform":null,"locality":null,"postcode":null,"region":null,"country":"MX"}],"names":{"primary":"Hotel Arena","common":null,"rules":null},"sources":[{"property":"","dataset":"Foursquare","license":"Apache-2.0","record_id":"4f7e06f0e4b0f6ec017cd238","update_time":"2025-02-21T00:00:00.000","confidence":0.77,"between":null},{"property":"/properties/confidence","dataset":"Overture","license":"CDLA-Permissive-2.0","record_id":null,"update_time":"2026-06-11T11:57:15Z","confidence":null,"between":null}],"basic_category":"resort","taxonomy":{"primary":"resort","hierarchy":["lodging","resort"],"alternates":null},"version":4}},
{"id":"34ad45b3-4bc6-437e-9f56-687368dc757c","type":"Feature","geometry":{"type":"Point","coordinates":[-87.37897728,21.52315634]},"properties":{"categories":{"primary":"mexican_restaurant","alternate":["taco_restaurant","latin_american_restaurant"]},"confidence":0.9749733209609985,"emails":["elcocaldeholbox@gmail.com"],"socials":["https://www.facebook.com/100275072080159"],"phones":["+529981520561"],"brand":{"wikidata":null,"names":{"primary":null,"common":null,"rules":null}},"addresses":[{"freeform":"Calle Tiburón Ballena entre Calle Porfirio Díaz","locality":"Lázaro Cárdenas","postcode":"77310","region":null,"country":"MX"}],"names":{"primary":"El Cocal de Holbox","common":null,"rules":null},"sources":[{"property":"","dataset":"meta","license":"CDLA-Permissive-2.0","record_id":"100275072080159","update_time":"2026-04-27T00:00:00.000Z","confidence":0.9749733209609985,"between":null},{"property":"/properties/confidence","dataset":"Overture","license":"CDLA-Permissive-2.0","record_id":null,"update_time":"2026-06-11T11:57:15Z","confidence":null,"between":null}],"basic_category":"restaurant","taxonomy":{"primary":"mexican_restaurant","hierarchy":["food_and_drink","restaurant","latin_american_restaurant","mexican_restaurant"],"alternates":null},"version":8}},
{"id":"1272575f-480d-4352-84fd-fc9469b34829","type":"Feature","geometry":{"type":"Point","coordinates":[-87.378589,21.523142]},"properties":{"categories":{"primary":"cinema","alternate":["drive_in_theater","arts_and_entertainment"]},"confidence":0.4486157298088074,"socials":["https://www.facebook.com/1618308075078554"],"brand":{"wikidata":null,"names":{"primary":null,"common":null,"rules":null}},"addresses":[{"freeform":"Centro","locality":"Tizimín","postcode":"77310","region":null,"country":"MX"}],"names":{"primary":"El Cine Holbox","common":null,"rules":null},"sources":[{"property":"","dataset":"meta","license":"CDLA-Permissive-2.0","record_id":"1618308075078554","update_time":"2026-04-27T00:00:00.000Z","confidence":0.4486157298088074,"between":null},{"property":"/properties/confidence","dataset":"Overture","license":"CDLA-Permissive-2.0","record_id":null,"update_time":"2026-06-11T11:57:15Z","confidence":null,"between":null}],"basic_category":"movie_theater","taxonomy":{"primary":"movie_theater","hierarchy":["arts_and_entertainment","movie_theater"],"alternates":null},"version":9}},
{"id":"0c635984-868f-48f0-ae16-78f07cba38ee","type":"Feature","geometry":{"type":"Point","coordinates":[-87.37879766,21.5232198]},"properties":{"categories":{"primary":"town_hall","alternate":["public_and_government_association"]},"confidence":0.8150842189788818,"websites":["http://www.holbox.gob.mx/"],"socials":["https://www.facebook.com/1547511478880875"],"phones":["+529843111634"],"brand":{"wikidata":null,"names":{"primary":"Holbox","common":null,"rules":null}},"addresses":[{"freeform":"C. Porfirio Díaz 3760","locality":"Lázaro Cárdenas","postcode":"77310","region":null,"country":"MX"}],"names":{"primary":"Alcaldía Holbox","common":null,"rules":null},"sources":[{"property":"","dataset":"meta","license":"CDLA-Permissive-2.0","record_id":"1547511478880875","update_time":"2026-04-27T00:00:00.000Z","confidence":0.8150842189788818,"between":null},{"property":"/properties/confidence","dataset":"Overture","license":"CDLA-Permissive-2.0","record_id":null,"update_time":"2026-06-11T11:57:15Z","confidence":null,"between":null}],"basic_category":"government_office","taxonomy":{"primary":"town_hall","hierarchy":["community_and_government","government_office","town_hall"],"alternates":null},"version":9}},
{"id":"04497d57-d927-4cf3-910c-05d6edd9ff97","type":"Feature","geometry":{"type":"Point","coordinates":[-87.378914,21.523316439743]},"properties":{"confidence":0.21231254935264587,"emails":["frnndcblls@gmail.com"],"socials":["https://www.facebook.com/108482367565783"],"phones":["+524461108541"],"brand":{"wikidata":null,"names":{"primary":null,"common":null,"rules":null}},"addresses":[{"freeform":null,"locality":"Lázaro Cárdenas","postcode":null,"region":null,"country":"MX"}],"names":{"primary":"Huella de Mapache","common":null,"rules":null},"sources":[{"property":"","dataset":"meta","license":"CDLA-Permissive-2.0","record_id":"108482367565783","update_time":"2026-04-27T00:00:00.000Z","confidence":0.21231254935264587,"between":null},{"property":"/properties/confidence","dataset":"Overture","license":"CDLA-Permissive-2.0","record_id":null,"update_time":"2026-06-11T11:57:15Z","confidence":null,"between":null}],"version":2}},
{"id":"cbd69994-4e1c-4a5d-b1a5-8b964602d29d","type":"Feature","geometry":{"type":"Point","coordinates":[-87.37919563,21.52332094]},"properties":{"categories":{"primary":"hotel","alternate":["accommodation","lodge"]},"confidence":0.969153642654419,"websites":["http://www.hotelarcosholbox.com"],"emails":["arcosholbox@hotmail.com"],"socials":["https://www.facebook.com/1440460952850447"],"phones":["+529848752043"],"brand":{"wikidata":null,"names":{"primary":null,"common":null,"rules":null}},"addresses":[{"freeform":"Calle Tiburón Ballena s/n","locality":"Lázaro Cárdenas","postcode":"77310","region":null,"country":"MX"}],"names":{"primary":"Hotel los Arcos Holbox","common":null,"rules":null},"sources":[{"property":"","dataset":"meta","license":"CDLA-Permissive-2.0","record_id":"1440460952850447","update_time":"2026-04-27T00:00:00.000Z","confidence":0.969153642654419,"between":null},{"property":"/properties/confidence","dataset":"Overture","license":"CDLA-Permissive-2.0","record_id":null,"update_time":"2026-06-11T11:57:15Z","confidence":null,"between":null}],"basic_category":"hotel","taxonomy":{"primary":"hotel","hierarchy":["lodging","hotel"],"alternates":null},"version":9}},
{"id":"09ed38c5-e1c8-4c0e-bb7c-9f9d778e14ff","type":"Feature","geometry":{"type":"Point","coordinates":[-87.37910683,21.52338836]},"properties":{"categories":{"primary":"desserts","alternate":["pancake_house","food_truck"]},"confidence":0.5122530460357666,"websites":["https://marquesitascetina.wordpress.com/servicios/"],"emails":["marquesitas.cetina@gmail.com"],"socials":["https://www.facebook.com/2180822922246623"],"phones":["+529984366621"],"brand":{"wikidata":null,"names":{"primary":null,"common":null,"rules":null}},"addresses":[{"freeform":"Holbox","locality":"Lázaro Cárdenas","postcode":"77310","region":null,"country":"MX"}],"names":{"primary":"Marquesitas Cetina","common":null,"rules":null},"sources":[{"property":"","dataset":"meta","license":"CDLA-Permissive-2.0","record_id":"2180822922246623","update_time":"2026-04-27T00:00:00.000Z","confidence":0.5122530460357666,"between":null},{"property":"/properties/confidence","dataset":"Overture","license":"CDLA-Permissive-2.0","record_id":null,"update_time":"2026-06-11T11:57:15Z","confidence":null,"between":null}],"basic_category":"casual_eatery","taxonomy":{"primary":"dessert_shop","hierarchy":["food_and_drink","casual_eatery","dessert_shop"],"alternates":null},"version":9}},
{"id":"3f700761-62b9-47d1-a330-f2a65260e120","type":"Feature","geometry":{"type":"Point","coordinates":[-87.37838289,21.52326051]},"properties":{"categories":{"primary":"restaurant","alternate":["diner"]},"confidence":0.23513948917388916,"emails":["restaurantesdeluca@yahoo.com"],"socials":["https://www.facebook.com/411022652295590"],"phones":["+529848752026"],"brand":{"wikidata":null,"names":{"primary":null,"common":null,"rules":null}},"addresses":[{"freeform":"Calle Palomino s/n","locality":"Lázaro Cárdenas","postcode":"77310","region":null,"country":"MX"}],"names":{"primary":"Restaurante la Guaya","common":null,"rules":null},"sources":[{"property":"","dataset":"meta","license":"CDLA-Permissive-2.0","record_id":"411022652295590","update_time":"2026-04-27T00:00:00.000Z","confidence":0.23513948917388916,"between":null},{"property":"/properties/confidence","dataset":"Overture","license":"CDLA-Permissive-2.0","record_id":null,"update_time":"2026-06-11T11:57:15Z","confidence":null,"between":null}],"basic_category":"restaurant","taxonomy":{"primary":"restaurant","hierarchy":["food_and_drink","restaurant"],"alternates":null},"version":6}},
{"id":"aac5fefb-2f04-4355-a0c8-c8672f85b625","type":"Feature","geometry":{"type":"Point","coordinates":[-87.378515,21.523175]},"properties":{"categories":{"primary":"church_cathedral","alternate":null},"confidence":0.6344092488288879,"socials":["https://www.facebook.com/959626064136292"],"brand":{"wikidata":null,"names":{"primary":null,"common":null,"rules":null}},"addresses":[{"freeform":"","locality":"Lázaro Cárdenas","postcode":"","region":null,"country":"MX"}],"names":{"primary":"Capilla San Thelmo de Holbox","common":null,"rules":null},"sources":[{"property":"","dataset":"meta","license":"CDLA-Permissive-2.0","record_id":"959626064136292","update_time":"2026-04-27T00:00:00.000Z","confidence":0.6344092488288879,"between":null},{"property":"/properties/confidence","dataset":"Overture","license":"CDLA-Permissive-2.0","record_id":null,"update_time":"2026-06-11T11:57:15Z","confidence":null,"between":null}],"basic_category":"christian_place_of_worship","taxonomy":{"primary":"christian_place_of_worship","hierarchy":["cultural_and_historic","religious_organization","place_of_worship","christian_place_of_worship"],"alternates":null},"version":9}},
{"id":"95278210-7fb3-4908-8ffe-3b6df11ff13a","type":"Feature","geometry":{"type":"Point","coordinates":[-87.378401,21.523142]},"properties":{"categories":{"primary":"restaurant","alternate":["american_restaurant","italian_restaurant"]},"confidence":0.9588132500648499,"socials":["https://www.facebook.com/1883209458603845"],"phones":["+529992333526"],"brand":{"wikidata":null,"names":{"primary":null,"common":null,"rules":null}},"addresses":[{"freeform":"Calle Tiburon Ballena S/n","locality":"Lázaro Cárdenas","postcode":"77310","region":null,"country":"MX"}],"names":{"primary":"Parador 33","common":null,"rules":null},"sources":[{"property":"","dataset":"meta","license":"CDLA-Permissive-2.0","record_id":"1883209458603845","update_time":"2026-04-27T00:00:00.000Z","confidence":0.9588132500648499,"between":null},{"property":"/properties/confidence","dataset":"Overture","license":"CDLA-Permissive-2.0","record_id":null,"update_time":"2026-06-11T11:57:15Z","confidence":null,"between":null}],"basic_category":"restaurant","taxonomy":{"primary":"restaurant","hierarchy":["food_and_drink","restaurant"],"alternates":null},"version":9}},
{"id":"1f823512-b213-4dbc-955d-dd827ef08078","type":"Feature","geometry":{"type":"Point","coordinates":[-87.37796055,21.52310434]},"properties":{"categories":{"primary":"flowers_and_gifts_shop","alternate":["shopping"]},"confidence":0.5947483777999878,"websites":["http://www.lafloreriadeholbox.com/"],"emails":["floreriaellirio@gmail.com"],"socials":["https://www.facebook.com/346613495540926"],"brand":{"wikidata":null,"names":{"primary":null,"common":null,"rules":null}},"addresses":[{"freeform":"Calle Gerónimo de Aguilar","locality":"Lázaro Cárdenas","postcode":"77310","region":null,"country":"MX"}],"names":{"primary":"Florería","common":null,"rules":null},"sources":[{"property":"","dataset":"meta","license":"CDLA-Permissive-2.0","record_id":"346613495540926","update_time":"2026-04-27T00:00:00.000Z","confidence":0.5947483777999878,"between":null},{"property":"/properties/confidence","dataset":"Overture","license":"CDLA-Permissive-2.0","record_id":null,"update_time":"2026-06-11T11:57:15Z","confidence":null,"between":null}],"basic_category":"flowers_and_gifts_store","taxonomy":{"primary":"flowers_and_gifts_store","hierarchy":["shopping","specialty_store","flowers_and_gifts_store"],"alternates":null},"version":4}},
{"id":"7583614e-7421-450b-8455-8d0ef40880da","type":"Feature","geometry":{"type":"Point","coordinates":[-87.37792535764785,21.523069680466286]},"properties":{"categories":{"primary":"ice_cream_shop","alternate":null},"confidence":0.77,"websites":["http://maresamty.com"],"emails":["ventas@maresa.mx"],"phones":["81 8145 2327"],"addresses":[{"freeform":null,"locality":null,"postcode":null,"region":null,"country":"MX"}],"names":{"primary":"Maresa","common":null,"rules":null},"sources":[{"property":"","dataset":"Foursquare","license":"Apache-2.0","record_id":"53dd8795498e6dfaddd2d625","update_time":"2024-12-21T00:00:00.000","confidence":0.77,"between":null},{"property":"/properties/confidence","dataset":"Overture","license":"CDLA-Permissive-2.0","record_id":null,"update_time":"2026-06-11T11:57:15Z","confidence":null,"between":null}],"basic_category":"casual_eatery","taxonomy":{"primary":"ice_cream_shop","hierarchy":["food_and_drink","casual_eatery","dessert_shop","ice_cream_shop"],"alternates":null},"version":4}},
{"id":"f03e79b5-566e-435f-85c7-194a3903a832","type":"Feature","geometry":{"type":"Point","coordinates":[-87.378,21.523070439021]},"properties":{"categories":{"primary":"food_stand","alternate":null},"confidence":0.5770347714424133,"socials":["https://www.facebook.com/106405904992103"],"brand":{"wikidata":null,"names":{"primary":null,"common":null,"rules":null}},"addresses":[{"freeform":null,"locality":"Lázaro Cárdenas","postcode":null,"region":null,"country":"MX"}],"names":{"primary":"Tacomoquieras","common":null,"rules":null},"sources":[{"property":"","dataset":"meta","license":"CDLA-Permissive-2.0","record_id":"106405904992103","update_time":"2026-04-27T00:00:00.000Z","confidence":0.5770347714424133,"between":null},{"property":"/properties/confidence","dataset":"Overture","license":"CDLA-Permissive-2.0","record_id":null,"update_time":"2026-06-11T11:57:15Z","confidence":null,"between":null}],"basic_category":"casual_eatery","taxonomy":{"primary":"food_truck_stand","hierarchy":["food_and_drink","casual_eatery","food_truck_stand"],"alternates":null},"version":7}},
{"id":"698442e1-b1fc-494c-9ceb-b5ced4a27325","type":"Feature","geometry":{"type":"Point","coordinates":[-87.37865302,21.52304817]},"properties":{"categories":{"primary":"hotel","alternate":["accommodation","lodge"]},"confidence":0.9791810512542725,"websites":["http://hotelelpueblitoholbox.com/"],"emails":["reservacioneselpueblito@hotmail.com"],"socials":["https://www.facebook.com/1008005632584372"],"phones":["+529848752491"],"brand":{"wikidata":null,"names":{"primary":"El Pueblito Holbox","common":null,"rules":null}},"addresses":[{"freeform":"Calle Tiburón Ballena s/n","locality":"Lázaro Cárdenas","postcode":"77310","region":null,"country":"MX"}],"names":{"primary":"Hotel El Pueblito","common":null,"rules":null},"sources":[{"property":"","dataset":"meta","license":"CDLA-Permissive-2.0","record_id":"1008005632584372","update_time":"2026-04-27T00:00:00.000Z","confidence":0.9791810512542725,"between":null},{"property":"/properties/confidence","dataset":"Overture","license":"CDLA-Permissive-2.0","record_id":null,"update_time":"2026-06-11T11:57:15Z","confidence":null,"between":null}],"basic_category":"hotel","taxonomy":{"primary":"hotel","hierarchy":["lodging","hotel"],"alternates":null},"version":9}},
{"id":"b79ef331-82ac-4ef3-95b0-0455941c5b08","type":"Feature","geometry":{"type":"Point","coordinates":[-87.37888179,21.52303797]},"properties":{"categories":{"primary":"latin_american_restaurant","alternate":["mexican_restaurant","eat_and_drink"]},"confidence":0.528854250907898,"socials":["https://www.facebook.com/1375799279309264"],"phones":["+529848752162"],"brand":{"wikidata":null,"names":{"primary":null,"common":null,"rules":null}},"addresses":[{"freeform":"AVENIDA BENITO JUAREZ","locality":"Lázaro Cárdenas","postcode":"77310","region":null,"country":"MX"}],"names":{"primary":"Restaurante El Colibrí","common":null,"rules":null},"sources":[{"property":"","dataset":"meta","license":"CDLA-Permissive-2.0","record_id":"1375799279309264","update_time":"2026-04-27T00:00:00.000Z","confidence":0.528854250907898,"between":null},{"property":"/properties/confidence","dataset":"Overture","license":"CDLA-Permissive-2.0","record_id":null,"update_time":"2026-06-11T11:57:15Z","confidence":null,"between":null}],"basic_category":"restaurant","taxonomy":{"primary":"latin_american_restaurant","hierarchy":["food_and_drink","restaurant","latin_american_restaurant"],"alternates":null},"version":7}},
{"id":"fff485ca-59fa-4d69-9eb1-100f2dfc9973","type":"Feature","geometry":{"type":"Point","coordinates":[-87.37886613,21.52308822]},"properties":{"categories":{"primary":"mexican_restaurant","alternate":["latin_american_restaurant","restaurant"]},"confidence":0.7384251952171326,"websites":["http://casaalebrije.com.mx/"],"socials":["https://www.facebook.com/106279208044411"],"phones":["+529871166995"],"brand":{"wikidata":null,"names":{"primary":null,"common":null,"rules":null}},"addresses":[{"freeform":"Calle Tiburón Ballena, entre Calle Porfirio Díaz","locality":"Lázaro Cárdenas","postcode":"77310","region":null,"country":"MX"}],"names":{"primary":"Casa Alebrije","common":null,"rules":null},"sources":[{"property":"","dataset":"meta","license":"CDLA-Permissive-2.0","record_id":"106279208044411","update_time":"2026-04-27T00:00:00.000Z","confidence":0.7384251952171326,"between":null},{"property":"/properties/confidence","dataset":"Overture","license":"CDLA-Permissive-2.0","record_id":null,"update_time":"2026-06-11T11:57:15Z","confidence":null,"between":null}],"basic_category":"restaurant","taxonomy":{"primary":"mexican_restaurant","hierarchy":["food_and_drink","restaurant","latin_american_restaurant","mexican_restaurant"],"alternates":null},"version":9}},
{"id":"44bea0c8-7e97-48aa-bc7c-ea1afbcc12ce","type":"Feature","geometry":{"type":"Point","coordinates":[-87.37892746,21.52307717]},"properties":{"categories":{"primary":"mexican_restaurant","alternate":["restaurant","cafe"]},"confidence":0.44124269485473633,"socials":["https://www.facebook.com/282416415192291"],"phones":["+529848752162"],"brand":{"wikidata":null,"names":{"primary":null,"common":null,"rules":null}},"addresses":[{"freeform":"Calle Benito Juarez, esquina, C. Porfirio Díaz","locality":"Lázaro Cárdenas","postcode":"77305","region":null,"country":"MX"}],"names":{"primary":"La Isla del Colibri","common":null,"rules":null},"sources":[{"property":"","dataset":"meta","license":"CDLA-Permissive-2.0","record_id":"282416415192291","update_time":"2026-04-27T00:00:00.000Z","confidence":0.44124269485473633,"between":null},{"property":"/properties/confidence","dataset":"Overture","license":"CDLA-Permissive-2.0","record_id":null,"update_time":"2026-06-11T11:57:15Z","confidence":null,"between":null}],"basic_category":"restaurant","taxonomy":{"primary":"mexican_restaurant","hierarchy":["food_and_drink","restaurant","latin_american_restaurant","mexican_restaurant"],"alternates":null},"version":10}},
{"id":"c57e7170-db41-41ff-beba-cd925752cb53","type":"Feature","geometry":{"type":"Point","coordinates":[-87.37908902744536,21.523021701186604]},"properties":{"categories":{"primary":"tattoo_and_piercing","alternate":null},"confidence":0.7011512517929077,"socials":["https://www.facebook.com/201837030764775"],"brand":{"wikidata":null,"names":{"primary":null,"common":null,"rules":null}},"addresses":[{"freeform":"Calle Porfirio Díaz s/n entre ave. Tiburón ballena y calle esmedregal","locality":"Lázaro Cárdenas","postcode":"77310","region":null,"country":"MX"}],"names":{"primary":"Sol maya Tattoo Holbox, Mexico","common":null,"rules":null},"sources":[{"property":"","dataset":"meta","license":"CDLA-Permissive-2.0","record_id":"201837030764775","update_time":"2026-04-27T00:00:00.000Z","confidence":0.7011512517929077,"between":null},{"property":"/properties/confidence","dataset":"Overture","license":"CDLA-Permissive-2.0","record_id":null,"update_time":"2026-06-11T11:57:15Z","confidence":null,"between":null}],"basic_category":"personal_or_beauty_service","taxonomy":{"primary":"tattoo_and_piercing","hierarchy":["lifestyle_services","personal_or_beauty_service","body_modification","tattoo_and_piercing"],"alternates":null},"version":2}},
{"id":"e041a251-12d6-4183-a464-87eea0906af7","type":"Feature","geometry":{"type":"Point","coordinates":[-87.3790106,21.52297903]},"properties":{"categories":{"primary":"restaurant","alternate":["mexican_restaurant","diner"]},"confidence":0.352954238653183,"socials":["https://www.facebook.com/303716249724637"],"brand":{"wikidata":null,"names":{"primary":null,"common":null,"rules":null}},"addresses":[{"freeform":"CALLE PORFIRIO DIAZ","locality":"Lázaro Cárdenas","postcode":"77310","region":null,"country":"MX"}],"names":{"primary":"Pizzería Colibrí","common":null,"rules":null},"sources":[{"property":"","dataset":"meta","license":"CDLA-Permissive-2.0","record_id":"303716249724637","update_time":"2026-04-27T00:00:00.000Z","confidence":0.352954238653183,"between":null},{"property":"/properties/confidence","dataset":"Overture","license":"CDLA-Permissive-2.0","record_id":null,"update_time":"2026-06-11T11:57:15Z","confidence":null,"between":null}],"basic_category":"restaurant","taxonomy":{"primary":"restaurant","hierarchy":["food_and_drink","restaurant"],"alternates":null},"version":9}},
{"id":"8aa6ae9b-1e97-4df0-8c48-2fd4567bbf36","type":"Feature","geometry":{"type":"Point","coordinates":[-87.37877804,21.52302263]},"properties":{"categories":{"primary":"sushi_restaurant","alternate":["japanese_restaurant","restaurant"]},"confidence":0.9319494962692261,"websites":["http://sushiholbox.com/"],"emails":["sushiholbox@hotmail.com"],"socials":["https://www.facebook.com/179296672105109"],"phones":["+529841329507"],"brand":{"wikidata":null,"names":{"primary":null,"common":null,"rules":null}},"addresses":[{"freeform":"AVENIDA BENITO JUAREZ Edificio CENTRO Y PLAZA COMERCIAL","locality":"Lázaro Cárdenas","postcode":"77310","region":null,"country":"MX"}],"names":{"primary":"El Sushi Holbox","common":null,"rules":null},"sources":[{"property":"","dataset":"meta","license":"CDLA-Permissive-2.0","record_id":"179296672105109","update_time":"2026-04-27T00:00:00.000Z","confidence":0.9319494962692261,"between":null},{"property":"/properties/confidence","dataset":"Overture","license":"CDLA-Permissive-2.0","record_id":null,"update_time":"2026-06-11T11:57:15Z","confidence":null,"between":null}],"basic_category":"restaurant","taxonomy":{"primary":"sushi_restaurant","hierarchy":["food_and_drink","restaurant","asian_restaurant","east_asian_restaurant","japanese_restaurant","sushi_restaurant"],"alternates":null},"version":9}},
{"id":"e0a1fafb-1e4f-40cc-98a6-7ba3b36b3cdc","type":"Feature","geometry":{"type":"Point","coordinates":[-87.378786,21.523001]},"properties":{"categories":{"primary":"mexican_restaurant","alternate":["seafood_restaurant"]},"confidence":0.974785327911377,"socials":["https://www.facebook.com/105418071594505"],"phones":["+529841963005"],"brand":{"wikidata":null,"names":{"primary":null,"common":null,"rules":null}},"addresses":[{"freeform":"Avenida Pedro Joaquín Coldwell con esquina Calle Lisa\\n ","locality":"Lázaro Cárdenas","postcode":"77310","region":null,"country":"MX"}],"names":{"primary":"La Bamba Holbox","common":null,"rules":null},"sources":[{"property":"","dataset":"meta","license":"CDLA-Permissive-2.0","record_id":"105418071594505","update_time":"2026-04-27T00:00:00.000Z","confidence":0.974785327911377,"between":null},{"property":"/properties/confidence","dataset":"Overture","license":"CDLA-Permissive-2.0","record_id":null,"update_time":"2026-06-11T11:57:15Z","confidence":null,"between":null}],"basic_category":"restaurant","taxonomy":{"primary":"mexican_restaurant","hierarchy":["food_and_drink","restaurant","latin_american_restaurant","mexican_restaurant"],"alternates":null},"version":2}},
{"id":"2859b643-25f2-4f49-830a-5e7c31ebaaf8","type":"Feature","geometry":{"type":"Point","coordinates":[-87.37857767,21.5229073]},"properties":{"categories":{"primary":"cafe","alternate":["coffee_shop","bakery"]},"confidence":0.9649062156677246,"socials":["https://www.facebook.com/1702434629787131"],"phones":["+529848752491"],"brand":{"wikidata":null,"names":{"primary":null,"common":null,"rules":null}},"addresses":[{"freeform":"Al frente del Hotel El Pueblito, Calle principal, Calle Tiburón Ballena 77310","locality":"Lázaro Cárdenas","postcode":"77310","region":null,"country":"MX"}],"names":{"primary":"Capriccio Café","common":null,"rules":null},"sources":[{"property":"","dataset":"meta","license":"CDLA-Permissive-2.0","record_id":"1702434629787131","update_time":"2026-04-27T00:00:00.000Z","confidence":0.9649062156677246,"between":null},{"property":"/properties/confidence","dataset":"Overture","license":"CDLA-Permissive-2.0","record_id":null,"update_time":"2026-06-11T11:57:15Z","confidence":null,"between":null}],"basic_category":"cafe","taxonomy":{"primary":"cafe","hierarchy":["food_and_drink","casual_eatery","cafe"],"alternates":null},"version":5}},
{"id":"b4785aea-59f0-4415-be3c-d30158472130","type":"Feature","geometry":{"type":"Point","coordinates":[-87.37865,21.52288]},"properties":{"categories":{"primary":"mexican_restaurant","alternate":null},"confidence":0.3847990930080414,"socials":["https://www.facebook.com/320671431819725"],"brand":{"wikidata":null,"names":{"primary":null,"common":null,"rules":null}},"addresses":[{"freeform":"","locality":"Lázaro Cárdenas","postcode":"","region":null,"country":"MX"}],"names":{"primary":"Las Galinas","common":null,"rules":null},"sources":[{"property":"","dataset":"meta","license":"CDLA-Permissive-2.0","record_id":"320671431819725","update_time":"2026-04-27T00:00:00.000Z","confidence":0.3847990930080414,"between":null},{"property":"/properties/confidence","dataset":"Overture","license":"CDLA-Permissive-2.0","record_id":null,"update_time":"2026-06-11T11:57:15Z","confidence":null,"between":null}],"basic_category":"restaurant","taxonomy":{"primary":"mexican_restaurant","hierarchy":["food_and_drink","restaurant","latin_american_restaurant","mexican_restaurant"],"alternates":null},"version":2}},
{"id":"e682016c-71d1-4f74-ba2c-12b6ddef0c4e","type":"Feature","geometry":{"type":"Point","coordinates":[-87.378426,21.5229]},"properties":{"categories":{"primary":"mexican_restaurant","alternate":["restaurant","comfort_food_restaurant"]},"confidence":0.3599975109100342,"socials":["https://www.facebook.com/137520796354570"],"brand":{"wikidata":null,"names":{"primary":null,"common":null,"rules":null}},"addresses":[{"freeform":"","locality":"Lázaro Cárdenas","postcode":"","region":null,"country":"MX"}],"names":{"primary":"Las Gallinas Mexican Home Cuisine & Gourmet Tacos","common":null,"rules":null},"sources":[{"property":"","dataset":"meta","license":"CDLA-Permissive-2.0","record_id":"137520796354570","update_time":"2026-04-27T00:00:00.000Z","confidence":0.3599975109100342,"between":null},{"property":"/properties/confidence","dataset":"Overture","license":"CDLA-Permissive-2.0","record_id":null,"update_time":"2026-06-11T11:57:15Z","confidence":null,"between":null}],"basic_category":"restaurant","taxonomy":{"primary":"mexican_restaurant","hierarchy":["food_and_drink","restaurant","latin_american_restaurant","mexican_restaurant"],"alternates":null},"version":6}},
{"id":"cc5d2557-e9d5-47e3-b472-e16713aba1b4","type":"Feature","geometry":{"type":"Point","coordinates":[-87.37811003,21.52283007]},"properties":{"categories":{"primary":"vegetarian_restaurant","alternate":["latin_american_restaurant","restaurant"]},"confidence":0.9905955791473389,"websites":["https://menurama.app/es/m/465/artesanorestaurant"],"socials":["https://www.facebook.com/234059470614968"],"phones":["+529981985956"],"brand":{"wikidata":null,"names":{"primary":null,"common":null,"rules":null}},"addresses":[{"freeform":"Calle Gerónimo de Aguilar s/n","locality":"Lázaro Cárdenas","postcode":"77531","region":null,"country":"MX"}],"names":{"primary":"Arte Sano","common":null,"rules":null},"sources":[{"property":"","dataset":"meta","license":"CDLA-Permissive-2.0","record_id":"234059470614968","update_time":"2026-04-27T00:00:00.000Z","confidence":0.959111213684082,"between":null},{"property":"/properties/confidence","dataset":"Overture","license":"CDLA-Permissive-2.0","record_id":null,"update_time":"2026-06-11T11:57:15Z","confidence":null,"between":null}],"basic_category":"restaurant","taxonomy":{"primary":"vegetarian_restaurant","hierarchy":["food_and_drink","restaurant","special_diet_restaurant","vegetarian_restaurant"],"alternates":null},"version":9}},
{"id":"8582af86-ecce-43bd-8fab-0ec3a66628cb","type":"Feature","geometry":{"type":"Point","coordinates":[-87.37846908,21.52270001]},"properties":{"categories":{"primary":"supermarket","alternate":null},"confidence":0.6503921747207642,"emails":["super_monkeys@hotmail.com"],"socials":["https://www.facebook.com/110751691518434"],"phones":["+529848752109"],"brand":{"wikidata":null,"names":{"primary":null,"common":null,"rules":null}},"addresses":[{"freeform":"","locality":"Lázaro Cárdenas","postcode":"77310","region":null,"country":"MX"}],"names":{"primary":"Super Monkeys","common":null,"rules":null},"sources":[{"property":"","dataset":"meta","license":"CDLA-Permissive-2.0","record_id":"110751691518434","update_time":"2026-04-27T00:00:00.000Z","confidence":0.6503921747207642,"between":null},{"property":"/properties/confidence","dataset":"Overture","license":"CDLA-Permissive-2.0","record_id":null,"update_time":"2026-06-11T11:57:15Z","confidence":null,"between":null}],"basic_category":"food_and_beverage_store","taxonomy":{"primary":"grocery_store","hierarchy":["shopping","food_and_beverage_store","grocery_store"],"alternates":null},"version":2}},
{"id":"564138ea-c30c-45b6-a230-17ce7f949941","type":"Feature","geometry":{"type":"Point","coordinates":[-87.37824833,21.52258266]},"properties":{"categories":{"primary":"mexican_restaurant","alternate":["taco_restaurant","bar_and_grill_restaurant"]},"confidence":0.9511094093322754,"websites":["https://www.instagram.com/pinshistacos?igsh=cmRjb2s5M2ZzdTR6&utm_source=qr"],"emails":["pinshistaquitos@gmail.com"],"socials":["https://www.facebook.com/115462220359267"],"phones":["+529841439804"],"brand":{"wikidata":null,"names":{"primary":null,"common":null,"rules":null}},"addresses":[{"freeform":"Calle Tiburón Ballena entre Geronimo de Aguilar y calle paseo de kuka","locality":"Lázaro Cárdenas","postcode":"77310","region":null,"country":"MX"}],"names":{"primary":"Los Pinshis tacos Holbox","common":null,"rules":null},"sources":[{"property":"","dataset":"meta","license":"CDLA-Permissive-2.0","record_id":"115462220359267","update_time":"2026-04-27T00:00:00.000Z","confidence":0.9511094093322754,"between":null},{"property":"/properties/confidence","dataset":"Overture","license":"CDLA-Permissive-2.0","record_id":null,"update_time":"2026-06-11T11:57:15Z","confidence":null,"between":null}],"basic_category":"restaurant","taxonomy":{"primary":"mexican_restaurant","hierarchy":["food_and_drink","restaurant","latin_american_restaurant","mexican_restaurant"],"alternates":null},"version":3}},
{"id":"983041e0-56eb-4fd4-8e17-a86ff19f5912","type":"Feature","geometry":{"type":"Point","coordinates":[-87.37830577,21.52256909]},"properties":{"categories":{"primary":"pharmacy","alternate":null},"confidence":0.3914618492126465,"socials":["https://www.facebook.com/109177174932351"],"brand":{"wikidata":null,"names":{"primary":null,"common":null,"rules":null}},"addresses":[{"freeform":"Avenida Tiburon Ballena, Calle Gerónimo de Aguilar 4500","locality":"Lázaro Cárdenas","postcode":"77310","region":null,"country":"MX"}],"names":{"primary":"Farmacias de la Riviera","common":null,"rules":null},"sources":[{"property":"","dataset":"meta","license":"CDLA-Permissive-2.0","record_id":"109177174932351","update_time":"2026-04-27T00:00:00.000Z","confidence":0.3914618492126465,"between":null},{"property":"/properties/confidence","dataset":"Overture","license":"CDLA-Permissive-2.0","record_id":null,"update_time":"2026-06-11T11:57:15Z","confidence":null,"between":null}],"basic_category":"pharmacy_and_drug_store","taxonomy":{"primary":"pharmacy","hierarchy":["shopping","specialty_store","pharmacy_and_drug_store","pharmacy"],"alternates":null},"version":8}},
{"id":"d3df866c-babf-419b-9909-2e8acbac7019","type":"Feature","geometry":{"type":"Point","coordinates":[-87.37841424,21.52261745]},"properties":{"categories":{"primary":"nail_salon","alternate":["beauty_salon","beauty_and_spa"]},"confidence":0.750465452671051,"socials":["https://www.facebook.com/1686802714949207"],"phones":["+529841446939"],"brand":{"wikidata":null,"names":{"primary":null,"common":null,"rules":null}},"addresses":[{"freeform":"Calle Tiburón Ballena, Calle Gerónimo de Aguilar y","locality":"Lázaro Cárdenas","postcode":"77310","region":null,"country":"MX"}],"names":{"primary":"Eleny Nails | Holbox","common":null,"rules":null},"sources":[{"property":"","dataset":"meta","license":"CDLA-Permissive-2.0","record_id":"1686802714949207","update_time":"2026-04-27T00:00:00.000Z","confidence":0.750465452671051,"between":null},{"property":"/properties/confidence","dataset":"Overture","license":"CDLA-Permissive-2.0","record_id":null,"update_time":"2026-06-11T11:57:15Z","confidence":null,"between":null}],"basic_category":"personal_or_beauty_service","taxonomy":{"primary":"nail_salon","hierarchy":["lifestyle_services","personal_or_beauty_service","nail_salon"],"alternates":null},"version":8}},
{"id":"2c55db54-4615-410d-bb28-009ea0a2af79","type":"Feature","geometry":{"type":"Point","coordinates":[-87.37838962,21.52260807]},"properties":{"categories":{"primary":"mobile_phone_store","alternate":["fashion_accessories_store","electronics"]},"confidence":0.9008802771568298,"websites":["http://movilshop.carrd.co/"],"emails":["movilshop2425@gmail.com"],"socials":["https://www.facebook.com/105043851389762"],"phones":["+525663679383"],"brand":{"wikidata":null,"names":{"primary":null,"common":null,"rules":null}},"addresses":[{"freeform":"Móvil Shop calle Tiburón Ballena, Calle Gerónimo de Aguilar esquina","locality":"Lázaro Cárdenas","postcode":"77310","region":null,"country":"MX"}],"names":{"primary":"Móvil Shop","common":null,"rules":null},"sources":[{"property":"","dataset":"meta","license":"CDLA-Permissive-2.0","record_id":"105043851389762","update_time":"2026-04-27T00:00:00.000Z","confidence":0.9008802771568298,"between":null},{"property":"/properties/confidence","dataset":"Overture","license":"CDLA-Permissive-2.0","record_id":null,"update_time":"2026-06-11T11:57:15Z","confidence":null,"between":null}],"basic_category":"electronics_store","taxonomy":{"primary":"mobile_phone_store","hierarchy":["shopping","specialty_store","electronics_store","mobile_phone_store"],"alternates":null},"version":10}},
{"id":"284b2127-1fc4-4232-9475-a0c208c6bd45","type":"Feature","geometry":{"type":"Point","coordinates":[-87.3783914,21.5226497]},"properties":{"confidence":0.9030347108840943,"websites":["https://waay.com.mx/"],"phones":[""],"addresses":[{"freeform":"Calle Tiburón Ballena esquina con Gerónimo de Águilar","locality":"Holbox","postcode":"77310","region":"","country":"MX"}],"names":{"primary":"WÁAY","common":null,"rules":null},"sources":[{"property":"","dataset":"Microsoft","license":"CDLA-Permissive-2.0","record_id":"1688849865861641","update_time":"2025-08-05T12:07:51.837Z","confidence":0.85,"between":null},{"property":"/properties/confidence","dataset":"Overture","license":"CDLA-Permissive-2.0","record_id":null,"update_time":"2026-06-11T11:57:15Z","confidence":null,"between":null}],"version":9}},
{"id":"271f9b60-6e9c-4f36-99eb-06ef04a542de","type":"Feature","geometry":{"type":"Point","coordinates":[-87.37843844,21.52264606]},"properties":{"categories":{"primary":"rental_service","alternate":null},"confidence":0.6483324766159058,"socials":["https://www.facebook.com/1303764119736863"],"phones":["+529843211569"],"brand":{"wikidata":null,"names":{"primary":null,"common":null,"rules":null}},"addresses":[{"freeform":"Av. Tiburon Ballena y Calle, Calle Gerónimo de Aguilar s/n","locality":"Lázaro Cárdenas","postcode":"77310","region":null,"country":"MX"}],"names":{"primary":"Rentadora Monkeys Car-Golf","common":null,"rules":null},"sources":[{"property":"","dataset":"meta","license":"CDLA-Permissive-2.0","record_id":"1303764119736863","update_time":"2026-04-27T00:00:00.000Z","confidence":0.6483324766159058,"between":null},{"property":"/properties/confidence","dataset":"Overture","license":"CDLA-Permissive-2.0","record_id":null,"update_time":"2026-06-11T11:57:15Z","confidence":null,"between":null}],"basic_category":"vehicle_service","taxonomy":{"primary":"rental_service","hierarchy":["services_and_business","real_estate","real_estate_service","rental_service"],"alternates":null},"version":2}},
{"id":"d06d11ef-49e1-49b4-b03e-1f089b649629","type":"Feature","geometry":{"type":"Point","coordinates":[-87.37840031,21.52262608]},"properties":{"categories":{"primary":"butcher_shop","alternate":["grocery_store"]},"confidence":0.42984873056411743,"socials":["https://www.facebook.com/210070683003166"],"phones":["+529861070065"],"brand":{"wikidata":null,"names":{"primary":null,"common":null,"rules":null}},"addresses":[{"freeform":"Calle Tiburón Ballena, Calle Gerónimo de Aguilar y","locality":"Lázaro Cárdenas","postcode":"77310","region":null,"country":"MX"}],"names":{"primary":"Bigbeef holbox","common":null,"rules":null},"sources":[{"property":"","dataset":"meta","license":"CDLA-Permissive-2.0","record_id":"210070683003166","update_time":"2026-04-27T00:00:00.000Z","confidence":0.42984873056411743,"between":null},{"property":"/properties/confidence","dataset":"Overture","license":"CDLA-Permissive-2.0","record_id":null,"update_time":"2026-06-11T11:57:15Z","confidence":null,"between":null}],"basic_category":"food_and_beverage_store","taxonomy":{"primary":"butcher_shop","hierarchy":["shopping","food_and_beverage_store","butcher_shop"],"alternates":null},"version":9}},
{"id":"2b44eec7-3391-4882-b618-bd3c36dd3458","type":"Feature","geometry":{"type":"Point","coordinates":[-87.37937793,21.52269005]},"properties":{"categories":{"primary":"mexican_restaurant","alternate":["latin_american_restaurant","restaurant"]},"confidence":0.4999115765094757,"websites":["http://www.elsason.com/"],"socials":["https://www.facebook.com/1043914899071517"],"phones":["+529841985645"],"brand":{"wikidata":null,"names":{"primary":null,"common":null,"rules":null}},"addresses":[{"freeform":"C. Porfirio Díaz 3760","locality":"Lázaro Cárdenas","postcode":"77310","region":null,"country":"MX"}],"names":{"primary":"El Sazon de Tony","common":null,"rules":null},"sources":[{"property":"","dataset":"meta","license":"CDLA-Permissive-2.0","record_id":"1043914899071517","update_time":"2026-04-27T00:00:00.000Z","confidence":0.4999115765094757,"between":null},{"property":"/properties/confidence","dataset":"Overture","license":"CDLA-Permissive-2.0","record_id":null,"update_time":"2026-06-11T11:57:15Z","confidence":null,"between":null}],"basic_category":"restaurant","taxonomy":{"primary":"mexican_restaurant","hierarchy":["food_and_drink","restaurant","latin_american_restaurant","mexican_restaurant"],"alternates":null},"version":10}},
{"id":"fb8395a7-ddc3-4856-8d8b-8795c1d7e6d3","type":"Feature","geometry":{"type":"Point","coordinates":[-87.37942804,21.52266117]},"properties":{"categories":{"primary":"barber","alternate":["hair_salon"]},"confidence":0.8915482759475708,"emails":["holboxbarbershop@gmail.com"],"socials":["https://www.facebook.com/2050165375196899"],"phones":["+529841067312"],"brand":{"wikidata":null,"names":{"primary":null,"common":null,"rules":null}},"addresses":[{"freeform":"C. Porfirio Díaz","locality":"Lázaro Cárdenas","postcode":"77310","region":null,"country":"MX"}],"names":{"primary":"Barber Shop Aries","common":null,"rules":null},"sources":[{"property":"","dataset":"meta","license":"CDLA-Permissive-2.0","record_id":"2050165375196899","update_time":"2026-04-27T00:00:00.000Z","confidence":0.8915482759475708,"between":null},{"property":"/properties/confidence","dataset":"Overture","license":"CDLA-Permissive-2.0","record_id":null,"update_time":"2026-06-11T11:57:15Z","confidence":null,"between":null}],"basic_category":"personal_or_beauty_service","taxonomy":{"primary":"barber","hierarchy":["lifestyle_services","personal_or_beauty_service","barber"],"alternates":null},"version":9}},
{"id":"d8db1a9e-b7cd-4c7d-945e-61b4308ef507","type":"Feature","geometry":{"type":"Point","coordinates":[-87.3797377465551,21.522796754156836]},"properties":{"categories":{"primary":"seafood_restaurant","alternate":null},"confidence":0.7006809115409851,"socials":["https://www.facebook.com/107378925216844"],"phones":["+529841417135"],"brand":{"wikidata":null,"names":{"primary":null,"common":null,"rules":null}},"addresses":[{"freeform":null,"locality":"Lázaro Cárdenas","postcode":null,"region":null,"country":"MX"}],"names":{"primary":"BIG FISH Holbox","common":null,"rules":null},"sources":[{"property":"","dataset":"meta","license":"CDLA-Permissive-2.0","record_id":"107378925216844","update_time":"2026-04-27T00:00:00.000Z","confidence":0.7006809115409851,"between":null},{"property":"/properties/confidence","dataset":"Overture","license":"CDLA-Permissive-2.0","record_id":null,"update_time":"2026-06-11T11:57:15Z","confidence":null,"between":null}],"basic_category":"restaurant","taxonomy":{"primary":"seafood_restaurant","hierarchy":["food_and_drink","restaurant","seafood_restaurant"],"alternates":null},"version":9}},
{"id":"9b005f6a-25e5-4255-8014-e74a0342e6f8","type":"Feature","geometry":{"type":"Point","coordinates":[-87.37955882,21.52263237]},"properties":{"categories":{"primary":"dentist","alternate":["general_dentistry"]},"confidence":0.9514616131782532,"emails":["dr_sergio_salas@hotmail.com"],"socials":["https://www.facebook.com/2031891807028318"],"phones":["+529848067791"],"brand":{"wikidata":null,"names":{"primary":null,"common":null,"rules":null}},"addresses":[{"freeform":"C. Esmedregal","locality":"Lázaro Cárdenas","postcode":"77310","region":null,"country":"MX"}],"names":{"primary":"Sak Che'ej Clinica de Especialidades Dentales","common":null,"rules":null},"sources":[{"property":"","dataset":"meta","license":"CDLA-Permissive-2.0","record_id":"2031891807028318","update_time":"2026-04-27T00:00:00.000Z","confidence":0.9514616131782532,"between":null},{"property":"/properties/confidence","dataset":"Overture","license":"CDLA-Permissive-2.0","record_id":null,"update_time":"2026-06-11T11:57:15Z","confidence":null,"between":null}],"basic_category":"dental_clinic","taxonomy":{"primary":"dental_clinic","hierarchy":["health_care","outpatient_care_facility","dental_clinic"],"alternates":null},"version":11}},
{"id":"09628f4b-f59b-4164-a80d-a87bae87f4ff","type":"Feature","geometry":{"type":"Point","coordinates":[-87.37934487,21.52257104]},"properties":{"categories":{"primary":"fruits_and_vegetables","alternate":null},"confidence":0.1653316617012024,"emails":["l185205568@gmail.com"],"socials":["https://www.facebook.com/222108247645534"],"phones":["+529842175255"],"brand":{"wikidata":null,"names":{"primary":null,"common":null,"rules":null}},"addresses":[{"freeform":"","locality":"Lázaro Cárdenas","postcode":"77310","region":null,"country":"MX"}],"names":{"primary":"Frutería Culiacán","common":null,"rules":null},"sources":[{"property":"","dataset":"meta","license":"CDLA-Permissive-2.0","record_id":"222108247645534","update_time":"2026-04-27T00:00:00.000Z","confidence":0.1653316617012024,"between":null},{"property":"/properties/confidence","dataset":"Overture","license":"CDLA-Permissive-2.0","record_id":null,"update_time":"2026-06-11T11:57:15Z","confidence":null,"between":null}],"basic_category":"food_and_beverage_store","taxonomy":{"primary":"produce_store","hierarchy":["shopping","food_and_beverage_store","specialty_foods_store","produce_store"],"alternates":null},"version":8}},
{"id":"9bc1e9d9-9b41-40c0-b06f-dcd95ead78a2","type":"Feature","geometry":{"type":"Point","coordinates":[-87.37949376,21.52257959]},"properties":{"categories":{"primary":"school","alternate":["education"]},"confidence":0.6027191877365112,"socials":["https://www.facebook.com/478407879578836"],"brand":{"wikidata":null,"names":{"primary":null,"common":null,"rules":null}},"addresses":[{"freeform":"C. Porfirio Díaz","locality":"Lázaro Cárdenas","postcode":"77310","region":null,"country":"MX"}],"names":{"primary":"Escuela Gregorio Torres Quintero","common":null,"rules":null},"sources":[{"property":"","dataset":"meta","license":"CDLA-Permissive-2.0","record_id":"478407879578836","update_time":"2026-04-27T00:00:00.000Z","confidence":0.6027191877365112,"between":null},{"property":"/properties/confidence","dataset":"Overture","license":"CDLA-Permissive-2.0","record_id":null,"update_time":"2026-06-11T11:57:15Z","confidence":null,"between":null}],"basic_category":"place_of_learning","taxonomy":{"primary":"school","hierarchy":["education","place_of_learning","school"],"alternates":null},"version":8}},
{"id":"4669da87-2c13-4574-96e3-45c092c41729","type":"Feature","geometry":{"type":"Point","coordinates":[-87.37954053,21.52257068]},"properties":{"categories":{"primary":"holiday_rental_home","alternate":["accommodation","lodge"]},"confidence":0.4177648425102234,"websites":["http://Www.miviejochit.com/"],"emails":["tonyinholbox194@gmail.com"],"socials":["https://www.facebook.com/106792580688511"],"phones":["+529841082033"],"brand":{"wikidata":null,"names":{"primary":null,"common":null,"rules":null}},"addresses":[{"freeform":"Avenida porfirio diaz con, C. Esmedregal","locality":"Lázaro Cárdenas","postcode":"77310","region":null,"country":"MX"}],"names":{"primary":"Isla Holbox Mi viejo chit","common":null,"rules":null},"sources":[{"property":"","dataset":"meta","license":"CDLA-Permissive-2.0","record_id":"106792580688511","update_time":"2026-04-27T00:00:00.000Z","confidence":0.4177648425102234,"between":null},{"property":"/properties/confidence","dataset":"Overture","license":"CDLA-Permissive-2.0","record_id":null,"update_time":"2026-06-11T11:57:15Z","confidence":null,"between":null}],"basic_category":"private_lodging","taxonomy":{"primary":"holiday_rental_home","hierarchy":["lodging","private_lodging","holiday_rental_home"],"alternates":null},"version":10}},
{"id":"5e159964-8111-4829-ada2-52fd0870af98","type":"Feature","geometry":{"type":"Point","coordinates":[-87.37941622,21.52251936]},"properties":{"categories":{"primary":"hotel","alternate":["accommodation","resort"]},"confidence":0.9859226942062378,"websites":["http://auroraholbox.com/"],"emails":["auroraholbox@gmail.com"],"socials":["https://www.facebook.com/106800380846290"],"phones":["+529848752443"],"brand":{"wikidata":null,"names":{"primary":null,"common":null,"rules":null}},"addresses":[{"freeform":"Esmedregal, C. Porfirio Díaz esq","locality":"Lázaro Cárdenas","postcode":"77310","region":null,"country":"MX"}],"names":{"primary":"Aurora Holbox","common":null,"rules":null},"sources":[{"property":"","dataset":"meta","license":"CDLA-Permissive-2.0","record_id":"106800380846290","update_time":"2026-04-27T00:00:00.000Z","confidence":0.9859226942062378,"between":null},{"property":"/properties/confidence","dataset":"Overture","license":"CDLA-Permissive-2.0","record_id":null,"update_time":"2026-06-11T11:57:15Z","confidence":null,"between":null}],"basic_category":"hotel","taxonomy":{"primary":"hotel","hierarchy":["lodging","hotel"],"alternates":null},"version":8}},
{"id":"e1a52eb2-5fe3-4e39-aff0-fe4055f6f444","type":"Feature","geometry":{"type":"Point","coordinates":[-87.38052396,21.52242666]},"properties":{"categories":{"primary":"pizza_restaurant","alternate":["italian_restaurant","mediterranean_restaurant"]},"confidence":0.6797233819961548,"emails":["quartieriholbox@gmail.com"],"socials":["https://www.facebook.com/112094951682408"],"phones":["+529983945735"],"brand":{"wikidata":null,"names":{"primary":null,"common":null,"rules":null}},"addresses":[{"freeform":"Calle Damero con Canane Isla","locality":"Lázaro Cárdenas","postcode":"77310","region":null,"country":"MX"}],"names":{"primary":"Quartieri Holbox","common":null,"rules":null},"sources":[{"property":"","dataset":"meta","license":"CDLA-Permissive-2.0","record_id":"112094951682408","update_time":"2026-04-27T00:00:00.000Z","confidence":0.6797233819961548,"between":null},{"property":"/properties/confidence","dataset":"Overture","license":"CDLA-Permissive-2.0","record_id":null,"update_time":"2026-06-11T11:57:15Z","confidence":null,"between":null}],"basic_category":"restaurant","taxonomy":{"primary":"pizza_restaurant","hierarchy":["food_and_drink","restaurant","european_restaurant","mediterranean_restaurant","italian_restaurant","pizza_restaurant"],"alternates":null},"version":8}},
{"id":"8bcafbd8-de8a-4932-a076-dc9b233fda5f","type":"Feature","geometry":{"type":"Point","coordinates":[-87.37976214,21.52234315]},"properties":{"categories":{"primary":"tours","alternate":["boat_tours","sightseeing_tour_agency"]},"confidence":0.4877623915672302,"websites":["http://glendytours.com/"],"emails":["info@glendytours.com"],"socials":["https://www.facebook.com/1574270592842039"],"phones":["+529841649092"],"brand":{"wikidata":null,"names":{"primary":null,"common":null,"rules":null}},"addresses":[{"freeform":"C. Porfirio Díaz S/N","locality":"Lázaro Cárdenas","postcode":"77310","region":null,"country":"MX"}],"names":{"primary":"Glendy Tours","common":null,"rules":null},"sources":[{"property":"","dataset":"meta","license":"CDLA-Permissive-2.0","record_id":"1574270592842039","update_time":"2026-04-27T00:00:00.000Z","confidence":0.4877623915672302,"between":null},{"property":"/properties/confidence","dataset":"Overture","license":"CDLA-Permissive-2.0","record_id":null,"update_time":"2026-06-11T11:57:15Z","confidence":null,"between":null}],"basic_category":"travel_service","taxonomy":{"primary":"tour_operator","hierarchy":["travel_and_transportation","travel_service","tour_operator"],"alternates":null},"version":9}},
{"id":"0be7534b-4886-4e22-b33b-9bcb83455057","type":"Feature","geometry":{"type":"Point","coordinates":[-87.3786884,21.52235784]},"properties":{"categories":{"primary":"bakery","alternate":["cafe","breakfast_and_brunch_restaurant"]},"confidence":0.6963016390800476,"socials":["https://www.facebook.com/1515272615374656"],"brand":{"wikidata":null,"names":{"primary":null,"common":null,"rules":null}},"addresses":[{"freeform":"Calle Gerónimo de Aguilar entre Esmedregal y Tiburón ballena","locality":"Lázaro Cárdenas","postcode":"77310","region":null,"country":"MX"}],"names":{"primary":"Baguettes D'Mary","common":null,"rules":null},"sources":[{"property":"","dataset":"meta","license":"CDLA-Permissive-2.0","record_id":"1515272615374656","update_time":"2026-04-27T00:00:00.000Z","confidence":0.6963016390800476,"between":null},{"property":"/properties/confidence","dataset":"Overture","license":"CDLA-Permissive-2.0","record_id":null,"update_time":"2026-06-11T11:57:15Z","confidence":null,"between":null}],"basic_category":"casual_eatery","taxonomy":{"primary":"bakery","hierarchy":["food_and_drink","casual_eatery","bakery"],"alternates":null},"version":9}},
{"id":"32a293ea-6cb6-461c-8c4a-20139ec6ec80","type":"Feature","geometry":{"type":"Point","coordinates":[-87.37867737,21.52237937]},"properties":{"categories":{"primary":"hotel","alternate":["accommodation","holiday_rental_home"]},"confidence":0.9763511419296265,"websites":["http://www.facebook.com/VillasElJardin"],"emails":["reservacionesmittoz@gmail.com"],"socials":["https://www.facebook.com/672639806249446"],"phones":["+529982158026"],"brand":{"wikidata":null,"names":{"primary":null,"common":null,"rules":null}},"addresses":[{"freeform":"CALLE ESMERALDA 0","locality":"Lázaro Cárdenas","postcode":"77310","region":null,"country":"MX"}],"names":{"primary":"Villas El Jardin","common":null,"rules":null},"sources":[{"property":"","dataset":"meta","license":"CDLA-Permissive-2.0","record_id":"672639806249446","update_time":"2026-04-27T00:00:00.000Z","confidence":0.9763511419296265,"between":null},{"property":"/properties/confidence","dataset":"Overture","license":"CDLA-Permissive-2.0","record_id":null,"update_time":"2026-06-11T11:57:15Z","confidence":null,"between":null}],"basic_category":"hotel","taxonomy":{"primary":"hotel","hierarchy":["lodging","hotel"],"alternates":null},"version":10}},
{"id":"06b03edd-f251-4ee7-9dab-d8f120219bb8","type":"Feature","geometry":{"type":"Point","coordinates":[-87.37797706611428,21.52248708534739]},"properties":{"categories":{"primary":"restaurant","alternate":["food_stand"]},"confidence":0.7063333988189697,"emails":["elmercaditoislaholbox@gmail.com"],"socials":["https://www.facebook.com/104741099158832"],"brand":{"wikidata":null,"names":{"primary":null,"common":null,"rules":null}},"addresses":[{"freeform":"Calle Tiburón Ballena con calle Gerónimo de Aguilar y calle Paseo Kuká ","locality":"Lázaro Cárdenas","postcode":"77310 ","region":null,"country":"MX"}],"names":{"primary":"El Mercadito Isla Holbox ","common":null,"rules":null},"sources":[{"property":"","dataset":"meta","license":"CDLA-Permissive-2.0","record_id":"104741099158832","update_time":"2026-04-27T00:00:00.000Z","confidence":0.7063333988189697,"between":null},{"property":"/properties/confidence","dataset":"Overture","license":"CDLA-Permissive-2.0","record_id":null,"update_time":"2026-06-11T11:57:15Z","confidence":null,"between":null}],"basic_category":"restaurant","taxonomy":{"primary":"restaurant","hierarchy":["food_and_drink","restaurant"],"alternates":null},"version":9}},
{"id":"ec19c3d5-b7e6-4a83-a523-bc6b4c51d630","type":"Feature","geometry":{"type":"Point","coordinates":[-87.37819529,21.52242983]},"properties":{"categories":{"primary":"restaurant","alternate":null},"confidence":0.33657172322273254,"socials":["https://www.facebook.com/853212917876960"],"phones":["+529843141781"],"brand":{"wikidata":null,"names":{"primary":null,"common":null,"rules":null}},"addresses":[{"freeform":"Calle Tiburón Ballena","locality":"Lázaro Cárdenas","postcode":"77310","region":null,"country":"MX"}],"names":{"primary":"Casa Violeta Holbox Restaurante","common":null,"rules":null},"sources":[{"property":"","dataset":"meta","license":"CDLA-Permissive-2.0","record_id":"853212917876960","update_time":"2026-04-27T00:00:00.000Z","confidence":0.33657172322273254,"between":null},{"property":"/properties/confidence","dataset":"Overture","license":"CDLA-Permissive-2.0","record_id":null,"update_time":"2026-06-11T11:57:15Z","confidence":null,"between":null}],"basic_category":"restaurant","taxonomy":{"primary":"restaurant","hierarchy":["food_and_drink","restaurant"],"alternates":null},"version":2}},
{"id":"82e29077-0ca4-4836-9a02-5e520e56187f","type":"Feature","geometry":{"type":"Point","coordinates":[-87.3781471,21.52239106]},"properties":{"categories":{"primary":"island","alternate":["travel_services","beach"]},"confidence":0.8634790182113647,"websites":["https://www.caribemexicano.travel/holbox/"],"emails":["holboxislamx@gmail.com"],"socials":["https://www.facebook.com/102983364546674"],"phones":["+529841087514"],"brand":{"wikidata":null,"names":{"primary":null,"common":null,"rules":null}},"addresses":[{"freeform":"Calle Tiburón Ballena","locality":"Lázaro Cárdenas","postcode":"77310","region":null,"country":"MX"}],"names":{"primary":"Isla Holbox","common":null,"rules":null},"sources":[{"property":"","dataset":"meta","license":"CDLA-Permissive-2.0","record_id":"102983364546674","update_time":"2026-04-27T00:00:00.000Z","confidence":0.8634790182113647,"between":null},{"property":"/properties/confidence","dataset":"Overture","license":"CDLA-Permissive-2.0","record_id":null,"update_time":"2026-06-11T11:57:15Z","confidence":null,"between":null}],"basic_category":"island","taxonomy":{"primary":"island","hierarchy":["geographic_entities","land_feature","island"],"alternates":null},"version":8}},
{"id":"0a1fa03f-4b2d-4f4e-b3f5-b1e4b4bd32bc","type":"Feature","geometry":{"type":"Point","coordinates":[-87.37812952,21.52236448]},"properties":{"categories":{"primary":"hotel","alternate":["accommodation","holiday_rental_home"]},"confidence":0.9427773952484131,"websites":["http://madreholbox.com/"],"emails":["madreholbox@gmail.com"],"socials":["https://www.facebook.com/101811278948881"],"phones":["+529841986203"],"brand":{"wikidata":null,"names":{"primary":null,"common":null,"rules":null}},"addresses":[{"freeform":"Calle Tiburón Ballena, Isla de","locality":"Lázaro Cárdenas","postcode":"77310","region":null,"country":"MX"}],"names":{"primary":"Madre Holbox","common":null,"rules":null},"sources":[{"property":"","dataset":"meta","license":"CDLA-Permissive-2.0","record_id":"101811278948881","update_time":"2026-04-27T00:00:00.000Z","confidence":0.9427773952484131,"between":null},{"property":"/properties/confidence","dataset":"Overture","license":"CDLA-Permissive-2.0","record_id":null,"update_time":"2026-06-11T11:57:15Z","confidence":null,"between":null}],"basic_category":"hotel","taxonomy":{"primary":"hotel","hierarchy":["lodging","hotel"],"alternates":null},"version":11}},
{"id":"b5776ac2-9f0e-441a-ade9-d8970ec0a756","type":"Feature","geometry":{"type":"Point","coordinates":[-87.37800695,21.52236661]},"properties":{"categories":{"primary":"restaurant","alternate":["diner"]},"confidence":0.5373318195343018,"emails":["mexiterraneoholbox@gmail.com"],"socials":["https://www.facebook.com/114852997885133"],"phones":["+529841403943"],"brand":{"wikidata":null,"names":{"primary":null,"common":null,"rules":null}},"addresses":[{"freeform":"Calle Tiburón Ballena","locality":"Lázaro Cárdenas","postcode":"77310","region":null,"country":"MX"}],"names":{"primary":"Mexiterraneo","common":null,"rules":null},"sources":[{"property":"","dataset":"meta","license":"CDLA-Permissive-2.0","record_id":"114852997885133","update_time":"2026-04-27T00:00:00.000Z","confidence":0.5373318195343018,"between":null},{"property":"/properties/confidence","dataset":"Overture","license":"CDLA-Permissive-2.0","record_id":null,"update_time":"2026-06-11T11:57:15Z","confidence":null,"between":null}],"basic_category":"restaurant","taxonomy":{"primary":"restaurant","hierarchy":["food_and_drink","restaurant"],"alternates":null},"version":1}},
{"id":"384e3a56-6269-4334-ab58-c5e67c971f37","type":"Feature","geometry":{"type":"Point","coordinates":[-87.3781318,21.52233048]},"properties":{"categories":{"primary":"taxi_service","alternate":["transportation"]},"confidence":0.20663098990917206,"socials":["https://www.facebook.com/1996004014050797"],"phones":["+529848760377"],"brand":{"wikidata":null,"names":{"primary":null,"common":null,"rules":null}},"addresses":[{"freeform":"Av, C. P.º Kuka","locality":"Lázaro Cárdenas","postcode":"77310","region":null,"country":"MX"}],"names":{"primary":"Holbox Taxi and Tours","common":null,"rules":null},"sources":[{"property":"","dataset":"meta","license":"CDLA-Permissive-2.0","record_id":"1996004014050797","update_time":"2026-04-27T00:00:00.000Z","confidence":0.20663098990917206,"between":null},{"property":"/properties/confidence","dataset":"Overture","license":"CDLA-Permissive-2.0","record_id":null,"update_time":"2026-06-11T11:57:15Z","confidence":null,"between":null}],"basic_category":"taxi_or_ride_share_service","taxonomy":{"primary":"taxi_service","hierarchy":["travel_and_transportation","ground_transport_facility_or_service","taxi_or_ride_share_service","taxi_service"],"alternates":null},"version":9}},
{"id":"a376fce4-1e66-46f9-b722-109de633993c","type":"Feature","geometry":{"type":"Point","coordinates":[-87.37780589,21.52221838]},"properties":{"categories":{"primary":"hotel","alternate":["accommodation","lodge"]},"confidence":0.7278313636779785,"websites":["https://www.suitespelicanoholbox.com.mx/?fbclid=IwAR37BM7x0-pQVs0d1PvayDKvNRzMUzsobUC8BMztCyrA7e8mFWbGrfxxBCA"],"emails":["recepcion@suitespelicanoholbox.com.mx"],"socials":["https://www.facebook.com/107872328766944"],"phones":["+529841400594"],"brand":{"wikidata":null,"names":{"primary":null,"common":null,"rules":null}},"addresses":[{"freeform":"Calle Tiburón Ballena, C. P.º Kuka Esquina","locality":"Lázaro Cárdenas","postcode":"77310","region":null,"country":"MX"}],"names":{"primary":"Hotel Pelecanus Suites","common":null,"rules":null},"sources":[{"property":"","dataset":"meta","license":"CDLA-Permissive-2.0","record_id":"107872328766944","update_time":"2026-04-27T00:00:00.000Z","confidence":0.7278313636779785,"between":null},{"property":"/properties/confidence","dataset":"Overture","license":"CDLA-Permissive-2.0","record_id":null,"update_time":"2026-06-11T11:57:15Z","confidence":null,"between":null}],"basic_category":"hotel","taxonomy":{"primary":"hotel","hierarchy":["lodging","hotel"],"alternates":null},"version":9}},
{"id":"c395a4be-0c8b-45e2-853f-04d2f8d52513","type":"Feature","geometry":{"type":"Point","coordinates":[-87.37782966,21.52223524]},"properties":{"categories":{"primary":"medical_center","alternate":["medical_service_organizations"]},"confidence":0.5319414138793945,"websites":["http://www.utstal.com/"],"emails":["centralmedicaholbox@gmail.com"],"socials":["https://www.facebook.com/862006127466352"],"phones":["+529843101032"],"brand":{"wikidata":null,"names":{"primary":null,"common":null,"rules":null}},"addresses":[{"freeform":"C. P.º Kuka","locality":"Lázaro Cárdenas","postcode":"77310","region":null,"country":"MX"}],"names":{"primary":"UMED - Clinica - Clínica Médica en Holbox","common":null,"rules":null},"sources":[{"property":"","dataset":"meta","license":"CDLA-Permissive-2.0","record_id":"862006127466352","update_time":"2026-04-27T00:00:00.000Z","confidence":0.5319414138793945,"between":null},{"property":"/properties/confidence","dataset":"Overture","license":"CDLA-Permissive-2.0","record_id":null,"update_time":"2026-06-11T11:57:15Z","confidence":null,"between":null}],"basic_category":"outpatient_care_facility","taxonomy":{"primary":"outpatient_care_facility","hierarchy":["health_care","outpatient_care_facility"],"alternates":null},"version":2}},
{"id":"6d4fbf05-1c09-4bbd-8d91-59648d0d500d","type":"Feature","geometry":{"type":"Point","coordinates":[-87.37676745,21.5222737]},"properties":{"categories":{"primary":"bakery","alternate":null},"confidence":0.502670168876648,"socials":["https://www.facebook.com/280790859310073"],"brand":{"wikidata":null,"names":{"primary":null,"common":null,"rules":null}},"addresses":[{"freeform":"","locality":"Lázaro Cárdenas","postcode":"","region":null,"country":"MX"}],"names":{"primary":"Panadería La Conchita","common":null,"rules":null},"sources":[{"property":"","dataset":"meta","license":"CDLA-Permissive-2.0","record_id":"280790859310073","update_time":"2026-04-27T00:00:00.000Z","confidence":0.502670168876648,"between":null},{"property":"/properties/confidence","dataset":"Overture","license":"CDLA-Permissive-2.0","record_id":null,"update_time":"2026-06-11T11:57:15Z","confidence":null,"between":null}],"basic_category":"casual_eatery","taxonomy":{"primary":"bakery","hierarchy":["food_and_drink","casual_eatery","bakery"],"alternates":null},"version":2}},
{"id":"4d73d1ea-adcb-4ac0-a555-65aa3973e5f9","type":"Feature","geometry":{"type":"Point","coordinates":[-87.3769784,21.5223]},"properties":{"categories":{"primary":"gym","alternate":["active_life"]},"confidence":0.6659153699874878,"websites":["http://human-training-holbox.negocio.site/"],"emails":["humantrainingholbox@gmail.com"],"socials":["https://www.facebook.com/108932411589810"],"phones":["+529991651908"],"brand":{"wikidata":null,"names":{"primary":null,"common":null,"rules":null}},"addresses":[{"freeform":"Punta Mosquito, después del Hotel Las Nubes, C. P.º Kuka s/n","locality":"Lázaro Cárdenas","postcode":"77310","region":null,"country":"MX"}],"names":{"primary":"Human Training Holbox","common":null,"rules":null},"sources":[{"property":"","dataset":"meta","license":"CDLA-Permissive-2.0","record_id":"108932411589810","update_time":"2026-04-27T00:00:00.000Z","confidence":0.6659153699874878,"between":null},{"property":"/properties/confidence","dataset":"Overture","license":"CDLA-Permissive-2.0","record_id":null,"update_time":"2026-06-11T11:57:15Z","confidence":null,"between":null}],"basic_category":"gym","taxonomy":{"primary":"gym","hierarchy":["sports_and_recreation","sport_or_fitness_facility","gym"],"alternates":null},"version":1}},
{"id":"ba1528cf-9c1a-4b32-92cc-9023cd9569db","type":"Feature","geometry":{"type":"Point","coordinates":[-87.37751538,21.52236964]},"properties":{"categories":{"primary":"hotel","alternate":["accommodation","lodge"]},"confidence":0.36095693707466125,"socials":["https://www.facebook.com/1080799505294800"],"phones":["+529848752361"],"brand":{"wikidata":null,"names":{"primary":null,"common":null,"rules":null}},"addresses":[{"freeform":"Paseo Kuka Entre Robalo y Chac-Chi","locality":"Lázaro Cárdenas","postcode":"77310","region":null,"country":"MX"}],"names":{"primary":"Hotel Elements Holbox","common":null,"rules":null},"sources":[{"property":"","dataset":"meta","license":"CDLA-Permissive-2.0","record_id":"1080799505294800","update_time":"2026-04-27T00:00:00.000Z","confidence":0.36095693707466125,"between":null},{"property":"/properties/confidence","dataset":"Overture","license":"CDLA-Permissive-2.0","record_id":null,"update_time":"2026-06-11T11:57:15Z","confidence":null,"between":null}],"basic_category":"hotel","taxonomy":{"primary":"hotel","hierarchy":["lodging","hotel"],"alternates":null},"version":2}},
{"id":"db587462-0dad-4f15-a32d-997232b1c85a","type":"Feature","geometry":{"type":"Point","coordinates":[-87.377545237541,21.522548744373]},"properties":{"confidence":0.9588911533355713,"websites":["https://theworlds100bestcoffeeshops.com/north-america-central-america-and-the-caribbean-100-best-coffee-shops-2026/mexico/"],"socials":["https://www.facebook.com/262333221016483"],"phones":["+529981862043"],"brand":{"wikidata":null,"names":{"primary":"Café de Hacienda Yalipur","common":null,"rules":null}},"addresses":[{"freeform":"Palomino 20 Centro ","locality":"Lázaro Cárdenas","postcode":"77310","region":null,"country":"MX"}],"names":{"primary":"Clandestino Café - Mérida y Holbox","common":null,"rules":null},"sources":[{"property":"","dataset":"meta","license":"CDLA-Permissive-2.0","record_id":"262333221016483","update_time":"2026-04-27T00:00:00.000Z","confidence":0.9588911533355713,"between":null},{"property":"/properties/confidence","dataset":"Overture","license":"CDLA-Permissive-2.0","record_id":null,"update_time":"2026-06-11T11:57:15Z","confidence":null,"between":null}],"basic_category":"coffee_shop","version":2}},
{"id":"e9d5ab53-20bf-421a-ac22-61e2abfc0b69","type":"Feature","geometry":{"type":"Point","coordinates":[-87.377655,21.522635]},"properties":{"categories":{"primary":"hotel","alternate":["accommodation","lodge"]},"confidence":0.9844436645507812,"websites":["http://hotelbohonito.com/"],"socials":["https://www.facebook.com/1327533687331345"],"phones":["+529982416554"],"brand":{"wikidata":null,"names":{"primary":null,"common":null,"rules":null}},"addresses":[{"freeform":"Calle Pasep Kuka no. 12 entre Tiburón Ballena y Palomino.","locality":"Lázaro Cárdenas","postcode":"77310","region":null,"country":"MX"}],"names":{"primary":"Bohonito Hotel Holbox","common":null,"rules":null},"sources":[{"property":"","dataset":"meta","license":"CDLA-Permissive-2.0","record_id":"1327533687331345","update_time":"2026-04-27T00:00:00.000Z","confidence":0.9844436645507812,"between":null},{"property":"/properties/confidence","dataset":"Overture","license":"CDLA-Permissive-2.0","record_id":null,"update_time":"2026-06-11T11:57:15Z","confidence":null,"between":null}],"basic_category":"hotel","taxonomy":{"primary":"hotel","hierarchy":["lodging","hotel"],"alternates":null},"version":3}},
{"id":"00feb6cb-4f3a-47b8-a33a-0ab0671637e9","type":"Feature","geometry":{"type":"Point","coordinates":[-87.37727535,21.52265636]},"properties":{"categories":{"primary":"hotel","alternate":["accommodation","motel"]},"confidence":0.9417475461959839,"emails":["panchonymaruxa@gmail.com"],"socials":["https://www.facebook.com/114836657794476"],"phones":["+529848752176"],"brand":{"wikidata":null,"names":{"primary":null,"common":null,"rules":null}},"addresses":[{"freeform":"C. P.º Kuka 2","locality":"Lázaro Cárdenas","postcode":"77310","region":null,"country":"MX"}],"names":{"primary":"Posada Don Panchon y Maruxa","common":null,"rules":null},"sources":[{"property":"","dataset":"meta","license":"CDLA-Permissive-2.0","record_id":"114836657794476","update_time":"2026-04-27T00:00:00.000Z","confidence":0.9417475461959839,"between":null},{"property":"/properties/confidence","dataset":"Overture","license":"CDLA-Permissive-2.0","record_id":null,"update_time":"2026-06-11T11:57:15Z","confidence":null,"between":null}],"basic_category":"hotel","taxonomy":{"primary":"hotel","hierarchy":["lodging","hotel"],"alternates":null},"version":9}},
{"id":"5346eadb-0a89-41f9-9568-bd82d188432b","type":"Feature","geometry":{"type":"Point","coordinates":[-87.37717,21.52273]},"properties":{"categories":{"primary":"mexican_restaurant","alternate":["tattoo_and_piercing"]},"confidence":0.30925998091697693,"websites":["http://creadoresdecultura.com/"],"socials":["https://www.facebook.com/1839095636194467"],"phones":["+527224007000"],"brand":{"wikidata":null,"names":{"primary":null,"common":null,"rules":null}},"addresses":[{"freeform":"Palomino","locality":"Lázaro Cárdenas","postcode":null,"region":null,"country":"MX"}],"names":{"primary":"Tatuadores Mexicanos","common":null,"rules":null},"sources":[{"property":"","dataset":"meta","license":"CDLA-Permissive-2.0","record_id":"1839095636194467","update_time":"2026-04-27T00:00:00.000Z","confidence":0.30925998091697693,"between":null},{"property":"/properties/confidence","dataset":"Overture","license":"CDLA-Permissive-2.0","record_id":null,"update_time":"2026-06-11T11:57:15Z","confidence":null,"between":null}],"basic_category":"restaurant","taxonomy":{"primary":"mexican_restaurant","hierarchy":["food_and_drink","restaurant","latin_american_restaurant","mexican_restaurant"],"alternates":null},"version":7}},
{"id":"5c86b879-b0c3-4c12-b655-eeef721d100e","type":"Feature","geometry":{"type":"Point","coordinates":[-87.3761882,21.52258463]},"properties":{"categories":{"primary":"hotel","alternate":["lodge","accommodation"]},"confidence":0.6266223192214966,"emails":["lahondesjulie@yahoo.fr"],"socials":["https://www.facebook.com/108177764668345"],"phones":["+529841002097"],"brand":{"wikidata":null,"names":{"primary":null,"common":null,"rules":null}},"addresses":[{"freeform":"","locality":"Lázaro Cárdenas","postcode":"","region":null,"country":"MX"}],"names":{"primary":"Casa Emma","common":null,"rules":null},"sources":[{"property":"","dataset":"meta","license":"CDLA-Permissive-2.0","record_id":"108177764668345","update_time":"2026-04-27T00:00:00.000Z","confidence":0.6266223192214966,"between":null},{"property":"/properties/confidence","dataset":"Overture","license":"CDLA-Permissive-2.0","record_id":null,"update_time":"2026-06-11T11:57:15Z","confidence":null,"between":null}],"basic_category":"hotel","taxonomy":{"primary":"hotel","hierarchy":["lodging","hotel"],"alternates":null},"version":9}},
{"id":"c4874650-419e-4eb7-aa19-938cd94b2326","type":"Feature","geometry":{"type":"Point","coordinates":[-87.3759287,21.5227278]},"properties":{"confidence":0.8523081541061401,"emails":["gameroomholbox@gmail.com"],"socials":["https://www.facebook.com/107769945556214"],"brand":{"wikidata":null,"names":{"primary":null,"common":null,"rules":null}},"addresses":[{"freeform":"Paseo kuká entre carito y sierra ","locality":"Lázaro Cárdenas","postcode":"77310","region":null,"country":"MX"}],"names":{"primary":"Game Room Holbox ","common":null,"rules":null},"sources":[{"property":"","dataset":"meta","license":"CDLA-Permissive-2.0","record_id":"107769945556214","update_time":"2026-04-27T00:00:00.000Z","confidence":0.8523081541061401,"between":null},{"property":"/properties/confidence","dataset":"Overture","license":"CDLA-Permissive-2.0","record_id":null,"update_time":"2026-06-11T11:57:15Z","confidence":null,"between":null}],"version":2}},
{"id":"a9cba569-b4b7-41e0-b3ce-44105ed2efa2","type":"Feature","geometry":{"type":"Point","coordinates":[-87.37639228,21.52239096]},"properties":{"categories":{"primary":"hotel","alternate":["accommodation","professional_services"]},"confidence":0.5708625912666321,"emails":["grupomd03@gmail.com"],"socials":["https://www.facebook.com/241781702354089"],"phones":["+529841827594"],"brand":{"wikidata":null,"names":{"primary":null,"common":null,"rules":null}},"addresses":[{"freeform":"","locality":"Lázaro Cárdenas","postcode":"77310","region":null,"country":"MX"}],"names":{"primary":"Wíinik Room","common":null,"rules":null},"sources":[{"property":"","dataset":"meta","license":"CDLA-Permissive-2.0","record_id":"241781702354089","update_time":"2026-04-27T00:00:00.000Z","confidence":0.5708625912666321,"between":null},{"property":"/properties/confidence","dataset":"Overture","license":"CDLA-Permissive-2.0","record_id":null,"update_time":"2026-06-11T11:57:15Z","confidence":null,"between":null}],"basic_category":"hotel","taxonomy":{"primary":"hotel","hierarchy":["lodging","hotel"],"alternates":null},"version":8}},
{"id":"2c5f6eb9-5b81-4a96-a214-f765e3d4f336","type":"Feature","geometry":{"type":"Point","coordinates":[-87.373065948486,21.523349697296]},"properties":{"categories":{"primary":"beach","alternate":["attractions_and_activities","island"]},"confidence":0.28113824129104614,"websites":["http://ismaelmoguel.com/"],"emails":["contacto@ismaelmoguel.com"],"socials":["https://www.facebook.com/258476150832325"],"phones":["+529841446073"],"brand":{"wikidata":null,"names":{"primary":null,"common":null,"rules":null}},"addresses":[{"freeform":null,"locality":"Holbox","postcode":null,"region":null,"country":"MX"}],"names":{"primary":"Ismael Moguel Canto","common":null,"rules":null},"sources":[{"property":"","dataset":"meta","license":"CDLA-Permissive-2.0","record_id":"258476150832325","update_time":"2026-04-27T00:00:00.000Z","confidence":0.28113824129104614,"between":null},{"property":"/properties/confidence","dataset":"Overture","license":"CDLA-Permissive-2.0","record_id":null,"update_time":"2026-06-11T11:57:15Z","confidence":null,"between":null}],"basic_category":"beach","taxonomy":{"primary":"beach","hierarchy":["geographic_entities","land_feature","beach"],"alternates":null},"version":1}},
{"id":"ef7d79f7-1c84-46ea-920f-c4b0e137d94e","type":"Feature","geometry":{"type":"Point","coordinates":[-87.376488447189,21.523075227945]},"properties":{"categories":{"primary":"professional_services","alternate":["hotel","accommodation"]},"confidence":0.6113957166671753,"emails":["diosergo@gmail.com"],"socials":["https://www.facebook.com/1209149965860349"],"phones":["+529841009118"],"brand":{"wikidata":null,"names":{"primary":null,"common":null,"rules":null}},"addresses":[{"freeform":"Calle Carito No. 14 entre Kuka Y Hernan Cortés","locality":"Lázaro Cárdenas","postcode":"77310","region":null,"country":"MX"}],"names":{"primary":"Casa Santa Lucía, Isla Holbox.","common":null,"rules":null},"sources":[{"property":"","dataset":"meta","license":"CDLA-Permissive-2.0","record_id":"1209149965860349","update_time":"2026-04-27T00:00:00.000Z","confidence":0.6113957166671753,"between":null},{"property":"/properties/confidence","dataset":"Overture","license":"CDLA-Permissive-2.0","record_id":null,"update_time":"2026-06-11T11:57:15Z","confidence":null,"between":null}],"basic_category":"professional_service","taxonomy":{"primary":"professional_service","hierarchy":["services_and_business","professional_service"],"alternates":null},"version":9}},
{"id":"86fe8265-78e2-4e4b-9b70-3c3d13038835","type":"Feature","geometry":{"type":"Point","coordinates":[-87.37710993,21.52280477]},"properties":{"categories":{"primary":"mexican_restaurant","alternate":["latin_american_restaurant","restaurant"]},"confidence":0.7473710775375366,"socials":["https://www.facebook.com/387043708747644"],"phones":["+529841389921"],"brand":{"wikidata":null,"names":{"primary":null,"common":null,"rules":null}},"addresses":[{"freeform":"C. Palomino 96","locality":"Lázaro Cárdenas","postcode":"77310","region":null,"country":"MX"}],"names":{"primary":"Antojitos Kanasin","common":null,"rules":null},"sources":[{"property":"","dataset":"meta","license":"CDLA-Permissive-2.0","record_id":"387043708747644","update_time":"2026-04-27T00:00:00.000Z","confidence":0.7473710775375366,"between":null},{"property":"/properties/confidence","dataset":"Overture","license":"CDLA-Permissive-2.0","record_id":null,"update_time":"2026-06-11T11:57:15Z","confidence":null,"between":null}],"basic_category":"restaurant","taxonomy":{"primary":"mexican_restaurant","hierarchy":["food_and_drink","restaurant","latin_american_restaurant","mexican_restaurant"],"alternates":null},"version":8}},
{"id":"9c3964ea-45b2-463b-b881-72f0cfb34d77","type":"Feature","geometry":{"type":"Point","coordinates":[-87.37757,21.523092]},"properties":{"categories":{"primary":"cafe","alternate":["coffee_shop","desserts"]},"confidence":0.8823334574699402,"emails":["aura.holbox@gmail.com"],"socials":["https://www.facebook.com/109055774718813"],"phones":["+529811579557"],"brand":{"wikidata":null,"names":{"primary":null,"common":null,"rules":null}},"addresses":[{"freeform":"Calle Palomino #307","locality":"Lázaro Cárdenas","postcode":"77310","region":null,"country":"MX"}],"names":{"primary":"Aura Holbox","common":null,"rules":null},"sources":[{"property":"","dataset":"meta","license":"CDLA-Permissive-2.0","record_id":"109055774718813","update_time":"2026-04-27T00:00:00.000Z","confidence":0.8823334574699402,"between":null},{"property":"/properties/confidence","dataset":"Overture","license":"CDLA-Permissive-2.0","record_id":null,"update_time":"2026-06-11T11:57:15Z","confidence":null,"between":null}],"basic_category":"cafe","taxonomy":{"primary":"cafe","hierarchy":["food_and_drink","casual_eatery","cafe"],"alternates":null},"version":10}},
{"id":"36660cdb-c8b1-4477-9d3f-00276c6fbaa6","type":"Feature","geometry":{"type":"Point","coordinates":[-87.37769083,21.52307628]},"properties":{"categories":{"primary":"bike_rentals","alternate":["bicycle_shop"]},"confidence":0.3949044644832611,"websites":["http://www.xocbikes.com/"],"emails":["xocbikes@gmail.com"],"socials":["https://www.facebook.com/237389316131565"],"phones":["+19258521358"],"brand":{"wikidata":null,"names":{"primary":null,"common":null,"rules":null}},"addresses":[{"freeform":"C. Palomino MZ 125 09","locality":"Lázaro Cárdenas","postcode":"77310","region":null,"country":"MX"}],"names":{"primary":"XOC BIKES","common":null,"rules":null},"sources":[{"property":"","dataset":"meta","license":"CDLA-Permissive-2.0","record_id":"237389316131565","update_time":"2026-04-27T00:00:00.000Z","confidence":0.3949044644832611,"between":null},{"property":"/properties/confidence","dataset":"Overture","license":"CDLA-Permissive-2.0","record_id":null,"update_time":"2026-06-11T11:57:15Z","confidence":null,"between":null}],"basic_category":"recreational_equipment_rental","taxonomy":{"primary":"bike_rental","hierarchy":["sports_and_recreation","recreational_equipment_rental","bike_rental"],"alternates":null},"version":9}},
{"id":"f8b8c56f-b17d-4726-8e70-400716f45f08","type":"Feature","geometry":{"type":"Point","coordinates":[-87.377568486243,21.523050754271]},"properties":{"categories":{"primary":"barber","alternate":["beauty_salon","beauty_and_spa"]},"confidence":0.6120872497558594,"emails":["osielvilla06@gmail.com"],"socials":["https://www.facebook.com/101756288608113"],"phones":["+529841850774"],"brand":{"wikidata":null,"names":{"primary":null,"common":null,"rules":null}},"addresses":[{"freeform":"Palomino\\n","locality":"Lázaro Cárdenas","postcode":"77310","region":null,"country":"MX"}],"names":{"primary":"Davos' Barber shop","common":null,"rules":null},"sources":[{"property":"","dataset":"meta","license":"CDLA-Permissive-2.0","record_id":"101756288608113","update_time":"2026-04-27T00:00:00.000Z","confidence":0.6120872497558594,"between":null},{"property":"/properties/confidence","dataset":"Overture","license":"CDLA-Permissive-2.0","record_id":null,"update_time":"2026-06-11T11:57:15Z","confidence":null,"between":null}],"basic_category":"personal_or_beauty_service","taxonomy":{"primary":"barber","hierarchy":["lifestyle_services","personal_or_beauty_service","barber"],"alternates":null},"version":8}},
{"id":"35dbc5fb-0b64-4c52-8ad3-3b71a0da92cd","type":"Feature","geometry":{"type":"Point","coordinates":[-87.37761083,21.52317214]},"properties":{"categories":{"primary":"mexican_restaurant","alternate":["restaurant","diner"]},"confidence":0.5364862680435181,"socials":["https://www.facebook.com/564656230074560"],"phones":["+529982282026"],"brand":{"wikidata":null,"names":{"primary":null,"common":null,"rules":null}},"addresses":[{"freeform":"C. Palomino","locality":"Lázaro Cárdenas","postcode":"77310","region":null,"country":"MX"}],"names":{"primary":"La Mexiquense Holbox","common":null,"rules":null},"sources":[{"property":"","dataset":"meta","license":"CDLA-Permissive-2.0","record_id":"564656230074560","update_time":"2026-04-27T00:00:00.000Z","confidence":0.5364862680435181,"between":null},{"property":"/properties/confidence","dataset":"Overture","license":"CDLA-Permissive-2.0","record_id":null,"update_time":"2026-06-11T11:57:15Z","confidence":null,"between":null}],"basic_category":"restaurant","taxonomy":{"primary":"mexican_restaurant","hierarchy":["food_and_drink","restaurant","latin_american_restaurant","mexican_restaurant"],"alternates":null},"version":2}},
{"id":"3a6c4dfe-73f2-4830-b300-1e47df32e247","type":"Feature","geometry":{"type":"Point","coordinates":[-87.37653547,21.5231252]},"properties":{"categories":{"primary":"hotel","alternate":["accommodation","lodge"]},"confidence":0.5482592582702637,"socials":["https://www.facebook.com/104845874418285"],"phones":["+529841812253"],"brand":{"wikidata":null,"names":{"primary":null,"common":null,"rules":null}},"addresses":[{"freeform":"C. Carito 16","locality":"Lázaro Cárdenas","postcode":"77310","region":null,"country":"MX"}],"names":{"primary":"Casa Mech","common":null,"rules":null},"sources":[{"property":"","dataset":"meta","license":"CDLA-Permissive-2.0","record_id":"104845874418285","update_time":"2026-04-27T00:00:00.000Z","confidence":0.5482592582702637,"between":null},{"property":"/properties/confidence","dataset":"Overture","license":"CDLA-Permissive-2.0","record_id":null,"update_time":"2026-06-11T11:57:15Z","confidence":null,"between":null}],"basic_category":"hotel","taxonomy":{"primary":"hotel","hierarchy":["lodging","hotel"],"alternates":null},"version":11}},
{"id":"09624546-e000-4820-a924-24b876f28153","type":"Feature","geometry":{"type":"Point","coordinates":[-87.37678349,21.52315908]},"properties":{"categories":{"primary":"clothing_store","alternate":["womens_clothing_store"]},"confidence":0.8941066861152649,"socials":["https://www.facebook.com/110634166276992"],"phones":["+19545050830"],"brand":{"wikidata":null,"names":{"primary":null,"common":null,"rules":null}},"addresses":[{"freeform":"C. Carito","locality":"Lázaro Cárdenas","postcode":"77310","region":null,"country":"MX"}],"names":{"primary":"La Cubana.","common":null,"rules":null},"sources":[{"property":"","dataset":"meta","license":"CDLA-Permissive-2.0","record_id":"110634166276992","update_time":"2026-04-27T00:00:00.000Z","confidence":0.8941066861152649,"between":null},{"property":"/properties/confidence","dataset":"Overture","license":"CDLA-Permissive-2.0","record_id":null,"update_time":"2026-06-11T11:57:15Z","confidence":null,"between":null}],"basic_category":"fashion_and_apparel_store","taxonomy":{"primary":"clothing_store","hierarchy":["shopping","fashion_and_apparel_store","clothing_store"],"alternates":null},"version":9}},
{"id":"660aa893-9094-4d1a-b036-2c6ad7d9e892","type":"Feature","geometry":{"type":"Point","coordinates":[-87.37671186,21.5232332]},"properties":{"categories":{"primary":"mexican_restaurant","alternate":["latin_american_restaurant","restaurant"]},"confidence":0.9903251951932908,"websites":["https://restaurantemilpaholbox.com/"],"emails":["restaurantemilpa@gmail.com"],"socials":["https://www.facebook.com/101072198354572"],"phones":["+525523939794"],"brand":{"wikidata":null,"names":{"primary":null,"common":null,"rules":null}},"addresses":[{"freeform":"esquina con, Calle Paseo Kuka, C. Carito","locality":"Lázaro Cárdenas","postcode":"77310","region":null,"country":"MX"}],"names":{"primary":"Restaurante Milpa Holbox","common":null,"rules":null},"sources":[{"property":"","dataset":"meta","license":"CDLA-Permissive-2.0","record_id":"101072198354572","update_time":"2026-04-27T00:00:00.000Z","confidence":0.957935631275177,"between":null},{"property":"/properties/confidence","dataset":"Overture","license":"CDLA-Permissive-2.0","record_id":null,"update_time":"2026-06-11T11:57:15Z","confidence":null,"between":null}],"basic_category":"restaurant","taxonomy":{"primary":"mexican_restaurant","hierarchy":["food_and_drink","restaurant","latin_american_restaurant","mexican_restaurant"],"alternates":null},"version":2}},
{"id":"f912ab04-dfb0-47aa-84b2-ef039a08807a","type":"Feature","geometry":{"type":"Point","coordinates":[-87.37662424,21.52325465]},"properties":{"categories":{"primary":"mexican_restaurant","alternate":["taco_restaurant","restaurant"]},"confidence":0.9919481873512268,"socials":["https://www.facebook.com/108734248541152"],"phones":["+529987643429"],"brand":{"wikidata":null,"names":{"primary":null,"common":null,"rules":null}},"addresses":[{"freeform":"C. P.º Kuka","locality":"Lázaro Cárdenas","postcode":"77310","region":null,"country":"MX"}],"names":{"primary":"Taquería El Poblano Holbox","common":null,"rules":null},"sources":[{"property":"","dataset":"meta","license":"CDLA-Permissive-2.0","record_id":"108734248541152","update_time":"2026-04-27T00:00:00.000Z","confidence":0.9919481873512268,"between":null},{"property":"/properties/confidence","dataset":"Overture","license":"CDLA-Permissive-2.0","record_id":null,"update_time":"2026-06-11T11:57:15Z","confidence":null,"between":null}],"basic_category":"restaurant","taxonomy":{"primary":"mexican_restaurant","hierarchy":["food_and_drink","restaurant","latin_american_restaurant","mexican_restaurant"],"alternates":null},"version":7}},
{"id":"b812e24c-18e7-4b9c-9dca-31f3adfc6f1f","type":"Feature","geometry":{"type":"Point","coordinates":[-87.377132177353,21.523389620068]},"properties":{"categories":{"primary":"mexican_restaurant","alternate":["food_stand","fast_food_restaurant"]},"confidence":0.7775888442993164,"socials":["https://www.facebook.com/105040674204512"],"phones":["+529843169285"],"brand":{"wikidata":null,"names":{"primary":null,"common":null,"rules":null}},"addresses":[{"freeform":"Calle Carito Entre Paseo Kuka Y Geronimo De Aguilar","locality":"Lázaro Cárdenas","postcode":"77310","region":null,"country":"MX"}],"names":{"primary":"Taqueria Mérida","common":null,"rules":null},"sources":[{"property":"","dataset":"meta","license":"CDLA-Permissive-2.0","record_id":"105040674204512","update_time":"2026-04-27T00:00:00.000Z","confidence":0.7775888442993164,"between":null},{"property":"/properties/confidence","dataset":"Overture","license":"CDLA-Permissive-2.0","record_id":null,"update_time":"2026-06-11T11:57:15Z","confidence":null,"between":null}],"basic_category":"restaurant","taxonomy":{"primary":"mexican_restaurant","hierarchy":["food_and_drink","restaurant","latin_american_restaurant","mexican_restaurant"],"alternates":null},"version":8}},
{"id":"e69aa347-35d9-4afa-b8a4-7acc3f27c533","type":"Feature","geometry":{"type":"Point","coordinates":[-87.37785177,21.52335791]},"properties":{"categories":{"primary":"caribbean_restaurant","alternate":["restaurant","seafood_restaurant"]},"confidence":0.7243212461471558,"socials":["https://www.facebook.com/277202188965398"],"phones":["+529841059372"],"brand":{"wikidata":null,"names":{"primary":null,"common":null,"rules":null}},"addresses":[{"freeform":"Calle Gerónimo de Aguilar esquina","locality":"Lázaro Cárdenas","postcode":"77310","region":null,"country":"MX"}],"names":{"primary":"Restaurante Zarabanda","common":null,"rules":null},"sources":[{"property":"","dataset":"meta","license":"CDLA-Permissive-2.0","record_id":"277202188965398","update_time":"2026-04-27T00:00:00.000Z","confidence":0.7243212461471558,"between":null},{"property":"/properties/confidence","dataset":"Overture","license":"CDLA-Permissive-2.0","record_id":null,"update_time":"2026-06-11T11:57:15Z","confidence":null,"between":null}],"basic_category":"restaurant","taxonomy":{"primary":"caribbean_restaurant","hierarchy":["food_and_drink","restaurant","latin_american_restaurant","caribbean_restaurant"],"alternates":null},"version":8}},
{"id":"e85e8632-362e-4370-b08e-4a3f29dfd014","type":"Feature","geometry":{"type":"Point","coordinates":[-87.3770119,21.52350527]},"properties":{"categories":{"primary":"womens_clothing_store","alternate":["clothing_store","shopping"]},"confidence":0.5998650193214417,"websites":["http://www.lucesdetulapparel.store/"],"emails":["lucesdetul@hotmail.com"],"socials":["https://www.facebook.com/399856100160556"],"phones":["+529984260787"],"brand":{"wikidata":null,"names":{"primary":null,"common":null,"rules":null}},"addresses":[{"freeform":"C. Carito S/N","locality":"Lázaro Cárdenas","postcode":"77310","region":null,"country":"MX"}],"names":{"primary":"Luces de Tul Apparel","common":null,"rules":null},"sources":[{"property":"","dataset":"meta","license":"CDLA-Permissive-2.0","record_id":"399856100160556","update_time":"2026-04-27T00:00:00.000Z","confidence":0.5998650193214417,"between":null},{"property":"/properties/confidence","dataset":"Overture","license":"CDLA-Permissive-2.0","record_id":null,"update_time":"2026-06-11T11:57:15Z","confidence":null,"between":null}],"basic_category":"fashion_and_apparel_store","taxonomy":{"primary":"womens_clothing_store","hierarchy":["shopping","fashion_and_apparel_store","clothing_store","womens_clothing_store"],"alternates":null},"version":8}},
{"id":"3ca9d96f-ece2-4923-afa0-b5518e3c0d5b","type":"Feature","geometry":{"type":"Point","coordinates":[-87.37659754,21.52361194]},"properties":{"categories":{"primary":"cafe","alternate":["coffee_shop"]},"confidence":0.562969982624054,"socials":["https://www.facebook.com/233037749897118"],"phones":["+525511888359"],"brand":{"wikidata":null,"names":{"primary":null,"common":null,"rules":null}},"addresses":[{"freeform":"C. P.º Kuka","locality":"Lázaro Cárdenas","postcode":"77310","region":null,"country":"MX"}],"names":{"primary":"Café León, Isla Holbox","common":null,"rules":null},"sources":[{"property":"","dataset":"meta","license":"CDLA-Permissive-2.0","record_id":"233037749897118","update_time":"2026-04-27T00:00:00.000Z","confidence":0.562969982624054,"between":null},{"property":"/properties/confidence","dataset":"Overture","license":"CDLA-Permissive-2.0","record_id":null,"update_time":"2026-06-11T11:57:15Z","confidence":null,"between":null}],"basic_category":"cafe","taxonomy":{"primary":"cafe","hierarchy":["food_and_drink","casual_eatery","cafe"],"alternates":null},"version":8}},
{"id":"7c54ec07-4909-4096-9762-f156d89f854f","type":"Feature","geometry":{"type":"Point","coordinates":[-87.37749523,21.52391126]},"properties":{"categories":{"primary":"seafood_restaurant","alternate":["mexican_restaurant","restaurant"]},"confidence":0.9416397213935852,"socials":["https://www.facebook.com/925398997550284"],"phones":["+529841289879"],"brand":{"wikidata":null,"names":{"primary":null,"common":null,"rules":null}},"addresses":[{"freeform":"C. Carito","locality":"Lázaro Cárdenas","postcode":"77310","region":null,"country":"MX"}],"names":{"primary":"Ceviches La Chingada","common":null,"rules":null},"sources":[{"property":"","dataset":"meta","license":"CDLA-Permissive-2.0","record_id":"925398997550284","update_time":"2026-04-27T00:00:00.000Z","confidence":0.9416397213935852,"between":null},{"property":"/properties/confidence","dataset":"Overture","license":"CDLA-Permissive-2.0","record_id":null,"update_time":"2026-06-11T11:57:15Z","confidence":null,"between":null}],"basic_category":"restaurant","taxonomy":{"primary":"seafood_restaurant","hierarchy":["food_and_drink","restaurant","seafood_restaurant"],"alternates":null},"version":8}},
{"id":"7a1a3061-2eee-492e-8b5d-50b141f3a228","type":"Feature","geometry":{"type":"Point","coordinates":[-87.3771014,21.52395987]},"properties":{"categories":{"primary":"hotel","alternate":["accommodation","resort"]},"confidence":0.9387919902801514,"websites":["http://www.shankaraholbox.com/"],"emails":["reservations@shankaraholbox.com"],"socials":["https://www.facebook.com/107567307477778"],"phones":["+529841983955"],"brand":{"wikidata":null,"names":{"primary":"Shankara Holbox","common":null,"rules":null}},"addresses":[{"freeform":"Calle Geronimo de Aguilar e/ Carito y Sierra","locality":"Lázaro Cárdenas","postcode":"77310","region":null,"country":"MX"}],"names":{"primary":"Hotel Shankara Holbox","common":null,"rules":null},"sources":[{"property":"","dataset":"meta","license":"CDLA-Permissive-2.0","record_id":"107567307477778","update_time":"2026-04-27T00:00:00.000Z","confidence":0.9387919902801514,"between":null},{"property":"/properties/confidence","dataset":"Overture","license":"CDLA-Permissive-2.0","record_id":null,"update_time":"2026-06-11T11:57:15Z","confidence":null,"between":null}],"basic_category":"hotel","taxonomy":{"primary":"hotel","hierarchy":["lodging","hotel"],"alternates":null},"version":10}},
{"id":"dbb21dc6-d2da-4715-8764-b00f10e264be","type":"Feature","geometry":{"type":"Point","coordinates":[-87.377156,21.523801]},"properties":{"categories":{"primary":"holiday_rental_home","alternate":null},"confidence":0.77,"websites":["http://www.shankaraholbox.com"],"socials":["https://www.instagram.com/shankaraholbox"],"phones":["984 198 3955"],"addresses":[{"freeform":"Geronimo De Aguilar s/n","locality":"Lázaro Cárdenas","postcode":"77310","region":"QROO","country":"MX"}],"names":{"primary":"Shankara Suites & Apartments","common":null,"rules":null},"sources":[{"property":"","dataset":"Foursquare","license":"Apache-2.0","record_id":"5f4bcc08172de970d1c1cbd9","update_time":"2025-09-22T00:00:00.000","confidence":0.77,"between":null},{"property":"/properties/confidence","dataset":"Overture","license":"CDLA-Permissive-2.0","record_id":null,"update_time":"2026-06-11T11:57:15Z","confidence":null,"between":null}],"basic_category":"private_lodging","taxonomy":{"primary":"holiday_rental_home","hierarchy":["lodging","private_lodging","holiday_rental_home"],"alternates":null},"version":5}},
{"id":"0b51a9c5-645d-4f58-8ff4-e93f96a136bf","type":"Feature","geometry":{"type":"Point","coordinates":[-87.376756668091,21.523748924518]},"properties":{"categories":{"primary":"hotel","alternate":["travel"]},"confidence":0.6932816505432129,"emails":["hotelmayainn@hotmail.com"],"socials":["https://www.facebook.com/1406942722906369"],"brand":{"wikidata":null,"names":{"primary":null,"common":null,"rules":null}},"addresses":[{"freeform":"Avenida Paseo Kuka","locality":"Lázaro Cárdenas","postcode":"77310","region":null,"country":"MX"}],"names":{"primary":"Hotel & Residence gruppo Ambremasc","common":null,"rules":null},"sources":[{"property":"","dataset":"meta","license":"CDLA-Permissive-2.0","record_id":"1406942722906369","update_time":"2026-04-27T00:00:00.000Z","confidence":0.6932816505432129,"between":null},{"property":"/properties/confidence","dataset":"Overture","license":"CDLA-Permissive-2.0","record_id":null,"update_time":"2026-06-11T11:57:15Z","confidence":null,"between":null}],"basic_category":"hotel","taxonomy":{"primary":"hotel","hierarchy":["lodging","hotel"],"alternates":null},"version":1}},
{"id":"661018ac-ff31-475d-9dac-03becc750bfb","type":"Feature","geometry":{"type":"Point","coordinates":[-87.375319004059,21.52392857641]},"properties":{"categories":{"primary":"travel_services","alternate":["tours"]},"confidence":0.6577367186546326,"websites":["https://holboxisla.com/"],"emails":["holboxfamily@gmail.com"],"socials":["https://www.facebook.com/764000913715969"],"phones":["+525529571757"],"brand":{"wikidata":null,"names":{"primary":null,"common":null,"rules":null}},"addresses":[{"freeform":"Kulkay 7","locality":"Lázaro Cárdenas","postcode":"77310","region":null,"country":"MX"}],"names":{"primary":"Holbox Hotel","common":null,"rules":null},"sources":[{"property":"","dataset":"meta","license":"CDLA-Permissive-2.0","record_id":"764000913715969","update_time":"2026-04-27T00:00:00.000Z","confidence":0.6577367186546326,"between":null},{"property":"/properties/confidence","dataset":"Overture","license":"CDLA-Permissive-2.0","record_id":null,"update_time":"2026-06-11T11:57:15Z","confidence":null,"between":null}],"basic_category":"travel_service","taxonomy":{"primary":"travel_service","hierarchy":["travel_and_transportation","travel_service"],"alternates":null},"version":8}},
{"id":"672b7631-f983-4dab-9ab0-ec7a9cd04e84","type":"Feature","geometry":{"type":"Point","coordinates":[-87.37519561,21.52340667]},"properties":{"categories":{"primary":"holiday_rental_home","alternate":["accommodation","lodge"]},"confidence":0.9307894706726074,"websites":["http://www.lacasademia.com/holbox"],"emails":["casamiaholbox@gmail.com"],"socials":["https://www.facebook.com/104386528590516"],"phones":["+529861125459"],"brand":{"wikidata":null,"names":{"primary":null,"common":null,"rules":null}},"addresses":[{"freeform":"C. Hernán Cortés entre Calle Sierra y Calle Vulkay","locality":"Lázaro Cárdenas","postcode":"77310","region":null,"country":"MX"}],"names":{"primary":"La Casa de Mia Holbox","common":null,"rules":null},"sources":[{"property":"","dataset":"meta","license":"CDLA-Permissive-2.0","record_id":"104386528590516","update_time":"2026-04-27T00:00:00.000Z","confidence":0.9307894706726074,"between":null},{"property":"/properties/confidence","dataset":"Overture","license":"CDLA-Permissive-2.0","record_id":null,"update_time":"2026-06-11T11:57:15Z","confidence":null,"between":null}],"basic_category":"private_lodging","taxonomy":{"primary":"holiday_rental_home","hierarchy":["lodging","private_lodging","holiday_rental_home"],"alternates":null},"version":2}},
{"id":"05e65e5c-e94b-4e0f-90b4-4d3b55ef974a","type":"Feature","geometry":{"type":"Point","coordinates":[-87.37702176,21.52422139]},"properties":{"categories":{"primary":"hotel","alternate":["accommodation","motel"]},"confidence":0.988012433052063,"emails":["pachamamaholbox.mex@gmail.com"],"socials":["https://www.facebook.com/108574444311983"],"phones":["+529841321226"],"brand":{"wikidata":null,"names":{"primary":null,"common":null,"rules":null}},"addresses":[{"freeform":"calle gerónimo de aguilar holbox","locality":"Lázaro Cárdenas","postcode":"77310","region":null,"country":"MX"}],"names":{"primary":"Pachamama Holbox - Hostel & Private Apartments","common":null,"rules":null},"sources":[{"property":"","dataset":"meta","license":"CDLA-Permissive-2.0","record_id":"108574444311983","update_time":"2026-04-27T00:00:00.000Z","confidence":0.988012433052063,"between":null},{"property":"/properties/confidence","dataset":"Overture","license":"CDLA-Permissive-2.0","record_id":null,"update_time":"2026-06-11T11:57:15Z","confidence":null,"between":null}],"basic_category":"hotel","taxonomy":{"primary":"hotel","hierarchy":["lodging","hotel"],"alternates":null},"version":10}},
{"id":"5c0ee560-bfc0-40c9-8bd3-858df0f56de4","type":"Feature","geometry":{"type":"Point","coordinates":[-87.37697552,21.52421015]},"properties":{"categories":{"primary":"hotel","alternate":["accommodation","motel"]},"confidence":0.9668654799461365,"websites":["https://linktr.ee/casasunshineholbox"],"emails":["casasunshineholbox@gmail.com"],"socials":["https://www.facebook.com/103836718411323"],"phones":["+529983942029"],"brand":{"wikidata":null,"names":{"primary":null,"common":null,"rules":null}},"addresses":[{"freeform":"Calle Geronimo de Aguilar Mazana 0018, entre calle Sierra, Island MX, y, Calle Carito","locality":"Lázaro Cárdenas","postcode":"77310","region":null,"country":"MX"}],"names":{"primary":"Casa Sunshine Holbox","common":null,"rules":null},"sources":[{"property":"","dataset":"meta","license":"CDLA-Permissive-2.0","record_id":"103836718411323","update_time":"2026-04-27T00:00:00.000Z","confidence":0.9668654799461365,"between":null},{"property":"/properties/confidence","dataset":"Overture","license":"CDLA-Permissive-2.0","record_id":null,"update_time":"2026-06-11T11:57:15Z","confidence":null,"between":null}],"basic_category":"hotel","taxonomy":{"primary":"hotel","hierarchy":["lodging","hotel"],"alternates":null},"version":5}},
{"id":"0e029b5d-685d-400b-ae70-257d055d28a9","type":"Feature","geometry":{"type":"Point","coordinates":[-87.37783,21.524141]},"properties":{"categories":{"primary":"pharmacy","alternate":null},"confidence":0.77,"websites":["http://www.farmaciasdesimilares.com.mx"],"addresses":[{"freeform":null,"locality":"Holbox","postcode":null,"region":"Quintana Roo","country":"MX"}],"names":{"primary":"Farmacias Similares","common":null,"rules":null},"sources":[{"property":"","dataset":"Foursquare","license":"Apache-2.0","record_id":"5ad2bb02e97dfb48f71fd552","update_time":"2026-01-05T00:00:00.000","confidence":0.77,"between":null},{"property":"/properties/confidence","dataset":"Overture","license":"CDLA-Permissive-2.0","record_id":null,"update_time":"2026-06-11T11:57:15Z","confidence":null,"between":null}],"basic_category":"pharmacy_and_drug_store","taxonomy":{"primary":"pharmacy","hierarchy":["shopping","specialty_store","pharmacy_and_drug_store","pharmacy"],"alternates":null},"version":5}},
{"id":"6b26fed0-3522-443c-a4ff-a6ec1199b525","type":"Feature","geometry":{"type":"Point","coordinates":[-87.37784072,21.52417091]},"properties":{"categories":{"primary":"restaurant","alternate":null},"confidence":0.8395808339118958,"socials":["https://www.facebook.com/260455719172218"],"brand":{"wikidata":null,"names":{"primary":null,"common":null,"rules":null}},"addresses":[{"freeform":"Carito y Porfirio Díaz","locality":"Lázaro Cárdenas","postcode":"77310","region":null,"country":"MX"}],"names":{"primary":"Alta Gula","common":null,"rules":null},"sources":[{"property":"","dataset":"meta","license":"CDLA-Permissive-2.0","record_id":"260455719172218","update_time":"2026-04-27T00:00:00.000Z","confidence":0.8395808339118958,"between":null},{"property":"/properties/confidence","dataset":"Overture","license":"CDLA-Permissive-2.0","record_id":null,"update_time":"2026-06-11T11:57:15Z","confidence":null,"between":null}],"basic_category":"restaurant","taxonomy":{"primary":"restaurant","hierarchy":["food_and_drink","restaurant"],"alternates":null},"version":9}},
{"id":"c6adbe20-3e28-47e7-b9bc-6b6427d2c54a","type":"Feature","geometry":{"type":"Point","coordinates":[-87.37781553,21.52432893]},"properties":{"categories":{"primary":"mexican_restaurant","alternate":["latin_american_restaurant","restaurant"]},"confidence":0.653174638748169,"socials":["https://www.facebook.com/1395664460695644"],"brand":{"wikidata":null,"names":{"primary":null,"common":null,"rules":null}},"addresses":[{"freeform":"C. Porfirio Díaz","locality":"Lázaro Cárdenas","postcode":"77310","region":null,"country":"MX"}],"names":{"primary":"Antojitos Abuelo Tom","common":null,"rules":null},"sources":[{"property":"","dataset":"meta","license":"CDLA-Permissive-2.0","record_id":"1395664460695644","update_time":"2026-04-27T00:00:00.000Z","confidence":0.653174638748169,"between":null},{"property":"/properties/confidence","dataset":"Overture","license":"CDLA-Permissive-2.0","record_id":null,"update_time":"2026-06-11T11:57:15Z","confidence":null,"between":null}],"basic_category":"restaurant","taxonomy":{"primary":"mexican_restaurant","hierarchy":["food_and_drink","restaurant","latin_american_restaurant","mexican_restaurant"],"alternates":null},"version":1}},
{"id":"c3ce3786-929e-4c7d-ba58-185bb4ad6905","type":"Feature","geometry":{"type":"Point","coordinates":[-87.3769565,21.524351]},"properties":{"categories":{"primary":"hotel","alternate":["lodge","inn"]},"confidence":0.27458930015563965,"emails":["wayakholbox@gmail.com"],"socials":["https://www.facebook.com/104379167791979"],"phones":["+529841362721"],"brand":{"wikidata":null,"names":{"primary":null,"common":null,"rules":null}},"addresses":[{"freeform":"Geronimo de aguilar Holbox","locality":"Lázaro Cárdenas","postcode":"77310","region":null,"country":"MX"}],"names":{"primary":"Wayak rooms","common":null,"rules":null},"sources":[{"property":"","dataset":"meta","license":"CDLA-Permissive-2.0","record_id":"104379167791979","update_time":"2026-04-27T00:00:00.000Z","confidence":0.27458930015563965,"between":null},{"property":"/properties/confidence","dataset":"Overture","license":"CDLA-Permissive-2.0","record_id":null,"update_time":"2026-06-11T11:57:15Z","confidence":null,"between":null}],"basic_category":"hotel","taxonomy":{"primary":"hotel","hierarchy":["lodging","hotel"],"alternates":null},"version":9}},
{"id":"1a763908-3102-4351-9721-0a988aab5acf","type":"Feature","geometry":{"type":"Point","coordinates":[-87.37675,21.52444]},"properties":{"confidence":0.6813685894012451,"emails":["nutcafeholbox@gmail.com"],"socials":["https://www.facebook.com/720479567811683"],"phones":["+529841423054"],"brand":{"wikidata":null,"names":{"primary":null,"common":null,"rules":null}},"addresses":[{"freeform":"Av Damero SN entre Calle Sierra y Calle Carito","locality":"Lázaro Cárdenas","postcode":"77310","region":null,"country":"MX"}],"names":{"primary":"Nut Café Holbox ","common":null,"rules":null},"sources":[{"property":"","dataset":"meta","license":"CDLA-Permissive-2.0","record_id":"720479567811683","update_time":"2026-04-27T00:00:00.000Z","confidence":0.6813685894012451,"between":null},{"property":"/properties/confidence","dataset":"Overture","license":"CDLA-Permissive-2.0","record_id":null,"update_time":"2026-06-11T11:57:15Z","confidence":null,"between":null}],"basic_category":"restaurant","version":2}},
{"id":"e8ade889-8448-48f9-838a-003b7d4b8e4f","type":"Feature","geometry":{"type":"Point","coordinates":[-87.376905255496,21.524566655262]},"properties":{"categories":{"primary":"hostel","alternate":null},"confidence":0.9112277030944824,"socials":["https://www.facebook.com/1780283968746869"],"brand":{"wikidata":null,"names":{"primary":null,"common":null,"rules":null}},"addresses":[{"freeform":"Calle Sierra Con Calle Geronimo de Aguilar, Holbox Island","locality":"Lázaro Cárdenas","postcode":null,"region":null,"country":"MX"}],"names":{"primary":"Hostel Mapache","common":null,"rules":null},"sources":[{"property":"","dataset":"meta","license":"CDLA-Permissive-2.0","record_id":"1780283968746869","update_time":"2026-04-27T00:00:00.000Z","confidence":0.9112277030944824,"between":null},{"property":"/properties/confidence","dataset":"Overture","license":"CDLA-Permissive-2.0","record_id":null,"update_time":"2026-06-11T11:57:15Z","confidence":null,"between":null}],"basic_category":"lodging","taxonomy":{"primary":"hostel","hierarchy":["lodging","hostel"],"alternates":null},"version":1}},
{"id":"32a95a7b-73f4-4745-a01c-db5e72346ba8","type":"Feature","geometry":{"type":"Point","coordinates":[-87.37818315,21.52453011]},"properties":{"categories":{"primary":"barber","alternate":["hair_salon"]},"confidence":0.8540399074554443,"socials":["https://www.facebook.com/109158287581448"],"phones":["+529841065526"],"brand":{"wikidata":null,"names":{"primary":null,"common":null,"rules":null}},"addresses":[{"freeform":"C. Carito entre Av Damero y Av Porfirio Diaz","locality":"Lázaro Cárdenas","postcode":"77310","region":null,"country":"MX"}],"names":{"primary":"Cortes Barber Studio","common":null,"rules":null},"sources":[{"property":"","dataset":"meta","license":"CDLA-Permissive-2.0","record_id":"109158287581448","update_time":"2026-04-27T00:00:00.000Z","confidence":0.8540399074554443,"between":null},{"property":"/properties/confidence","dataset":"Overture","license":"CDLA-Permissive-2.0","record_id":null,"update_time":"2026-06-11T11:57:15Z","confidence":null,"between":null}],"basic_category":"personal_or_beauty_service","taxonomy":{"primary":"barber","hierarchy":["lifestyle_services","personal_or_beauty_service","barber"],"alternates":null},"version":11}},
{"id":"52805ca9-7724-40ed-9037-65418a08adc1","type":"Feature","geometry":{"type":"Point","coordinates":[-87.37850181,21.52457675]},"properties":{"categories":{"primary":"barbecue_restaurant","alternate":["restaurant","diner"]},"confidence":0.37888452410697937,"socials":["https://www.facebook.com/395512363644290"],"phones":["+529834020460"],"brand":{"wikidata":null,"names":{"primary":null,"common":null,"rules":null}},"addresses":[{"freeform":"Av. Damero 310","locality":"Lázaro Cárdenas","postcode":"77310","region":null,"country":"MX"}],"names":{"primary":"Asadero Mr. Parrilla","common":null,"rules":null},"sources":[{"property":"","dataset":"meta","license":"CDLA-Permissive-2.0","record_id":"395512363644290","update_time":"2026-04-27T00:00:00.000Z","confidence":0.37888452410697937,"between":null},{"property":"/properties/confidence","dataset":"Overture","license":"CDLA-Permissive-2.0","record_id":null,"update_time":"2026-06-11T11:57:15Z","confidence":null,"between":null}],"basic_category":"restaurant","taxonomy":{"primary":"barbecue_restaurant","hierarchy":["food_and_drink","restaurant","meat_restaurant","barbecue_restaurant"],"alternates":null},"version":9}},
{"id":"909e6882-a4c7-42ee-be88-ead8a2035fab","type":"Feature","geometry":{"type":"Point","coordinates":[-87.37805018,21.5243858]},"properties":{"categories":{"primary":"bar","alternate":["mexican_restaurant","taco_restaurant"]},"confidence":0.9423819184303284,"emails":["lic.andreagonzalez@hotmail.com"],"socials":["https://www.facebook.com/568256746680268"],"phones":["+529843208979"],"brand":{"wikidata":null,"names":{"primary":null,"common":null,"rules":null}},"addresses":[{"freeform":"Calle Carito entre Av Damero y Av, C. Porfirio Díaz","locality":"Lázaro Cárdenas","postcode":"77310","region":null,"country":"MX"}],"names":{"primary":"Azulito Holbox restaurante y bar","common":null,"rules":null},"sources":[{"property":"","dataset":"meta","license":"CDLA-Permissive-2.0","record_id":"568256746680268","update_time":"2026-04-27T00:00:00.000Z","confidence":0.9423819184303284,"between":null},{"property":"/properties/confidence","dataset":"Overture","license":"CDLA-Permissive-2.0","record_id":null,"update_time":"2026-06-11T11:57:15Z","confidence":null,"between":null}],"basic_category":"bar","taxonomy":{"primary":"bar","hierarchy":["food_and_drink","alcoholic_beverage_venue","bar"],"alternates":null},"version":5}},
{"id":"1cfbf1c9-92e2-40f9-9b8b-a29ff2bbe266","type":"Feature","geometry":{"type":"Point","coordinates":[-87.3781147,21.5243929]},"properties":{"categories":{"primary":"mexican_restaurant","alternate":null},"confidence":0.7902225852012634,"socials":["https://www.facebook.com/100658728603654"],"brand":{"wikidata":null,"names":{"primary":null,"common":null,"rules":null}},"addresses":[{"freeform":"C. Carito entre Avenida Damero y Calle Porfirio Díaz","locality":"Lázaro Cárdenas","postcode":"77310","region":null,"country":"MX"}],"names":{"primary":"Xolo tacos","common":null,"rules":null},"sources":[{"property":"","dataset":"meta","license":"CDLA-Permissive-2.0","record_id":"100658728603654","update_time":"2026-04-27T00:00:00.000Z","confidence":0.7902225852012634,"between":null},{"property":"/properties/confidence","dataset":"Overture","license":"CDLA-Permissive-2.0","record_id":null,"update_time":"2026-06-11T11:57:15Z","confidence":null,"between":null}],"basic_category":"restaurant","taxonomy":{"primary":"mexican_restaurant","hierarchy":["food_and_drink","restaurant","latin_american_restaurant","mexican_restaurant"],"alternates":null},"version":10}},
{"id":"4424782f-fdab-45d6-b7c9-fb611b781dcb","type":"Feature","geometry":{"type":"Point","coordinates":[-87.378790326775,21.524364710667]},"properties":{"categories":{"primary":"tours","alternate":["travel_services"]},"confidence":0.616054117679596,"websites":["http://www.ecoadventureholbox.com/"],"emails":["jordanvelazquez@ecoadventureholbox.com"],"socials":["https://www.facebook.com/1523621451272776"],"phones":["+523334964103"],"brand":{"wikidata":null,"names":{"primary":null,"common":null,"rules":null}},"addresses":[{"freeform":"Av Damero / calle Palomino y Carito","locality":"Lázaro Cárdenas","postcode":"77310","region":null,"country":"MX"}],"names":{"primary":"Eco Adventure Holbox","common":null,"rules":null},"sources":[{"property":"","dataset":"meta","license":"CDLA-Permissive-2.0","record_id":"1523621451272776","update_time":"2026-04-27T00:00:00.000Z","confidence":0.616054117679596,"between":null},{"property":"/properties/confidence","dataset":"Overture","license":"CDLA-Permissive-2.0","record_id":null,"update_time":"2026-06-11T11:57:15Z","confidence":null,"between":null}],"basic_category":"travel_service","taxonomy":{"primary":"tour_operator","hierarchy":["travel_and_transportation","travel_service","tour_operator"],"alternates":null},"version":8}},
{"id":"3ca2783e-4848-417a-841e-ec8f7b6e0d9a","type":"Feature","geometry":{"type":"Point","coordinates":[-87.37881273,21.52432026]},"properties":{"categories":{"primary":"mexican_restaurant","alternate":["taco_restaurant","latin_american_restaurant"]},"confidence":0.42955365777015686,"socials":["https://www.facebook.com/104807498509987"],"phones":["+529843170121"],"brand":{"wikidata":null,"names":{"primary":null,"common":null,"rules":null}},"addresses":[{"freeform":"Palomino esq con Av Damero s/n","locality":"Lázaro Cárdenas","postcode":"77310","region":null,"country":"MX"}],"names":{"primary":"Temoc Tacos & Mezcal","common":null,"rules":null},"sources":[{"property":"","dataset":"meta","license":"CDLA-Permissive-2.0","record_id":"104807498509987","update_time":"2026-04-27T00:00:00.000Z","confidence":0.42955365777015686,"between":null},{"property":"/properties/confidence","dataset":"Overture","license":"CDLA-Permissive-2.0","record_id":null,"update_time":"2026-06-11T11:57:15Z","confidence":null,"between":null}],"basic_category":"restaurant","taxonomy":{"primary":"mexican_restaurant","hierarchy":["food_and_drink","restaurant","latin_american_restaurant","mexican_restaurant"],"alternates":null},"version":8}},
{"id":"130d8963-a662-4bf0-8682-5d7e1555d342","type":"Feature","geometry":{"type":"Point","coordinates":[-87.378965,21.524331]},"properties":{"categories":{"primary":"ice_cream_shop","alternate":["smoothie_juice_bar","frozen_yoghurt_shop"]},"confidence":0.45418432354927063,"socials":["https://www.facebook.com/166786850414934"],"phones":["+19841309133"],"brand":{"wikidata":null,"names":{"primary":null,"common":null,"rules":null}},"addresses":[{"freeform":"Av. Damero S/n","locality":"Lázaro Cárdenas","postcode":"77310","region":null,"country":"MX"}],"names":{"primary":"Porque No- Holbox Helado Artesanal","common":null,"rules":null},"sources":[{"property":"","dataset":"meta","license":"CDLA-Permissive-2.0","record_id":"166786850414934","update_time":"2026-04-27T00:00:00.000Z","confidence":0.45418432354927063,"between":null},{"property":"/properties/confidence","dataset":"Overture","license":"CDLA-Permissive-2.0","record_id":null,"update_time":"2026-06-11T11:57:15Z","confidence":null,"between":null}],"basic_category":"casual_eatery","taxonomy":{"primary":"ice_cream_shop","hierarchy":["food_and_drink","casual_eatery","dessert_shop","ice_cream_shop"],"alternates":null},"version":10}},
{"id":"df12c8fb-e249-4263-90c7-d91ae52e30b5","type":"Feature","geometry":{"type":"Point","coordinates":[-87.37903676,21.52428991]},"properties":{"categories":{"primary":"mexican_restaurant","alternate":["latin_american_restaurant","restaurant"]},"confidence":0.206163227558136,"websites":["https://la-miranda-de-rulo.negocio.site/?m=true"],"socials":["https://www.facebook.com/120882805208897"],"phones":["+529848752305"],"brand":{"wikidata":null,"names":{"primary":null,"common":null,"rules":null}},"addresses":[{"freeform":"AVENIDA PALOMINO","locality":"Lázaro Cárdenas","postcode":"77310","region":null,"country":"MX"}],"names":{"primary":"La Miranda de Rulo","common":null,"rules":null},"sources":[{"property":"","dataset":"meta","license":"CDLA-Permissive-2.0","record_id":"120882805208897","update_time":"2026-04-27T00:00:00.000Z","confidence":0.206163227558136,"between":null},{"property":"/properties/confidence","dataset":"Overture","license":"CDLA-Permissive-2.0","record_id":null,"update_time":"2026-06-11T11:57:15Z","confidence":null,"between":null}],"basic_category":"restaurant","taxonomy":{"primary":"mexican_restaurant","hierarchy":["food_and_drink","restaurant","latin_american_restaurant","mexican_restaurant"],"alternates":null},"version":8}},
{"id":"690ffbae-4b93-4be6-9474-e8a527dcf0ee","type":"Feature","geometry":{"type":"Point","coordinates":[-87.3791168,21.52436151]},"properties":{"categories":{"primary":"boutique","alternate":["clothing_store","womens_clothing_store"]},"confidence":0.4156034290790558,"emails":["puntacocos0980@gmail.com"],"socials":["https://www.facebook.com/563428537395810"],"phones":["+529843130043"],"brand":{"wikidata":null,"names":{"primary":null,"common":null,"rules":null}},"addresses":[{"freeform":"C. Palomino","locality":"Lázaro Cárdenas","postcode":"77310","region":null,"country":"MX"}],"names":{"primary":"DIOSA MAYA","common":null,"rules":null},"sources":[{"property":"","dataset":"meta","license":"CDLA-Permissive-2.0","record_id":"563428537395810","update_time":"2026-04-27T00:00:00.000Z","confidence":0.4156034290790558,"between":null},{"property":"/properties/confidence","dataset":"Overture","license":"CDLA-Permissive-2.0","record_id":null,"update_time":"2026-06-11T11:57:15Z","confidence":null,"between":null}],"basic_category":"fashion_and_apparel_store","taxonomy":{"primary":"fashion_boutique","hierarchy":["shopping","fashion_and_apparel_store","fashion_boutique"],"alternates":null},"version":9}},
{"id":"5d0f85a9-0bc1-47e5-b2c3-ca5b4aef7fa4","type":"Feature","geometry":{"type":"Point","coordinates":[-87.37867714,21.52450521]},"properties":{"categories":{"primary":"hotel","alternate":["accommodation","motel"]},"confidence":0.9847552180290222,"websites":["http://wa.me/+529841002062"],"emails":["reservas@akbalholbox.com"],"socials":["https://www.facebook.com/102934991737017"],"phones":["+529982271023"],"brand":{"wikidata":null,"names":{"primary":null,"common":null,"rules":null}},"addresses":[{"freeform":"Av. Damero entre calle palomino Y Calle Carito","locality":"Lázaro Cárdenas","postcode":"77310","region":null,"country":"MX"}],"names":{"primary":"AKBAL Holbox","common":null,"rules":null},"sources":[{"property":"","dataset":"meta","license":"CDLA-Permissive-2.0","record_id":"102934991737017","update_time":"2026-04-27T00:00:00.000Z","confidence":0.9847552180290222,"between":null},{"property":"/properties/confidence","dataset":"Overture","license":"CDLA-Permissive-2.0","record_id":null,"update_time":"2026-06-11T11:57:15Z","confidence":null,"between":null}],"basic_category":"hotel","taxonomy":{"primary":"hotel","hierarchy":["lodging","hotel"],"alternates":null},"version":9}},
{"id":"e42d3511-c182-4aaf-b877-391f65696f0b","type":"Feature","geometry":{"type":"Point","coordinates":[-87.37864248,21.52456556]},"properties":{"categories":{"primary":"taco_restaurant","alternate":["mexican_restaurant","restaurant"]},"confidence":0.34897658228874207,"emails":["glendy_132@hotmail.com"],"socials":["https://www.facebook.com/201461453043749"],"phones":["+529843145358"],"brand":{"wikidata":null,"names":{"primary":null,"common":null,"rules":null}},"addresses":[{"freeform":"Av. Damero entre Carito y Palomino","locality":"Lázaro Cárdenas","postcode":"77310","region":null,"country":"MX"}],"names":{"primary":"Las Cazuelitas (tacos de guisado)","common":null,"rules":null},"sources":[{"property":"","dataset":"meta","license":"CDLA-Permissive-2.0","record_id":"201461453043749","update_time":"2026-04-27T00:00:00.000Z","confidence":0.34897658228874207,"between":null},{"property":"/properties/confidence","dataset":"Overture","license":"CDLA-Permissive-2.0","record_id":null,"update_time":"2026-06-11T11:57:15Z","confidence":null,"between":null}],"basic_category":"restaurant","taxonomy":{"primary":"taco_restaurant","hierarchy":["food_and_drink","restaurant","latin_american_restaurant","taco_restaurant"],"alternates":null},"version":9}},
{"id":"787be74b-c729-4e8a-a6d5-7d285c11e0d0","type":"Feature","geometry":{"type":"Point","coordinates":[-87.37939331251398,21.524519091846233]},"properties":{"categories":{"primary":"hotel","alternate":null},"confidence":0.77,"websites":["http://laconstanzaderulo.com.mx"],"phones":["984 875 2295"],"addresses":[{"freeform":null,"locality":null,"postcode":null,"region":null,"country":"MX"}],"names":{"primary":"La Constanza De Rulo","common":null,"rules":null},"sources":[{"property":"","dataset":"Foursquare","license":"Apache-2.0","record_id":"55d94da9498edc33c378a4a5","update_time":"2025-02-21T00:00:00.000","confidence":0.77,"between":null},{"property":"/properties/confidence","dataset":"Overture","license":"CDLA-Permissive-2.0","record_id":null,"update_time":"2026-06-11T11:57:15Z","confidence":null,"between":null}],"basic_category":"hotel","taxonomy":{"primary":"hotel","hierarchy":["lodging","hotel"],"alternates":null},"version":4}},
{"id":"92e20b24-2835-4553-b180-7f3c34a4994a","type":"Feature","geometry":{"type":"Point","coordinates":[-87.37923584972627,21.52453810016316]},"properties":{"categories":{"primary":"sports_and_recreation_venue","alternate":["school","elementary_school"]},"confidence":0.8121044039726257,"websites":["https://www.lifestylekiteboarding.com.mx/"],"emails":["lifestylekiteboarding@gmail.com"],"socials":["https://www.facebook.com/985842834841444"],"phones":["+529842349335"],"brand":{"wikidata":null,"names":{"primary":null,"common":null,"rules":null}},"addresses":[{"freeform":"Calle damero entre robalo y chac-chi","locality":"Holbox","postcode":"77310","region":null,"country":"MX"}],"names":{"primary":"Lifestyle Kiteboarding","common":null,"rules":null},"sources":[{"property":"","dataset":"meta","license":"CDLA-Permissive-2.0","record_id":"985842834841444","update_time":"2026-04-27T00:00:00.000Z","confidence":0.8121044039726257,"between":null},{"property":"/properties/confidence","dataset":"Overture","license":"CDLA-Permissive-2.0","record_id":null,"update_time":"2026-06-11T11:57:15Z","confidence":null,"between":null}],"basic_category":"sport_or_fitness_facility","taxonomy":{"primary":"sport_or_fitness_facility","hierarchy":["sports_and_recreation","sport_or_fitness_facility"],"alternates":null},"version":2}},
{"id":"a29cff6b-0bea-4c65-b4d1-44c397b837fe","type":"Feature","geometry":{"type":"Point","coordinates":[-87.37929473,21.52450534]},"properties":{"categories":{"primary":"cafe","alternate":["coffee_shop","restaurant"]},"confidence":0.5013787746429443,"socials":["https://www.facebook.com/101154772276612"],"phones":["+529842072638"],"brand":{"wikidata":null,"names":{"primary":null,"common":null,"rules":null}},"addresses":[{"freeform":"C. Palomino 20","locality":"Lázaro Cárdenas","postcode":"77310","region":null,"country":"MX"}],"names":{"primary":"Clandestino","common":null,"rules":null},"sources":[{"property":"","dataset":"meta","license":"CDLA-Permissive-2.0","record_id":"101154772276612","update_time":"2026-04-27T00:00:00.000Z","confidence":0.5013787746429443,"between":null},{"property":"/properties/confidence","dataset":"Overture","license":"CDLA-Permissive-2.0","record_id":null,"update_time":"2026-06-11T11:57:15Z","confidence":null,"between":null}],"basic_category":"cafe","taxonomy":{"primary":"cafe","hierarchy":["food_and_drink","casual_eatery","cafe"],"alternates":null},"version":5}},
{"id":"bafd3497-2c63-4a85-a188-8a8431755703","type":"Feature","geometry":{"type":"Point","coordinates":[-87.37960456,21.52456612]},"properties":{"categories":{"primary":"gym","alternate":["sports_and_fitness_instruction","sports_and_recreation_venue"]},"confidence":0.9371873140335083,"socials":["https://www.facebook.com/101401781730069"],"phones":["+529992673374"],"brand":{"wikidata":null,"names":{"primary":null,"common":null,"rules":null}},"addresses":[{"freeform":"Av. Pedro Joaquín Coldwell, C. Canane entre y","locality":"Lázaro Cárdenas","postcode":"77310","region":null,"country":"MX"}],"names":{"primary":"Kallos Calisthenic Gym","common":null,"rules":null},"sources":[{"property":"","dataset":"meta","license":"CDLA-Permissive-2.0","record_id":"101401781730069","update_time":"2026-04-27T00:00:00.000Z","confidence":0.9371873140335083,"between":null},{"property":"/properties/confidence","dataset":"Overture","license":"CDLA-Permissive-2.0","record_id":null,"update_time":"2026-06-11T11:57:15Z","confidence":null,"between":null}],"basic_category":"gym","taxonomy":{"primary":"gym","hierarchy":["sports_and_recreation","sport_or_fitness_facility","gym"],"alternates":null},"version":9}},
{"id":"6b5c79f8-e5a9-40af-a055-65caffd73017","type":"Feature","geometry":{"type":"Point","coordinates":[-87.38003229,21.52451704]},"properties":{"categories":{"primary":"restaurant","alternate":["mexican_restaurant","cocktail_bar"]},"confidence":0.7054792046546936,"emails":["restbasicoholbox@gmail.com"],"socials":["https://www.facebook.com/1112014998837811"],"phones":["+529981685875"],"brand":{"wikidata":null,"names":{"primary":null,"common":null,"rules":null}},"addresses":[{"freeform":"Av. Pedro Joaquín Coldwell","locality":"Lázaro Cárdenas","postcode":"77310","region":null,"country":"MX"}],"names":{"primary":"Holbox Té","common":null,"rules":null},"sources":[{"property":"","dataset":"meta","license":"CDLA-Permissive-2.0","record_id":"1112014998837811","update_time":"2026-04-27T00:00:00.000Z","confidence":0.7054792046546936,"between":null},{"property":"/properties/confidence","dataset":"Overture","license":"CDLA-Permissive-2.0","record_id":null,"update_time":"2026-06-11T11:57:15Z","confidence":null,"between":null}],"basic_category":"restaurant","taxonomy":{"primary":"restaurant","hierarchy":["food_and_drink","restaurant"],"alternates":null},"version":9}},
{"id":"7ae2b7fc-2a1a-44c4-8faa-75cd6aa078b7","type":"Feature","geometry":{"type":"Point","coordinates":[-87.38050524406763,21.524514904117257]},"properties":{"categories":{"primary":"bed_and_breakfast","alternate":null},"confidence":0.77,"websites":["http://amaitehotelholbox.com"],"socials":["https://www.twitter.com/amaitehotel"],"phones":["984 875 2217"],"addresses":[{"freeform":"Calle tiburón ballena","locality":"Isla Holbox","postcode":"77310","region":"Quintana Roo","country":"MX"}],"names":{"primary":"Amaité Hotel","common":null,"rules":null},"sources":[{"property":"","dataset":"Foursquare","license":"Apache-2.0","record_id":"518947a78bbdf148178a5a18","update_time":"2026-02-13T00:00:00.000","confidence":0.77,"between":null},{"property":"/properties/confidence","dataset":"Overture","license":"CDLA-Permissive-2.0","record_id":null,"update_time":"2026-06-11T11:57:15Z","confidence":null,"between":null}],"basic_category":"bed_and_breakfast","taxonomy":{"primary":"bed_and_breakfast","hierarchy":["lodging","bed_and_breakfast"],"alternates":null},"version":5}},
{"id":"ef4bc10a-ca4b-44a0-9016-178d93d436f2","type":"Feature","geometry":{"type":"Point","coordinates":[-87.3803446,21.5245066]},"properties":{"categories":{"primary":"seafood_restaurant","alternate":["mexican_restaurant","restaurant"]},"confidence":0.9378036856651306,"websites":["http://www.restaurantevillamar.com.mx"],"socials":["https://www.facebook.com/514691298730546"],"phones":["+529848752091"],"brand":{"wikidata":null,"names":{"primary":null,"common":null,"rules":null}},"addresses":[{"freeform":"Calle Tiburón Ballena S/n","locality":"Lázaro Cárdenas","postcode":"77310","region":null,"country":"MX"}],"names":{"primary":"Villa Mar","common":null,"rules":null},"sources":[{"property":"","dataset":"meta","license":"CDLA-Permissive-2.0","record_id":"514691298730546","update_time":"2026-04-27T00:00:00.000Z","confidence":0.9378036856651306,"between":null},{"property":"/properties/confidence","dataset":"Overture","license":"CDLA-Permissive-2.0","record_id":null,"update_time":"2026-06-11T11:57:15Z","confidence":null,"between":null}],"basic_category":"restaurant","taxonomy":{"primary":"seafood_restaurant","hierarchy":["food_and_drink","restaurant","seafood_restaurant"],"alternates":null},"version":9}},
{"id":"29aa95c5-2ad3-4421-86ad-1872dc1d04cd","type":"Feature","geometry":{"type":"Point","coordinates":[-87.3802254,21.52447231]},"properties":{"categories":{"primary":"restaurant","alternate":["taco_restaurant","diner"]},"confidence":0.9288496971130371,"emails":["latostaderiadeholbox@gmail.com"],"socials":["https://www.facebook.com/103305369028391"],"brand":{"wikidata":null,"names":{"primary":null,"common":null,"rules":null}},"addresses":[{"freeform":"Calle Tiburón Ballena","locality":"Lázaro Cárdenas","postcode":"77310","region":null,"country":"MX"}],"names":{"primary":"La Tostadería","common":null,"rules":null},"sources":[{"property":"","dataset":"meta","license":"CDLA-Permissive-2.0","record_id":"103305369028391","update_time":"2026-04-27T00:00:00.000Z","confidence":0.9288496971130371,"between":null},{"property":"/properties/confidence","dataset":"Overture","license":"CDLA-Permissive-2.0","record_id":null,"update_time":"2026-06-11T11:57:15Z","confidence":null,"between":null}],"basic_category":"restaurant","taxonomy":{"primary":"restaurant","hierarchy":["food_and_drink","restaurant"],"alternates":null},"version":9}},
{"id":"c17090e7-fae6-4a22-b035-cb17779d85c1","type":"Feature","geometry":{"type":"Point","coordinates":[-87.38015392,21.52438115]},"properties":{"categories":{"primary":"cocktail_bar","alternate":["bar","restaurant"]},"confidence":0.9889305233955383,"emails":["sumcomunicacion@gmail.com"],"socials":["https://www.facebook.com/109989668027248"],"phones":["+524775874681"],"brand":{"wikidata":null,"names":{"primary":null,"common":null,"rules":null}},"addresses":[{"freeform":"esquina con, 77310 Holbox Pedro Joaquín Coldwell, Calle Tiburón Ballena","locality":"Lázaro Cárdenas","postcode":"77310","region":null,"country":"MX"}],"names":{"primary":"Soulbox Rooftop | Sunset Bar","common":null,"rules":null},"sources":[{"property":"","dataset":"meta","license":"CDLA-Permissive-2.0","record_id":"109989668027248","update_time":"2026-04-27T00:00:00.000Z","confidence":0.9889305233955383,"between":null},{"property":"/properties/confidence","dataset":"Overture","license":"CDLA-Permissive-2.0","record_id":null,"update_time":"2026-06-11T11:57:15Z","confidence":null,"between":null}],"basic_category":"bar","taxonomy":{"primary":"cocktail_bar","hierarchy":["food_and_drink","alcoholic_beverage_venue","bar","cocktail_bar"],"alternates":null},"version":8}},
{"id":"f1249e21-84ea-4250-b7ba-c08c27b2f7b3","type":"Feature","geometry":{"type":"Point","coordinates":[-87.38028064,21.52441174]},"properties":{"categories":{"primary":"seafood_restaurant","alternate":["restaurant","mexican_restaurant"]},"confidence":0.49548712372779846,"websites":["http://WWW.RESTAURAN/"],"socials":["https://www.facebook.com/464958696904556"],"phones":["+525523444178"],"brand":{"wikidata":null,"names":{"primary":"Restauran \"La Julia\"","common":null,"rules":null}},"addresses":[{"freeform":"","locality":"Lázaro Cárdenas","postcode":"77310","region":null,"country":"MX"}],"names":{"primary":"Restaurante Bar Villa Mar","common":null,"rules":null},"sources":[{"property":"","dataset":"meta","license":"CDLA-Permissive-2.0","record_id":"464958696904556","update_time":"2026-04-27T00:00:00.000Z","confidence":0.49548712372779846,"between":null},{"property":"/properties/confidence","dataset":"Overture","license":"CDLA-Permissive-2.0","record_id":null,"update_time":"2026-06-11T11:57:15Z","confidence":null,"between":null}],"basic_category":"restaurant","taxonomy":{"primary":"seafood_restaurant","hierarchy":["food_and_drink","restaurant","seafood_restaurant"],"alternates":null},"version":8}},
{"id":"e5df8687-42d0-4a1d-8e16-9f6a3535e8d3","type":"Feature","geometry":{"type":"Point","coordinates":[-87.380360482508,21.52441877233]},"properties":{"categories":{"primary":"bar","alternate":["grocery_store","health_food_store"]},"confidence":0.8889603614807129,"socials":["https://www.facebook.com/105947167888544"],"brand":{"wikidata":null,"names":{"primary":null,"common":null,"rules":null}},"addresses":[{"freeform":"Tiburón ballena","locality":"Lázaro Cárdenas","postcode":"77310","region":null,"country":"MX"}],"names":{"primary":"Olita de mar Holbox","common":null,"rules":null},"sources":[{"property":"","dataset":"meta","license":"CDLA-Permissive-2.0","record_id":"105947167888544","update_time":"2026-04-27T00:00:00.000Z","confidence":0.8889603614807129,"between":null},{"property":"/properties/confidence","dataset":"Overture","license":"CDLA-Permissive-2.0","record_id":null,"update_time":"2026-06-11T11:57:15Z","confidence":null,"between":null}],"basic_category":"bar","taxonomy":{"primary":"bar","hierarchy":["food_and_drink","alcoholic_beverage_venue","bar"],"alternates":null},"version":9}},
{"id":"11d662be-c34c-4fff-b123-5f4b1a2c3797","type":"Feature","geometry":{"type":"Point","coordinates":[-87.38026421000001,21.52435998]},"properties":{"categories":{"primary":"bar_and_grill_restaurant","alternate":["restaurant","latin_american_restaurant"]},"confidence":0.9678550958633423,"socials":["https://www.facebook.com/552794508155685"],"phones":["+529848752102"],"brand":{"wikidata":null,"names":{"primary":null,"common":null,"rules":null}},"addresses":[{"freeform":"Calle Tiburón Ballena","locality":"Lázaro Cárdenas","postcode":"77310","region":null,"country":"MX"}],"names":{"primary":"Buenavista Grill","common":null,"rules":null},"sources":[{"property":"","dataset":"meta","license":"CDLA-Permissive-2.0","record_id":"552794508155685","update_time":"2026-04-27T00:00:00.000Z","confidence":0.9678550958633423,"between":null},{"property":"/properties/confidence","dataset":"Overture","license":"CDLA-Permissive-2.0","record_id":null,"update_time":"2026-06-11T11:57:15Z","confidence":null,"between":null}],"basic_category":"restaurant","taxonomy":{"primary":"bar_and_grill_restaurant","hierarchy":["food_and_drink","restaurant","bar_and_grill_restaurant"],"alternates":null},"version":9}},
{"id":"abbda91e-1dba-4892-9915-9f6878db201a","type":"Feature","geometry":{"type":"Point","coordinates":[-87.38016136,21.52435363]},"properties":{"categories":{"primary":"hotel","alternate":["accommodation","resort"]},"confidence":0.9836763739585876,"websites":["https://www.booking.com/hotel/mx/mittoz-holbox.es.html?aid=376374"],"emails":["hotelmittozholbox@gmail.com"],"socials":["https://www.facebook.com/102922621243066"],"phones":["+524771476627"],"brand":{"wikidata":null,"names":{"primary":null,"common":null,"rules":null}},"addresses":[{"freeform":"Calle Tiburón Ballena","locality":"Lázaro Cárdenas","postcode":"77310","region":null,"country":"MX"}],"names":{"primary":"Hotel Mittoz Holbox","common":null,"rules":null},"sources":[{"property":"","dataset":"meta","license":"CDLA-Permissive-2.0","record_id":"102922621243066","update_time":"2026-04-27T00:00:00.000Z","confidence":0.9836763739585876,"between":null},{"property":"/properties/confidence","dataset":"Overture","license":"CDLA-Permissive-2.0","record_id":null,"update_time":"2026-06-11T11:57:15Z","confidence":null,"between":null}],"basic_category":"hotel","taxonomy":{"primary":"hotel","hierarchy":["lodging","hotel"],"alternates":null},"version":10}},
{"id":"b0001f54-b71e-4427-b672-47dc67902c60","type":"Feature","geometry":{"type":"Point","coordinates":[-87.37997948146241,21.524330041768163]},"properties":{"categories":{"primary":"hotel","alternate":["holiday_rental_home","real_estate"]},"confidence":0.7961811423301697,"socials":["https://www.facebook.com/1682546475378198"],"phones":["+529848752488"],"brand":{"wikidata":null,"names":{"primary":null,"common":null,"rules":null}},"addresses":[{"freeform":"Avenida Tiburón Ballena con Pedro Joaquín Coldwell ","locality":"Lázaro Cárdenas","postcode":"77310","region":null,"country":"MX"}],"names":{"primary":"Chakte Supermarket","common":null,"rules":null},"sources":[{"property":"","dataset":"meta","license":"CDLA-Permissive-2.0","record_id":"1682546475378198","update_time":"2026-04-27T00:00:00.000Z","confidence":0.7961811423301697,"between":null},{"property":"/properties/confidence","dataset":"Overture","license":"CDLA-Permissive-2.0","record_id":null,"update_time":"2026-06-11T11:57:15Z","confidence":null,"between":null}],"basic_category":"hotel","taxonomy":{"primary":"hotel","hierarchy":["lodging","hotel"],"alternates":null},"version":8}},
{"id":"722202cb-b35a-4976-ad49-2f23f04c7be2","type":"Feature","geometry":{"type":"Point","coordinates":[-87.38012974,21.52425322]},"properties":{"categories":{"primary":"travel_services","alternate":["tours","travel_company"]},"confidence":0.18237097561359406,"websites":["https://www.holboxtravels.com/"],"emails":["holboxtravels@gmail.com"],"socials":["https://www.facebook.com/104738275788710"],"phones":["+529861132612"],"brand":{"wikidata":null,"names":{"primary":null,"common":null,"rules":null}},"addresses":[{"freeform":"Calle Tiburón Ballena SM DE","locality":"Lázaro Cárdenas","postcode":"77310","region":null,"country":"MX"}],"names":{"primary":"HB Travels","common":null,"rules":null},"sources":[{"property":"","dataset":"meta","license":"CDLA-Permissive-2.0","record_id":"104738275788710","update_time":"2026-04-27T00:00:00.000Z","confidence":0.18237097561359406,"between":null},{"property":"/properties/confidence","dataset":"Overture","license":"CDLA-Permissive-2.0","record_id":null,"update_time":"2026-06-11T11:57:15Z","confidence":null,"between":null}],"basic_category":"travel_service","taxonomy":{"primary":"travel_service","hierarchy":["travel_and_transportation","travel_service"],"alternates":null},"version":2}},
{"id":"81887640-20f6-4c7f-8eee-15006dabbfb0","type":"Feature","geometry":{"type":"Point","coordinates":[-87.38025189,21.52421317]},"properties":{"categories":{"primary":"bar","alternate":["cocktail_bar","lounge"]},"confidence":0.9894965291023254,"emails":["thehotcornerholbox@gmail.com"],"socials":["https://www.facebook.com/772690436196916"],"phones":["+529848752293"],"brand":{"wikidata":null,"names":{"primary":null,"common":null,"rules":null}},"addresses":[{"freeform":"Av. Pedro Joaquín Coldwell","locality":"Lázaro Cárdenas","postcode":"77310","region":null,"country":"MX"}],"names":{"primary":"The Hot Corner","common":null,"rules":null},"sources":[{"property":"","dataset":"meta","license":"CDLA-Permissive-2.0","record_id":"772690436196916","update_time":"2026-04-27T00:00:00.000Z","confidence":0.9894965291023254,"between":null},{"property":"/properties/confidence","dataset":"Overture","license":"CDLA-Permissive-2.0","record_id":null,"update_time":"2026-06-11T11:57:15Z","confidence":null,"between":null}],"basic_category":"bar","taxonomy":{"primary":"bar","hierarchy":["food_and_drink","alcoholic_beverage_venue","bar"],"alternates":null},"version":10}},
{"id":"28c20c5f-3af2-4f39-9e4b-0d23d000c50a","type":"Feature","geometry":{"type":"Point","coordinates":[-87.37999283,21.52418687]},"properties":{"categories":{"primary":"restaurant","alternate":["mexican_restaurant","diner"]},"confidence":0.9098836779594421,"socials":["https://www.facebook.com/512174045796957"],"phones":["+529848752394"],"brand":{"wikidata":null,"names":{"primary":null,"common":null,"rules":null}},"addresses":[{"freeform":"AVENIDA BENITO JUAREZ","locality":"Lázaro Cárdenas","postcode":"77310","region":null,"country":"MX"}],"names":{"primary":"Basico Cocina de Playa","common":null,"rules":null},"sources":[{"property":"","dataset":"meta","license":"CDLA-Permissive-2.0","record_id":"512174045796957","update_time":"2026-04-27T00:00:00.000Z","confidence":0.9098836779594421,"between":null},{"property":"/properties/confidence","dataset":"Overture","license":"CDLA-Permissive-2.0","record_id":null,"update_time":"2026-06-11T11:57:15Z","confidence":null,"between":null}],"basic_category":"restaurant","taxonomy":{"primary":"restaurant","hierarchy":["food_and_drink","restaurant"],"alternates":null},"version":9}},
{"id":"fc9de866-c73b-4d81-bcc6-a66bc30b5e0c","type":"Feature","geometry":{"type":"Point","coordinates":[-87.37991779,21.52415955]},"properties":{"categories":{"primary":"restaurant","alternate":["bar_and_grill_restaurant","diner"]},"confidence":0.37546059489250183,"socials":["https://www.facebook.com/805607332636066"],"phones":["+529842797604"],"brand":{"wikidata":null,"names":{"primary":null,"common":null,"rules":null}},"addresses":[{"freeform":"Esquina con, Tiburon Ballena, Av. Pedro Joaquín Coldwell","locality":"Lázaro Cárdenas","postcode":"77310","region":null,"country":"MX"}],"names":{"primary":"Basico Holbox","common":null,"rules":null},"sources":[{"property":"","dataset":"meta","license":"CDLA-Permissive-2.0","record_id":"805607332636066","update_time":"2026-04-27T00:00:00.000Z","confidence":0.37546059489250183,"between":null},{"property":"/properties/confidence","dataset":"Overture","license":"CDLA-Permissive-2.0","record_id":null,"update_time":"2026-06-11T11:57:15Z","confidence":null,"between":null}],"basic_category":"restaurant","taxonomy":{"primary":"restaurant","hierarchy":["food_and_drink","restaurant"],"alternates":null},"version":5}},
{"id":"95bf45c8-4246-4ef7-a573-e46e74eef2d3","type":"Feature","geometry":{"type":"Point","coordinates":[-87.37996005311193,21.52417178452235]},"properties":{"categories":{"primary":"restaurant","alternate":null},"confidence":0.77,"socials":["https://www.instagram.com/holboxbasico"],"phones":["984 196 1378"],"addresses":[{"freeform":"Calle Tiburón Ballena entre Pedro Joaquin y Damero","locality":"Holbox","postcode":null,"region":"Quntana Roo","country":"MX"}],"names":{"primary":"Básico","common":null,"rules":null},"sources":[{"property":"","dataset":"Foursquare","license":"Apache-2.0","record_id":"585b3c8c1e1de538133da7ed","update_time":"2026-04-11T00:00:00.000","confidence":0.77,"between":null},{"property":"/properties/confidence","dataset":"Overture","license":"CDLA-Permissive-2.0","record_id":null,"update_time":"2026-06-11T11:57:15Z","confidence":null,"between":null}],"basic_category":"restaurant","taxonomy":{"primary":"restaurant","hierarchy":["food_and_drink","restaurant"],"alternates":null},"version":4}},
{"id":"8d3ef001-d751-4e6f-91ab-2a386a7584ac","type":"Feature","geometry":{"type":"Point","coordinates":[-87.38003493,21.52415142]},"properties":{"categories":{"primary":"coffee_shop","alternate":["restaurant","gastropub"]},"confidence":0.6283271908760071,"socials":["https://www.facebook.com/173266226538073"],"phones":["+528181618272"],"brand":{"wikidata":null,"names":{"primary":null,"common":null,"rules":null}},"addresses":[{"freeform":"Calle Tiburón Ballena","locality":"Lázaro Cárdenas","postcode":"77310","region":null,"country":"MX"}],"names":{"primary":"La Anémona","common":null,"rules":null},"sources":[{"property":"","dataset":"meta","license":"CDLA-Permissive-2.0","record_id":"173266226538073","update_time":"2026-04-27T00:00:00.000Z","confidence":0.6283271908760071,"between":null},{"property":"/properties/confidence","dataset":"Overture","license":"CDLA-Permissive-2.0","record_id":null,"update_time":"2026-06-11T11:57:15Z","confidence":null,"between":null}],"basic_category":"coffee_shop","taxonomy":{"primary":"coffee_shop","hierarchy":["food_and_drink","non_alcoholic_beverage_venue","coffee_shop"],"alternates":null},"version":8}},
{"id":"e6a5eb67-5d9b-4325-8d7b-76796970046a","type":"Feature","geometry":{"type":"Point","coordinates":[-87.38008311,21.52413542]},"properties":{"categories":{"primary":"seafood_restaurant","alternate":null},"confidence":0.4707393944263458,"socials":["https://www.facebook.com/1075149712666208"],"brand":{"wikidata":null,"names":{"primary":null,"common":null,"rules":null}},"addresses":[{"freeform":"Av. Pedro Joaquín Coldwell","locality":"Lázaro Cárdenas","postcode":"77310","region":null,"country":"MX"}],"names":{"primary":"La conquista empanadas","common":null,"rules":null},"sources":[{"property":"","dataset":"meta","license":"CDLA-Permissive-2.0","record_id":"1075149712666208","update_time":"2026-04-27T00:00:00.000Z","confidence":0.4707393944263458,"between":null},{"property":"/properties/confidence","dataset":"Overture","license":"CDLA-Permissive-2.0","record_id":null,"update_time":"2026-06-11T11:57:15Z","confidence":null,"between":null}],"basic_category":"restaurant","taxonomy":{"primary":"seafood_restaurant","hierarchy":["food_and_drink","restaurant","seafood_restaurant"],"alternates":null},"version":8}},
{"id":"14c5f683-825d-41e5-9541-6a2d04ab6e54","type":"Feature","geometry":{"type":"Point","coordinates":[-87.380092,21.524133]},"properties":{"categories":{"primary":"hotel","alternate":null},"confidence":0.77,"websites":["http://www.hotelarcosholbox.com"],"emails":["arcosholbox@hotmail.com"],"phones":["984 875 2043"],"addresses":[{"freeform":"Avenida Benito Juárez s/n","locality":"Isla","postcode":"77310","region":"Quintana Roo","country":"MX"}],"names":{"primary":"Hotel los Arcos Holbox","common":null,"rules":null},"sources":[{"property":"","dataset":"Foursquare","license":"Apache-2.0","record_id":"7eba2472808249eb27eced91","update_time":"2024-12-17T00:00:00.000","confidence":0.77,"between":null},{"property":"/properties/confidence","dataset":"Overture","license":"CDLA-Permissive-2.0","record_id":null,"update_time":"2026-06-11T11:57:15Z","confidence":null,"between":null}],"basic_category":"hotel","taxonomy":{"primary":"hotel","hierarchy":["lodging","hotel"],"alternates":null},"version":4}},
{"id":"292d2990-c467-4e3e-a80f-79a2f1ba02bf","type":"Feature","geometry":{"type":"Point","coordinates":[-87.380375563146,21.524123048944]},"properties":{"categories":{"primary":"pizza_restaurant","alternate":["restaurant"]},"confidence":0.834233283996582,"socials":["https://www.facebook.com/218016502353119"],"phones":["+529841308783"],"brand":{"wikidata":null,"names":{"primary":null,"common":null,"rules":null}},"addresses":[{"freeform":"Joaquín Codwell ","locality":"Lázaro Cárdenas","postcode":"77310","region":null,"country":"MX"}],"names":{"primary":"La Pinsa Tío Pupo","common":null,"rules":null},"sources":[{"property":"","dataset":"meta","license":"CDLA-Permissive-2.0","record_id":"218016502353119","update_time":"2026-04-27T00:00:00.000Z","confidence":0.834233283996582,"between":null},{"property":"/properties/confidence","dataset":"Overture","license":"CDLA-Permissive-2.0","record_id":null,"update_time":"2026-06-11T11:57:15Z","confidence":null,"between":null}],"basic_category":"restaurant","taxonomy":{"primary":"pizza_restaurant","hierarchy":["food_and_drink","restaurant","european_restaurant","mediterranean_restaurant","italian_restaurant","pizza_restaurant"],"alternates":null},"version":8}},
{"id":"84ae25f6-8feb-4a57-b1e9-b40d054015ce","type":"Feature","geometry":{"type":"Point","coordinates":[-87.38052863,21.52404905]},"properties":{"categories":{"primary":"cafe","alternate":["coffee_shop","restaurant"]},"confidence":0.7688801288604736,"socials":["https://www.facebook.com/263567367045820"],"phones":["+529841360232"],"brand":{"wikidata":null,"names":{"primary":null,"common":null,"rules":null}},"addresses":[{"freeform":"","locality":"Lázaro Cárdenas","postcode":"77320","region":null,"country":"MX"}],"names":{"primary":"El Cafecito","common":null,"rules":null},"sources":[{"property":"","dataset":"meta","license":"CDLA-Permissive-2.0","record_id":"263567367045820","update_time":"2026-04-27T00:00:00.000Z","confidence":0.7688801288604736,"between":null},{"property":"/properties/confidence","dataset":"Overture","license":"CDLA-Permissive-2.0","record_id":null,"update_time":"2026-06-11T11:57:15Z","confidence":null,"between":null}],"basic_category":"cafe","taxonomy":{"primary":"cafe","hierarchy":["food_and_drink","casual_eatery","cafe"],"alternates":null},"version":5}},
{"id":"df898d54-709d-4a98-ad0c-2c6e21ea2d2b","type":"Feature","geometry":{"type":"Point","coordinates":[-87.37975478,21.52400455]},"properties":{"categories":{"primary":"bar","alternate":["cocktail_bar"]},"confidence":0.8402438163757324,"emails":["tequila.oclockbar@gmail.com"],"socials":["https://www.facebook.com/105371078813182"],"phones":["+529841803698"],"brand":{"wikidata":null,"names":{"primary":null,"common":null,"rules":null}},"addresses":[{"freeform":"Calle Tiburón Ballena s/n","locality":"Lázaro Cárdenas","postcode":"77310","region":null,"country":"MX"}],"names":{"primary":"Tequila O'Clock","common":null,"rules":null},"sources":[{"property":"","dataset":"meta","license":"CDLA-Permissive-2.0","record_id":"105371078813182","update_time":"2026-04-27T00:00:00.000Z","confidence":0.8402438163757324,"between":null},{"property":"/properties/confidence","dataset":"Overture","license":"CDLA-Permissive-2.0","record_id":null,"update_time":"2026-06-11T11:57:15Z","confidence":null,"between":null}],"basic_category":"bar","taxonomy":{"primary":"bar","hierarchy":["food_and_drink","alcoholic_beverage_venue","bar"],"alternates":null},"version":8}},
{"id":"3242deed-b47c-4cb6-9fe4-ecb2ff2f4e49","type":"Feature","geometry":{"type":"Point","coordinates":[-87.37958916,21.5240077]},"properties":{"categories":{"primary":"restaurant","alternate":["mexican_restaurant","bar"]},"confidence":0.47017359733581543,"socials":["https://www.facebook.com/1523983931262207"],"phones":["+529841194364"],"brand":{"wikidata":null,"names":{"primary":null,"common":null,"rules":null}},"addresses":[{"freeform":"Calle Tiburon Ballena Entre Damero y Pedro Joaquin","locality":"Lázaro Cárdenas","postcode":"77310","region":null,"country":"MX"}],"names":{"primary":"El Encuentro","common":null,"rules":null},"sources":[{"property":"","dataset":"meta","license":"CDLA-Permissive-2.0","record_id":"1523983931262207","update_time":"2026-04-27T00:00:00.000Z","confidence":0.47017359733581543,"between":null},{"property":"/properties/confidence","dataset":"Overture","license":"CDLA-Permissive-2.0","record_id":null,"update_time":"2026-06-11T11:57:15Z","confidence":null,"between":null}],"basic_category":"restaurant","taxonomy":{"primary":"restaurant","hierarchy":["food_and_drink","restaurant"],"alternates":null},"version":8}},
{"id":"6247606e-ccd9-4319-a636-62ef13fb4740","type":"Feature","geometry":{"type":"Point","coordinates":[-87.37985886,21.52408874]},"properties":{"categories":{"primary":"breakfast_and_brunch_restaurant","alternate":["health_food_restaurant","vegetarian_restaurant"]},"confidence":0.9961654913425445,"websites":["http://Www.instagram.com/painapol_mx"],"emails":["sarah.lug@gmail.com"],"socials":["https://www.facebook.com/2094194227271485"],"phones":["+529841334321"],"brand":{"wikidata":null,"names":{"primary":null,"common":null,"rules":null}},"addresses":[{"freeform":"Calle Tiburón Ballena s/n","locality":"Lázaro Cárdenas","postcode":"77310","region":null,"country":"MX"}],"names":{"primary":"Painapol","common":null,"rules":null},"sources":[{"property":"","dataset":"meta","license":"CDLA-Permissive-2.0","record_id":"2094194227271485","update_time":"2026-04-27T00:00:00.000Z","confidence":0.9833282232284546,"between":null},{"property":"/properties/confidence","dataset":"Overture","license":"CDLA-Permissive-2.0","record_id":null,"update_time":"2026-06-11T11:57:15Z","confidence":null,"between":null}],"basic_category":"restaurant","taxonomy":{"primary":"breakfast_and_brunch_restaurant","hierarchy":["food_and_drink","restaurant","breakfast_and_brunch_restaurant"],"alternates":null},"version":9}},
{"id":"b06d5292-5718-42d3-880c-9773b64a16a9","type":"Feature","geometry":{"type":"Point","coordinates":[-87.37939596176147,21.524128189363214]},"properties":{"confidence":0.77,"socials":["https://www.twitter.com/holaholbox"],"phones":["984 804 0141"],"addresses":[{"freeform":"Av. Tiburón Ballena s/n, Plaza el Pueblito, primer nivel","locality":"Isla Holbox","postcode":"77310","region":"Quintana Roo","country":"MX"}],"names":{"primary":"Hola Holbox","common":null,"rules":null},"sources":[{"property":"","dataset":"Foursquare","license":"Apache-2.0","record_id":"50fae0638055c2e276a10618","update_time":"2026-04-03T00:00:00.000","confidence":0.77,"between":null},{"property":"/properties/confidence","dataset":"Overture","license":"CDLA-Permissive-2.0","record_id":null,"update_time":"2026-06-11T11:57:15Z","confidence":null,"between":null}],"version":2}},
{"id":"c916f70c-27cc-4945-8502-38aae7634c5a","type":"Feature","geometry":{"type":"Point","coordinates":[-87.37917333,21.52402204]},"properties":{"categories":{"primary":"fast_food_restaurant","alternate":["restaurant","diner"]},"confidence":0.3243369460105896,"socials":["https://www.facebook.com/544536885413680"],"phones":["+529983662948"],"brand":{"wikidata":null,"names":{"primary":"Subway","common":null,"rules":null}},"addresses":[{"freeform":"Calle Damero S/N, entre Tiburon Ballena y Palomino","locality":"Lázaro Cárdenas","postcode":"77310","region":null,"country":"MX"}],"names":{"primary":"Subway","common":null,"rules":null},"sources":[{"property":"","dataset":"meta","license":"CDLA-Permissive-2.0","record_id":"544536885413680","update_time":"2026-04-27T00:00:00.000Z","confidence":0.3243369460105896,"between":null},{"property":"/properties/confidence","dataset":"Overture","license":"CDLA-Permissive-2.0","record_id":null,"update_time":"2026-06-11T11:57:15Z","confidence":null,"between":null}],"basic_category":"fast_food_restaurant","taxonomy":{"primary":"fast_food_restaurant","hierarchy":["food_and_drink","casual_eatery","fast_food_restaurant"],"alternates":null},"version":10}},
{"id":"301ac588-be4b-4721-a8e4-a5ea70585c2e","type":"Feature","geometry":{"type":"Point","coordinates":[-87.37915944,21.52403447]},"properties":{"categories":{"primary":"restaurant","alternate":null},"confidence":0.39313623309135437,"socials":["https://www.facebook.com/270495816148577"],"phones":["+529843111583"],"brand":{"wikidata":null,"names":{"primary":null,"common":null,"rules":null}},"addresses":[{"freeform":"","locality":"Lázaro Cárdenas","postcode":"77310","region":null,"country":"MX"}],"names":{"primary":"Restaurante de Pimienta","common":null,"rules":null},"sources":[{"property":"","dataset":"meta","license":"CDLA-Permissive-2.0","record_id":"270495816148577","update_time":"2026-04-27T00:00:00.000Z","confidence":0.39313623309135437,"between":null},{"property":"/properties/confidence","dataset":"Overture","license":"CDLA-Permissive-2.0","record_id":null,"update_time":"2026-06-11T11:57:15Z","confidence":null,"between":null}],"basic_category":"restaurant","taxonomy":{"primary":"restaurant","hierarchy":["food_and_drink","restaurant"],"alternates":null},"version":10}},
{"id":"e2945908-2c33-4e14-901b-ae75e2eb9126","type":"Feature","geometry":{"type":"Point","coordinates":[-87.379200160503,21.524053334538]},"properties":{"categories":{"primary":"flowers_and_gifts_shop","alternate":["arts_and_crafts","clothing_store"]},"confidence":0.798491895198822,"websites":["http://www.paparanashop.com.mx/"],"emails":["papa_rana@hotmail.com"],"socials":["https://www.facebook.com/240216522707689"],"phones":["+529992001619"],"brand":{"wikidata":null,"names":{"primary":null,"common":null,"rules":null}},"addresses":[{"freeform":"av. damero s/n .Calle tiburon ballena y palomino","locality":"Lázaro Cárdenas","postcode":"77310","region":null,"country":"MX"}],"names":{"primary":"Papa Rana Isla Holbox Logo Shop","common":null,"rules":null},"sources":[{"property":"","dataset":"meta","license":"CDLA-Permissive-2.0","record_id":"240216522707689","update_time":"2026-04-27T00:00:00.000Z","confidence":0.798491895198822,"between":null},{"property":"/properties/confidence","dataset":"Overture","license":"CDLA-Permissive-2.0","record_id":null,"update_time":"2026-06-11T11:57:15Z","confidence":null,"between":null}],"basic_category":"flowers_and_gifts_store","taxonomy":{"primary":"flowers_and_gifts_store","hierarchy":["shopping","specialty_store","flowers_and_gifts_store"],"alternates":null},"version":10}},
{"id":"aecda809-ced0-4643-80d1-36b6e425a4a8","type":"Feature","geometry":{"type":"Point","coordinates":[-87.37888471,21.52400083]},"properties":{"categories":{"primary":"hotel","alternate":["lodge","accommodation"]},"confidence":0.7661445140838623,"socials":["https://www.facebook.com/1426251760961606"],"phones":["+529848752020"],"brand":{"wikidata":null,"names":{"primary":null,"common":null,"rules":null}},"addresses":[{"freeform":"AVENIDA PALOMINO","locality":"Lázaro Cárdenas","postcode":"77310","region":null,"country":"MX"}],"names":{"primary":"Posada Amapola","common":null,"rules":null},"sources":[{"property":"","dataset":"meta","license":"CDLA-Permissive-2.0","record_id":"1426251760961606","update_time":"2026-04-27T00:00:00.000Z","confidence":0.7661445140838623,"between":null},{"property":"/properties/confidence","dataset":"Overture","license":"CDLA-Permissive-2.0","record_id":null,"update_time":"2026-06-11T11:57:15Z","confidence":null,"between":null}],"basic_category":"hotel","taxonomy":{"primary":"hotel","hierarchy":["lodging","hotel"],"alternates":null},"version":9}},
{"id":"430c01d1-7a54-4514-8a3f-e9902168b9b4","type":"Feature","geometry":{"type":"Point","coordinates":[-87.37858707,21.52398983]},"properties":{"categories":{"primary":"taco_restaurant","alternate":["restaurant","mexican_restaurant"]},"confidence":0.3791215121746063,"websites":["https://www.instagram.com/los_tacos_de_barbacoa?igsh=NGs4cTNqdTMwY3Nz&utm_source=qr"],"emails":["holalecmu@hotmail.com"],"socials":["https://www.facebook.com/104279197649708"],"phones":["+529841289155"],"brand":{"wikidata":null,"names":{"primary":null,"common":null,"rules":null}},"addresses":[{"freeform":"Taqueria Food truck","locality":"Lázaro Cárdenas","postcode":"77310","region":null,"country":"MX"}],"names":{"primary":"Los Tacos De Barbacoa","common":null,"rules":null},"sources":[{"property":"","dataset":"meta","license":"CDLA-Permissive-2.0","record_id":"104279197649708","update_time":"2026-04-27T00:00:00.000Z","confidence":0.3791215121746063,"between":null},{"property":"/properties/confidence","dataset":"Overture","license":"CDLA-Permissive-2.0","record_id":null,"update_time":"2026-06-11T11:57:15Z","confidence":null,"between":null}],"basic_category":"restaurant","taxonomy":{"primary":"taco_restaurant","hierarchy":["food_and_drink","restaurant","latin_american_restaurant","taco_restaurant"],"alternates":null},"version":5}},
{"id":"1e33b529-65e1-4e83-b7ab-044f5db567ee","type":"Feature","geometry":{"type":"Point","coordinates":[-87.378650307655,21.524073295829]},"properties":{"categories":{"primary":"hotel","alternate":["travel","accommodation"]},"confidence":0.6490388512611389,"websites":["http://hotelcasalupitaholbox.com/"],"emails":["hotelcasalupitaholbox@gmail.com"],"socials":["https://www.facebook.com/102348138425044"],"phones":["+529842796951"],"brand":{"wikidata":null,"names":{"primary":"Casa Lupita, Holbox","common":null,"rules":null}},"addresses":[{"freeform":"Calle palomino","locality":"Lázaro Cárdenas","postcode":"77310","region":null,"country":"MX"}],"names":{"primary":"Casa Lupita Holbox","common":null,"rules":null},"sources":[{"property":"","dataset":"meta","license":"CDLA-Permissive-2.0","record_id":"102348138425044","update_time":"2026-04-27T00:00:00.000Z","confidence":0.6490388512611389,"between":null},{"property":"/properties/confidence","dataset":"Overture","license":"CDLA-Permissive-2.0","record_id":null,"update_time":"2026-06-11T11:57:15Z","confidence":null,"between":null}],"basic_category":"hotel","taxonomy":{"primary":"hotel","hierarchy":["lodging","hotel"],"alternates":null},"version":10}},
{"id":"c801846e-2c45-416a-8ada-250f271ccb58","type":"Feature","geometry":{"type":"Point","coordinates":[-87.37868986,21.52409113]},"properties":{"categories":{"primary":"real_estate","alternate":["commercial_real_estate"]},"confidence":0.2923409044742584,"websites":["http://bit.ly/Cherna5FBProfile"],"emails":["info@holboxproperties.com"],"socials":["https://www.facebook.com/1566002113677420"],"phones":["+529841414305"],"brand":{"wikidata":null,"names":{"primary":null,"common":null,"rules":null}},"addresses":[{"freeform":"C. Palomino 13","locality":"Lázaro Cárdenas","postcode":"77310","region":null,"country":"MX"}],"names":{"primary":"Holbox Properties","common":null,"rules":null},"sources":[{"property":"","dataset":"meta","license":"CDLA-Permissive-2.0","record_id":"1566002113677420","update_time":"2026-04-27T00:00:00.000Z","confidence":0.2923409044742584,"between":null},{"property":"/properties/confidence","dataset":"Overture","license":"CDLA-Permissive-2.0","record_id":null,"update_time":"2026-06-11T11:57:15Z","confidence":null,"between":null}],"basic_category":"real_estate_service","taxonomy":{"primary":"real_estate_service","hierarchy":["services_and_business","real_estate_service"],"alternates":null},"version":2}},
{"id":"dbdf6b29-5072-483c-bdd2-5ef9a3a75b1e","type":"Feature","geometry":{"type":"Point","coordinates":[-87.37876332,21.5241161]},"properties":{"categories":{"primary":"steakhouse","alternate":["caribbean_restaurant","restaurant"]},"confidence":0.9580404758453369,"socials":["https://www.facebook.com/716310528782420"],"phones":["+529982307095"],"brand":{"wikidata":null,"names":{"primary":null,"common":null,"rules":null}},"addresses":[{"freeform":"C. Palomino S/N","locality":"Lázaro Cárdenas","postcode":"77310","region":null,"country":"MX"}],"names":{"primary":"Oliver's Steakhouse","common":null,"rules":null},"sources":[{"property":"","dataset":"meta","license":"CDLA-Permissive-2.0","record_id":"716310528782420","update_time":"2026-04-27T00:00:00.000Z","confidence":0.9580404758453369,"between":null},{"property":"/properties/confidence","dataset":"Overture","license":"CDLA-Permissive-2.0","record_id":null,"update_time":"2026-06-11T11:57:15Z","confidence":null,"between":null}],"basic_category":"restaurant","taxonomy":{"primary":"steakhouse","hierarchy":["food_and_drink","restaurant","meat_restaurant","steakhouse"],"alternates":null},"version":10}},
{"id":"97b4627c-6d9a-431d-85d6-1c7130347158","type":"Feature","geometry":{"type":"Point","coordinates":[-87.37880814352405,21.524125317321655]},"properties":{"categories":{"primary":"hotel","alternate":null},"confidence":0.77,"websites":["http://casalupitaholbox.com"],"phones":["984 279 6951"],"addresses":[{"freeform":"Calle Palomino","locality":"Isla Holbox","postcode":null,"region":"Quintana Roo","country":"MX"}],"names":{"primary":"Hotel Casa Lupita","common":null,"rules":null},"sources":[{"property":"","dataset":"Foursquare","license":"Apache-2.0","record_id":"4e1888701f6eb955987ad5f9","update_time":"2025-10-15T00:00:00.000","confidence":0.77,"between":null},{"property":"/properties/confidence","dataset":"Overture","license":"CDLA-Permissive-2.0","record_id":null,"update_time":"2026-06-11T11:57:15Z","confidence":null,"between":null}],"basic_category":"hotel","taxonomy":{"primary":"hotel","hierarchy":["lodging","hotel"],"alternates":null},"version":2}},
{"id":"17f95cf7-9e49-4b4e-a312-53c26249ff04","type":"Feature","geometry":{"type":"Point","coordinates":[-87.37908156,21.52412547]},"properties":{"categories":{"primary":"tapas_bar","alternate":["beer_bar","bar"]},"confidence":0.9559232592582703,"emails":["cronicasbar@gmail.com"],"socials":["https://www.facebook.com/101969972088094"],"phones":["+529842072638"],"brand":{"wikidata":null,"names":{"primary":null,"common":null,"rules":null}},"addresses":[{"freeform":"Av. Damero","locality":"Lázaro Cárdenas","postcode":"77310","region":null,"country":"MX"}],"names":{"primary":"Crónicas Taproom","common":null,"rules":null},"sources":[{"property":"","dataset":"meta","license":"CDLA-Permissive-2.0","record_id":"101969972088094","update_time":"2026-04-27T00:00:00.000Z","confidence":0.9559232592582703,"between":null},{"property":"/properties/confidence","dataset":"Overture","license":"CDLA-Permissive-2.0","record_id":null,"update_time":"2026-06-11T11:57:15Z","confidence":null,"between":null}],"basic_category":"casual_eatery","taxonomy":{"primary":"tapas_bar","hierarchy":["food_and_drink","casual_eatery","tapas_bar"],"alternates":null},"version":9}},
{"id":"c87dc948-0f31-4af5-a62d-a65c6309725f","type":"Feature","geometry":{"type":"Point","coordinates":[-87.37914684,21.52412667]},"properties":{"categories":{"primary":"restaurant","alternate":["latin_american_restaurant","diner"]},"confidence":0.734571635723114,"socials":["https://www.facebook.com/515278455231513"],"phones":["+529848065267"],"brand":{"wikidata":null,"names":{"primary":null,"common":null,"rules":null}},"addresses":[{"freeform":"CALLE PEDRO JOAQUIN CODWELL","locality":"Lázaro Cárdenas","postcode":"77310","region":null,"country":"MX"}],"names":{"primary":"El Limoncito","common":null,"rules":null},"sources":[{"property":"","dataset":"meta","license":"CDLA-Permissive-2.0","record_id":"515278455231513","update_time":"2026-04-27T00:00:00.000Z","confidence":0.734571635723114,"between":null},{"property":"/properties/confidence","dataset":"Overture","license":"CDLA-Permissive-2.0","record_id":null,"update_time":"2026-06-11T11:57:15Z","confidence":null,"between":null}],"basic_category":"restaurant","taxonomy":{"primary":"restaurant","hierarchy":["food_and_drink","restaurant"],"alternates":null},"version":9}},
{"id":"b492fc3c-f7ed-4896-81fd-8c133055992f","type":"Feature","geometry":{"type":"Point","coordinates":[-87.3790258,21.52423698]},"properties":{"categories":{"primary":"food_stand","alternate":null},"confidence":0.30732741951942444,"socials":["https://www.facebook.com/114801878329804"],"phones":["+529843160108"],"brand":{"wikidata":null,"names":{"primary":null,"common":null,"rules":null}},"addresses":[{"freeform":"77310 Holbox","locality":"Lázaro Cárdenas","postcode":"77310","region":null,"country":"MX"}],"names":{"primary":"Keelotes D' Holbox","common":null,"rules":null},"sources":[{"property":"","dataset":"meta","license":"CDLA-Permissive-2.0","record_id":"114801878329804","update_time":"2026-04-27T00:00:00.000Z","confidence":0.30732741951942444,"between":null},{"property":"/properties/confidence","dataset":"Overture","license":"CDLA-Permissive-2.0","record_id":null,"update_time":"2026-06-11T11:57:15Z","confidence":null,"between":null}],"basic_category":"casual_eatery","taxonomy":{"primary":"food_truck_stand","hierarchy":["food_and_drink","casual_eatery","food_truck_stand"],"alternates":null},"version":9}},
{"id":"2ff8515e-4102-40cd-9c28-3976dbc0758a","type":"Feature","geometry":{"type":"Point","coordinates":[-87.378815598786,21.524217001444]},"properties":{"categories":{"primary":"clothing_store","alternate":null},"confidence":0.5515553951263428,"emails":["claudia@puntacaliza.com"],"socials":["https://www.facebook.com/113652638448010"],"brand":{"wikidata":null,"names":{"primary":null,"common":null,"rules":null}},"addresses":[{"freeform":"Palomino esquina Damero ","locality":"Lázaro Cárdenas","postcode":"77310","region":null,"country":"MX"}],"names":{"primary":"Apollo_holbox","common":null,"rules":null},"sources":[{"property":"","dataset":"meta","license":"CDLA-Permissive-2.0","record_id":"113652638448010","update_time":"2026-04-27T00:00:00.000Z","confidence":0.5515553951263428,"between":null},{"property":"/properties/confidence","dataset":"Overture","license":"CDLA-Permissive-2.0","record_id":null,"update_time":"2026-06-11T11:57:15Z","confidence":null,"between":null}],"basic_category":"fashion_and_apparel_store","taxonomy":{"primary":"clothing_store","hierarchy":["shopping","fashion_and_apparel_store","clothing_store"],"alternates":null},"version":8}},
{"id":"40728217-6c37-4aab-af4a-ef98675bdf34","type":"Feature","geometry":{"type":"Point","coordinates":[-87.37882804,21.52417189]},"properties":{"categories":{"primary":"restaurant","alternate":["diner"]},"confidence":0.48874950408935547,"socials":["https://www.facebook.com/181912545242669"],"phones":["+529848752217"],"brand":{"wikidata":null,"names":{"primary":null,"common":null,"rules":null}},"addresses":[{"freeform":"AVENIDA PALOMINO","locality":"Lázaro Cárdenas","postcode":"77310","region":null,"country":"MX"}],"names":{"primary":"Restaurante Olivers","common":null,"rules":null},"sources":[{"property":"","dataset":"meta","license":"CDLA-Permissive-2.0","record_id":"181912545242669","update_time":"2026-04-27T00:00:00.000Z","confidence":0.48874950408935547,"between":null},{"property":"/properties/confidence","dataset":"Overture","license":"CDLA-Permissive-2.0","record_id":null,"update_time":"2026-06-11T11:57:15Z","confidence":null,"between":null}],"basic_category":"restaurant","taxonomy":{"primary":"restaurant","hierarchy":["food_and_drink","restaurant"],"alternates":null},"version":9}},
{"id":"8ab0c0ce-d082-429d-9a55-f772a4e95dd9","type":"Feature","geometry":{"type":"Point","coordinates":[-87.377998352051,21.524207138291]},"properties":{"categories":{"primary":"hotel","alternate":["karaoke"]},"confidence":0.39234787225723267,"websites":["http://www.holboxhotelcasamaya.com"],"emails":["casamaya@gmail.com"],"socials":["https://www.facebook.com/428289583879444"],"phones":["+529848752428"],"brand":{"wikidata":null,"names":{"primary":null,"common":null,"rules":null}},"addresses":[{"freeform":"Calle Carito entre avenida damero y Porfirio Díaz","locality":"Lázaro Cárdenas","postcode":"77310","region":null,"country":"MX"}],"names":{"primary":"Casa Maya de Jose Lima","common":null,"rules":null},"sources":[{"property":"","dataset":"meta","license":"CDLA-Permissive-2.0","record_id":"428289583879444","update_time":"2026-04-27T00:00:00.000Z","confidence":0.39234787225723267,"between":null},{"property":"/properties/confidence","dataset":"Overture","license":"CDLA-Permissive-2.0","record_id":null,"update_time":"2026-06-11T11:57:15Z","confidence":null,"between":null}],"basic_category":"hotel","taxonomy":{"primary":"hotel","hierarchy":["lodging","hotel"],"alternates":null},"version":1}},
{"id":"8636e00d-9aae-46d7-ba65-22e877fb5870","type":"Feature","geometry":{"type":"Point","coordinates":[-87.37791505,21.52416516]},"properties":{"categories":{"primary":"tattoo_and_piercing","alternate":null},"confidence":0.5441520810127258,"socials":["https://www.facebook.com/352070582267625"],"phones":["+529581310876"],"brand":{"wikidata":null,"names":{"primary":null,"common":null,"rules":null}},"addresses":[{"freeform":"C. Porfirio Díaz SN","locality":"Lázaro Cárdenas","postcode":"77310","region":null,"country":"MX"}],"names":{"primary":"Dirty Ink Studios","common":null,"rules":null},"sources":[{"property":"","dataset":"meta","license":"CDLA-Permissive-2.0","record_id":"352070582267625","update_time":"2026-04-27T00:00:00.000Z","confidence":0.5441520810127258,"between":null},{"property":"/properties/confidence","dataset":"Overture","license":"CDLA-Permissive-2.0","record_id":null,"update_time":"2026-06-11T11:57:15Z","confidence":null,"between":null}],"basic_category":"personal_or_beauty_service","taxonomy":{"primary":"tattoo_and_piercing","hierarchy":["lifestyle_services","personal_or_beauty_service","body_modification","tattoo_and_piercing"],"alternates":null},"version":7}},
{"id":"cbac007f-7b35-42e4-b3fb-03dfeecdd536","type":"Feature","geometry":{"type":"Point","coordinates":[-87.37796784,21.52408671]},"properties":{"categories":{"primary":"pizza_restaurant","alternate":["latin_american_restaurant","restaurant"]},"confidence":0.9900606787204742,"websites":["http://negocio.site"],"emails":["rootspizzaholbox1@gmail.com"],"socials":["https://www.facebook.com/753396204817274"],"phones":["+529842415953"],"brand":{"wikidata":null,"names":{"primary":null,"common":null,"rules":null}},"addresses":[{"freeform":"Calle Porfirio Díaz S/N Entre Palomino y, C. Carito","locality":"Lázaro Cárdenas","postcode":"77310","region":null,"country":"MX"}],"names":{"primary":"Roots Pizzas a la Leña","common":null,"rules":null},"sources":[{"property":"","dataset":"meta","license":"CDLA-Permissive-2.0","record_id":"753396204817274","update_time":"2026-04-27T00:00:00.000Z","confidence":0.9567855596542358,"between":null},{"property":"/properties/confidence","dataset":"Overture","license":"CDLA-Permissive-2.0","record_id":null,"update_time":"2026-06-11T11:57:15Z","confidence":null,"between":null}],"basic_category":"restaurant","taxonomy":{"primary":"pizza_restaurant","hierarchy":["food_and_drink","restaurant","european_restaurant","mediterranean_restaurant","italian_restaurant","pizza_restaurant"],"alternates":null},"version":6}},
{"id":"74449b74-c32c-422d-905e-40d0d3c16bff","type":"Feature","geometry":{"type":"Point","coordinates":[-87.37803901,21.52408109]},"properties":{"categories":{"primary":"pizza_restaurant","alternate":["italian_restaurant","restaurant"]},"confidence":0.49452781677246094,"socials":["https://www.facebook.com/439040249468553"],"phones":["+529842415953"],"brand":{"wikidata":null,"names":{"primary":null,"common":null,"rules":null}},"addresses":[{"freeform":"CALLE PORFIRIO DIAZ","locality":"Lázaro Cárdenas","postcode":"77310","region":null,"country":"MX"}],"names":{"primary":"Pizzería Roots","common":null,"rules":null},"sources":[{"property":"","dataset":"meta","license":"CDLA-Permissive-2.0","record_id":"439040249468553","update_time":"2026-04-27T00:00:00.000Z","confidence":0.49452781677246094,"between":null},{"property":"/properties/confidence","dataset":"Overture","license":"CDLA-Permissive-2.0","record_id":null,"update_time":"2026-06-11T11:57:15Z","confidence":null,"between":null}],"basic_category":"restaurant","taxonomy":{"primary":"pizza_restaurant","hierarchy":["food_and_drink","restaurant","european_restaurant","mediterranean_restaurant","italian_restaurant","pizza_restaurant"],"alternates":null},"version":9}},
{"id":"3bafe9f9-0f79-4fc3-ab4f-8df1b98b49d7","type":"Feature","geometry":{"type":"Point","coordinates":[-87.37808471,21.52402299]},"properties":{"categories":{"primary":"transportation","alternate":["tours"]},"confidence":0.3539326786994934,"websites":["http://www.goholboxtransfers.com/"],"emails":["goholboxtransfers@gmail.com"],"socials":["https://www.facebook.com/245692669279954"],"phones":["+529841368852"],"brand":{"wikidata":null,"names":{"primary":null,"common":null,"rules":null}},"addresses":[{"freeform":"Calle Porfirio Diaz Holbox Island, Quintana Roo","locality":"Lázaro Cárdenas","postcode":"77310","region":null,"country":"MX"}],"names":{"primary":"Go holbox transfers","common":null,"rules":null},"sources":[{"property":"","dataset":"meta","license":"CDLA-Permissive-2.0","record_id":"245692669279954","update_time":"2026-04-27T00:00:00.000Z","confidence":0.3539326786994934,"between":null},{"property":"/properties/confidence","dataset":"Overture","license":"CDLA-Permissive-2.0","record_id":null,"update_time":"2026-06-11T11:57:15Z","confidence":null,"between":null}],"taxonomy":{"primary":"travel_and_transportation","hierarchy":["travel_and_transportation"],"alternates":null},"version":9}},
{"id":"78c0fd9f-035c-469a-b3d7-aa3c9527f9b4","type":"Feature","geometry":{"type":"Point","coordinates":[-87.37817287445068,21.52396849902291]},"properties":{"categories":{"primary":"salad_bar","alternate":null},"confidence":0.77,"websites":["http://naayholbox.com"],"socials":["https://www.instagram.com/naay.holbox"],"phones":["55 1800 5415"],"addresses":[{"freeform":"Calle Porfirio Díaz S/N","locality":"Holbox","postcode":"77310","region":"Quintana Roo","country":"MX"}],"names":{"primary":"NÁAY","common":null,"rules":null},"sources":[{"property":"","dataset":"Foursquare","license":"Apache-2.0","record_id":"5993331c2955133abcb1d47a","update_time":"2025-05-09T00:00:00.000","confidence":0.77,"between":null},{"property":"/properties/confidence","dataset":"Overture","license":"CDLA-Permissive-2.0","record_id":null,"update_time":"2026-06-11T11:57:15Z","confidence":null,"between":null}],"basic_category":"restaurant","taxonomy":{"primary":"salad_bar","hierarchy":["food_and_drink","restaurant","salad_bar"],"alternates":null},"version":4}},
{"id":"0bc379a2-d82c-4645-ab63-3b8d49653b36","type":"Feature","geometry":{"type":"Point","coordinates":[-87.37853536,21.52392334]},"properties":{"categories":{"primary":"tours","alternate":["sightseeing_tour_agency"]},"confidence":0.7625113725662231,"websites":["https://espacionatura.com/"],"emails":["reservations@espacionatura.com"],"socials":["https://www.facebook.com/1587058004919142"],"phones":["+529841840323"],"brand":{"wikidata":null,"names":{"primary":"Holbox Travel","common":null,"rules":null}},"addresses":[{"freeform":"Frente del parque segundo piso","locality":"Lázaro Cárdenas","postcode":"77310","region":null,"country":"MX"}],"names":{"primary":"Holbox Travel","common":null,"rules":null},"sources":[{"property":"","dataset":"meta","license":"CDLA-Permissive-2.0","record_id":"1587058004919142","update_time":"2026-04-27T00:00:00.000Z","confidence":0.7625113725662231,"between":null},{"property":"/properties/confidence","dataset":"Overture","license":"CDLA-Permissive-2.0","record_id":null,"update_time":"2026-06-11T11:57:15Z","confidence":null,"between":null}],"basic_category":"travel_service","taxonomy":{"primary":"tour_operator","hierarchy":["travel_and_transportation","travel_service","tour_operator"],"alternates":null},"version":2}},
{"id":"3471b7eb-65e3-4430-99dd-c8ed449d6814","type":"Feature","geometry":{"type":"Point","coordinates":[-87.37856753,21.52397148]},"properties":{"categories":{"primary":"tours","alternate":["travel_company"]},"confidence":0.5222706198692322,"websites":["https://holbox-day-tours.negocio.site/?utm_source=gmb&utm_medium=referral"],"emails":["holboxdaytours@gmail.com"],"socials":["https://www.facebook.com/106693600721394"],"phones":["+529861111669"],"brand":{"wikidata":null,"names":{"primary":null,"common":null,"rules":null}},"addresses":[{"freeform":"y, Calle Palomino, Av. Damero entre Calle Porfirio Díaz y avenida Damero","locality":"Lázaro Cárdenas","postcode":"77310","region":null,"country":"MX"}],"names":{"primary":"Holbox Day Tours","common":null,"rules":null},"sources":[{"property":"","dataset":"meta","license":"CDLA-Permissive-2.0","record_id":"106693600721394","update_time":"2026-04-27T00:00:00.000Z","confidence":0.5222706198692322,"between":null},{"property":"/properties/confidence","dataset":"Overture","license":"CDLA-Permissive-2.0","record_id":null,"update_time":"2026-06-11T11:57:15Z","confidence":null,"between":null}],"basic_category":"travel_service","taxonomy":{"primary":"tour_operator","hierarchy":["travel_and_transportation","travel_service","tour_operator"],"alternates":null},"version":8}},
{"id":"79d0605e-7929-4000-b9b7-6233adcee350","type":"Feature","geometry":{"type":"Point","coordinates":[-87.378628026236,21.523876958741]},"properties":{"categories":{"primary":"food_truck","alternate":["fast_food_restaurant"]},"confidence":0.3945579528808594,"socials":["https://www.facebook.com/354719665095329"],"brand":{"wikidata":null,"names":{"primary":null,"common":null,"rules":null}},"addresses":[{"freeform":"Avenida Kuka","locality":"Lázaro Cárdenas","postcode":"77310","region":null,"country":"MX"}],"names":{"primary":"Tacos Árabes","common":null,"rules":null},"sources":[{"property":"","dataset":"meta","license":"CDLA-Permissive-2.0","record_id":"354719665095329","update_time":"2026-04-27T00:00:00.000Z","confidence":0.3945579528808594,"between":null},{"property":"/properties/confidence","dataset":"Overture","license":"CDLA-Permissive-2.0","record_id":null,"update_time":"2026-06-11T11:57:15Z","confidence":null,"between":null}],"basic_category":"food_truck_stand","taxonomy":{"primary":"food_truck_stand","hierarchy":["food_and_drink","casual_eatery","food_truck_stand"],"alternates":null},"version":7}},
{"id":"4db15d2c-01bf-419d-ba94-f657e66b5107","type":"Feature","geometry":{"type":"Point","coordinates":[-87.37858382547364,21.523864347789445]},"properties":{"categories":{"primary":"italian_restaurant","alternate":null},"confidence":0.35225680470466614,"socials":["https://www.facebook.com/105420501707905"],"brand":{"wikidata":null,"names":{"primary":null,"common":null,"rules":null}},"addresses":[{"freeform":"Palomino 13","locality":"Lázaro Cárdenas","postcode":"77310","region":null,"country":"MX"}],"names":{"primary":"Casa Roma","common":null,"rules":null},"sources":[{"property":"","dataset":"meta","license":"CDLA-Permissive-2.0","record_id":"105420501707905","update_time":"2026-04-27T00:00:00.000Z","confidence":0.35225680470466614,"between":null},{"property":"/properties/confidence","dataset":"Overture","license":"CDLA-Permissive-2.0","record_id":null,"update_time":"2026-06-11T11:57:15Z","confidence":null,"between":null}],"basic_category":"restaurant","taxonomy":{"primary":"italian_restaurant","hierarchy":["food_and_drink","restaurant","european_restaurant","mediterranean_restaurant","italian_restaurant"],"alternates":null},"version":9}},
{"id":"de3e356d-4907-439c-bec3-ff57658e3a68","type":"Feature","geometry":{"type":"Point","coordinates":[-87.3786217,21.5238453]},"properties":{"confidence":0.46764320135116577,"socials":["https://www.facebook.com/1070117429835940"],"brand":{"wikidata":null,"names":{"primary":null,"common":null,"rules":null}},"addresses":[{"freeform":"Calle Palomino","locality":"Lázaro Cárdenas","postcode":"","region":null,"country":"MX"}],"names":{"primary":"Maroc Caféteria y Pastelería","common":null,"rules":null},"sources":[{"property":"","dataset":"meta","license":"CDLA-Permissive-2.0","record_id":"1070117429835940","update_time":"2026-04-27T00:00:00.000Z","confidence":0.46764320135116577,"between":null},{"property":"/properties/confidence","dataset":"Overture","license":"CDLA-Permissive-2.0","record_id":null,"update_time":"2026-06-11T11:57:15Z","confidence":null,"between":null}],"basic_category":"casual_eatery","version":2}},
{"id":"ac7291c5-9e05-4cbf-91f6-b8bdc1d03d9f","type":"Feature","geometry":{"type":"Point","coordinates":[-87.378852,21.52383625]},"properties":{"categories":{"primary":"italian_restaurant","alternate":["restaurant"]},"confidence":0.2684701681137085,"socials":["https://www.facebook.com/238014972909852"],"phones":["+529981924575"],"brand":{"wikidata":null,"names":{"primary":null,"common":null,"rules":null}},"addresses":[{"freeform":"Calle Palomino s/n","locality":"Lázaro Cárdenas","postcode":"77310","region":null,"country":"MX"}],"names":{"primary":"Los Pelicanos","common":null,"rules":null},"sources":[{"property":"","dataset":"meta","license":"CDLA-Permissive-2.0","record_id":"238014972909852","update_time":"2026-04-27T00:00:00.000Z","confidence":0.2684701681137085,"between":null},{"property":"/properties/confidence","dataset":"Overture","license":"CDLA-Permissive-2.0","record_id":null,"update_time":"2026-06-11T11:57:15Z","confidence":null,"between":null}],"basic_category":"restaurant","taxonomy":{"primary":"italian_restaurant","hierarchy":["food_and_drink","restaurant","european_restaurant","mediterranean_restaurant","italian_restaurant"],"alternates":null},"version":9}},
{"id":"32dbf7e6-b03a-4856-9d8a-97a054f1c7ea","type":"Feature","geometry":{"type":"Point","coordinates":[-87.37903,21.52383]},"properties":{"categories":{"primary":"park","alternate":["topic_concert_venue"]},"confidence":0.8075312376022339,"socials":["https://www.facebook.com/372189149499030"],"brand":{"wikidata":null,"names":{"primary":null,"common":null,"rules":null}},"addresses":[{"freeform":"","locality":"Lázaro Cárdenas","postcode":"","region":null,"country":"MX"}],"names":{"primary":"Parque Central","common":null,"rules":null},"sources":[{"property":"","dataset":"meta","license":"CDLA-Permissive-2.0","record_id":"372189149499030","update_time":"2026-04-27T00:00:00.000Z","confidence":0.8075312376022339,"between":null},{"property":"/properties/confidence","dataset":"Overture","license":"CDLA-Permissive-2.0","record_id":null,"update_time":"2026-06-11T11:57:15Z","confidence":null,"between":null}],"basic_category":"park","taxonomy":{"primary":"park","hierarchy":["sports_and_recreation","park"],"alternates":null},"version":6}},
{"id":"15940579-e303-40a6-a05c-d6c268c328db","type":"Feature","geometry":{"type":"Point","coordinates":[-87.37905671,21.52372022]},"properties":{"categories":{"primary":"sightseeing_tour_agency","alternate":["tours"]},"confidence":0.44931429624557495,"websites":["https://maps.app.goo.gl/oj1d1aHqoQ1uTyxe6"],"emails":["solowhatsapp@gmail.com"],"socials":["https://www.facebook.com/113394954316652"],"phones":["+529841981392"],"brand":{"wikidata":null,"names":{"primary":null,"common":null,"rules":null}},"addresses":[{"freeform":"Muelle tiburón ballena, Calle Tiburón Ballena SM Centro","locality":"Lázaro Cárdenas","postcode":"77310","region":null,"country":"MX"}],"names":{"primary":"Holbox Tours and Activities","common":null,"rules":null},"sources":[{"property":"","dataset":"meta","license":"CDLA-Permissive-2.0","record_id":"113394954316652","update_time":"2026-04-27T00:00:00.000Z","confidence":0.44931429624557495,"between":null},{"property":"/properties/confidence","dataset":"Overture","license":"CDLA-Permissive-2.0","record_id":null,"update_time":"2026-06-11T11:57:15Z","confidence":null,"between":null}],"basic_category":"travel_service","taxonomy":{"primary":"sightseeing_tour_agency","hierarchy":["travel_and_transportation","travel_service","tour_operator","sightseeing_tour_agency"],"alternates":null},"version":2}},
{"id":"e2300c57-32ec-4de3-b3d9-2605082715f4","type":"Feature","geometry":{"type":"Point","coordinates":[-87.378623180282,21.52372561718]},"properties":{"categories":{"primary":"public_plaza","alternate":["bar"]},"confidence":0.5024197101593018,"socials":["https://www.facebook.com/2062281107151568"],"brand":{"wikidata":null,"names":{"primary":null,"common":null,"rules":null}},"addresses":[{"freeform":"Tiburón Ballena","locality":"Lázaro Cárdenas","postcode":"","region":null,"country":"MX"}],"names":{"primary":"Zócalo","common":null,"rules":null},"sources":[{"property":"","dataset":"meta","license":"CDLA-Permissive-2.0","record_id":"2062281107151568","update_time":"2026-04-27T00:00:00.000Z","confidence":0.5024197101593018,"between":null},{"property":"/properties/confidence","dataset":"Overture","license":"CDLA-Permissive-2.0","record_id":null,"update_time":"2026-06-11T11:57:15Z","confidence":null,"between":null}],"basic_category":"public_plaza","taxonomy":{"primary":"public_plaza","hierarchy":["community_and_government","public_facility","public_plaza"],"alternates":null},"version":8}},
{"id":"a7f5a295-a414-47ae-9c1a-ea2b5912e055","type":"Feature","geometry":{"type":"Point","coordinates":[-87.37839979,21.52382683]},"properties":{"categories":{"primary":"pizza_restaurant","alternate":["restaurant"]},"confidence":0.5228108167648315,"socials":["https://www.facebook.com/105999247634086"],"phones":["+529848752024"],"brand":{"wikidata":null,"names":{"primary":null,"common":null,"rules":null}},"addresses":[{"freeform":"","locality":"Lázaro Cárdenas","postcode":"77310","region":null,"country":"MX"}],"names":{"primary":"Edelyn","common":null,"rules":null},"sources":[{"property":"","dataset":"meta","license":"CDLA-Permissive-2.0","record_id":"105999247634086","update_time":"2026-04-27T00:00:00.000Z","confidence":0.5228108167648315,"between":null},{"property":"/properties/confidence","dataset":"Overture","license":"CDLA-Permissive-2.0","record_id":null,"update_time":"2026-06-11T11:57:15Z","confidence":null,"between":null}],"basic_category":"restaurant","taxonomy":{"primary":"pizza_restaurant","hierarchy":["food_and_drink","restaurant","european_restaurant","mediterranean_restaurant","italian_restaurant","pizza_restaurant"],"alternates":null},"version":8}},
{"id":"36b33a7a-2279-4ada-b800-b0fddd516cda","type":"Feature","geometry":{"type":"Point","coordinates":[-87.37838673,21.5238059]},"properties":{"categories":{"primary":"pizza_restaurant","alternate":["italian_restaurant","restaurant"]},"confidence":0.8867894411087036,"emails":["restauranteypizzeriaedelyn@gmail.com"],"socials":["https://www.facebook.com/122872910920057"],"phones":["+529848752024"],"brand":{"wikidata":null,"names":{"primary":null,"common":null,"rules":null}},"addresses":[{"freeform":"","locality":"Lázaro Cárdenas","postcode":"77320","region":null,"country":"MX"}],"names":{"primary":"Restaurante Edelyn","common":null,"rules":null},"sources":[{"property":"","dataset":"meta","license":"CDLA-Permissive-2.0","record_id":"122872910920057","update_time":"2026-04-27T00:00:00.000Z","confidence":0.8867894411087036,"between":null},{"property":"/properties/confidence","dataset":"Overture","license":"CDLA-Permissive-2.0","record_id":null,"update_time":"2026-06-11T11:57:15Z","confidence":null,"between":null}],"basic_category":"restaurant","taxonomy":{"primary":"pizza_restaurant","hierarchy":["food_and_drink","restaurant","european_restaurant","mediterranean_restaurant","italian_restaurant","pizza_restaurant"],"alternates":null},"version":6}},
{"id":"32bf7fce-76f6-4f63-97bf-ad6854e66def","type":"Feature","geometry":{"type":"Point","coordinates":[-87.37836854755851,21.523679976878945]},"properties":{"categories":{"primary":"pizza_restaurant","alternate":["food_stand","bar"]},"confidence":0.8689993619918823,"socials":["https://www.facebook.com/2334144550142672"],"phones":["+529841466876"],"brand":{"wikidata":null,"names":{"primary":null,"common":null,"rules":null}},"addresses":[{"freeform":"Tiburón Ballena S/N","locality":"Lázaro Cárdenas","postcode":"77310","region":null,"country":"MX"}],"names":{"primary":"Chol Cheese Pizzas Holbox pizza langosta","common":null,"rules":null},"sources":[{"property":"","dataset":"meta","license":"CDLA-Permissive-2.0","record_id":"2334144550142672","update_time":"2026-04-27T00:00:00.000Z","confidence":0.8689993619918823,"between":null},{"property":"/properties/confidence","dataset":"Overture","license":"CDLA-Permissive-2.0","record_id":null,"update_time":"2026-06-11T11:57:15Z","confidence":null,"between":null}],"basic_category":"restaurant","taxonomy":{"primary":"pizza_restaurant","hierarchy":["food_and_drink","restaurant","european_restaurant","mediterranean_restaurant","italian_restaurant","pizza_restaurant"],"alternates":null},"version":9}},
{"id":"b850783d-be8b-4486-8207-41dda80df99f","type":"Feature","geometry":{"type":"Point","coordinates":[-87.37844548,21.52366814]},"properties":{"categories":{"primary":"yoga_studio","alternate":null},"confidence":0.4057123064994812,"emails":["sadhanaholbox@gmail.com"],"socials":["https://www.facebook.com/109788718745720"],"phones":["+524492734262"],"brand":{"wikidata":null,"names":{"primary":null,"common":null,"rules":null}},"addresses":[{"freeform":"C.Tiburón Ballena y C.Palomino, C. Porfirio Díaz entre la","locality":"Lázaro Cárdenas","postcode":"77310","region":null,"country":"MX"}],"names":{"primary":"Sadhana Yoga Center","common":null,"rules":null},"sources":[{"property":"","dataset":"meta","license":"CDLA-Permissive-2.0","record_id":"109788718745720","update_time":"2026-04-27T00:00:00.000Z","confidence":0.4057123064994812,"between":null},{"property":"/properties/confidence","dataset":"Overture","license":"CDLA-Permissive-2.0","record_id":null,"update_time":"2026-06-11T11:57:15Z","confidence":null,"between":null}],"basic_category":"fitness_studio","taxonomy":{"primary":"yoga_studio","hierarchy":["sports_and_recreation","sport_or_fitness_facility","fitness_studio","yoga_studio"],"alternates":null},"version":8}},
{"id":"cfb936da-b4b6-4ae5-aa0f-5898e1975ea6","type":"Feature","geometry":{"type":"Point","coordinates":[-87.37840771,21.52357637]},"properties":{"categories":{"primary":"education","alternate":["school","art_museum"]},"confidence":0.45059049129486084,"websites":["http://www.qroo.gob.mx/ica"],"socials":["https://www.facebook.com/346685758703318"],"phones":["+529841579646"],"brand":{"wikidata":null,"names":{"primary":null,"common":null,"rules":null}},"addresses":[{"freeform":"","locality":"Lázaro Cárdenas","postcode":"77310","region":null,"country":"MX"}],"names":{"primary":"Casa de la Cultura","common":null,"rules":null},"sources":[{"property":"","dataset":"meta","license":"CDLA-Permissive-2.0","record_id":"346685758703318","update_time":"2026-04-27T00:00:00.000Z","confidence":0.45059049129486084,"between":null},{"property":"/properties/confidence","dataset":"Overture","license":"CDLA-Permissive-2.0","record_id":null,"update_time":"2026-06-11T11:57:15Z","confidence":null,"between":null}],"taxonomy":{"primary":"education","hierarchy":["education"],"alternates":null},"version":8}},
{"id":"081a3c34-beca-4e42-b54e-ead15e3d55ad","type":"Feature","geometry":{"type":"Point","coordinates":[-87.37819184,21.52355883]},"properties":{"categories":{"primary":"gym","alternate":["sports_and_recreation_venue"]},"confidence":0.4414620101451874,"socials":["https://www.facebook.com/111202567165130"],"brand":{"wikidata":null,"names":{"primary":null,"common":null,"rules":null}},"addresses":[{"freeform":"C. Palomino","locality":"Lázaro Cárdenas","postcode":"77310","region":null,"country":"MX"}],"names":{"primary":"El Gym de Ali","common":null,"rules":null},"sources":[{"property":"","dataset":"meta","license":"CDLA-Permissive-2.0","record_id":"111202567165130","update_time":"2026-04-27T00:00:00.000Z","confidence":0.4414620101451874,"between":null},{"property":"/properties/confidence","dataset":"Overture","license":"CDLA-Permissive-2.0","record_id":null,"update_time":"2026-06-11T11:57:15Z","confidence":null,"between":null}],"basic_category":"gym","taxonomy":{"primary":"gym","hierarchy":["sports_and_recreation","sport_or_fitness_facility","gym"],"alternates":null},"version":9}},
{"id":"47d366c5-8109-4776-93a3-77a80a3e3430","type":"Feature","geometry":{"type":"Point","coordinates":[-87.37813222,21.52356501]},"properties":{"categories":{"primary":"bike_rentals","alternate":["bicycle_shop"]},"confidence":0.5684502720832825,"websites":["https://wa.me/message/AILUIC3UAQU4B1"],"emails":["bikelandholbox@gmail.com"],"socials":["https://www.facebook.com/100980715669173"],"phones":["+529842414984"],"brand":{"wikidata":null,"names":{"primary":null,"common":null,"rules":null}},"addresses":[{"freeform":"C. Palomino entre Porfirio Díaz y Jerónimo de Aguilar","locality":"Lázaro Cárdenas","postcode":"77310","region":null,"country":"MX"}],"names":{"primary":"Bikeland Holbox","common":null,"rules":null},"sources":[{"property":"","dataset":"meta","license":"CDLA-Permissive-2.0","record_id":"100980715669173","update_time":"2026-04-27T00:00:00.000Z","confidence":0.5684502720832825,"between":null},{"property":"/properties/confidence","dataset":"Overture","license":"CDLA-Permissive-2.0","record_id":null,"update_time":"2026-06-11T11:57:15Z","confidence":null,"between":null}],"basic_category":"recreational_equipment_rental","taxonomy":{"primary":"bike_rental","hierarchy":["sports_and_recreation","recreational_equipment_rental","bike_rental"],"alternates":null},"version":8}},
{"id":"61f46ac5-da46-4b68-8fb8-799c5ee2615c","type":"Feature","geometry":{"type":"Point","coordinates":[-87.37810681,21.52358656]},"properties":{"categories":{"primary":"spas","alternate":["health_spa"]},"confidence":0.210507333278656,"socials":["https://www.facebook.com/102911281579568"],"phones":["+529842156123"],"brand":{"wikidata":null,"names":{"primary":null,"common":null,"rules":null}},"addresses":[{"freeform":"C. Palomino","locality":"Lázaro Cárdenas","postcode":"77310","region":null,"country":"MX"}],"names":{"primary":"Soma Holbox Spa","common":null,"rules":null},"sources":[{"property":"","dataset":"meta","license":"CDLA-Permissive-2.0","record_id":"102911281579568","update_time":"2026-04-27T00:00:00.000Z","confidence":0.210507333278656,"between":null},{"property":"/properties/confidence","dataset":"Overture","license":"CDLA-Permissive-2.0","record_id":null,"update_time":"2026-06-11T11:57:15Z","confidence":null,"between":null}],"basic_category":"wellness_service","taxonomy":{"primary":"spa","hierarchy":["lifestyle_services","wellness_service","spa"],"alternates":null},"version":2}},
{"id":"6db38740-3d83-4cb4-b50f-fa609a20cd49","type":"Feature","geometry":{"type":"Point","coordinates":[-87.37808678,21.52343166]},"properties":{"categories":{"primary":"shopping","alternate":null},"confidence":0.3583795130252838,"socials":["https://www.facebook.com/296262597082775"],"brand":{"wikidata":null,"names":{"primary":null,"common":null,"rules":null}},"addresses":[{"freeform":"C. Palomino","locality":"Lázaro Cárdenas","postcode":"77310","region":null,"country":"MX"}],"names":{"primary":"La Changa","common":null,"rules":null},"sources":[{"property":"","dataset":"meta","license":"CDLA-Permissive-2.0","record_id":"296262597082775","update_time":"2026-04-27T00:00:00.000Z","confidence":0.3583795130252838,"between":null},{"property":"/properties/confidence","dataset":"Overture","license":"CDLA-Permissive-2.0","record_id":null,"update_time":"2026-06-11T11:57:15Z","confidence":null,"between":null}],"taxonomy":{"primary":"shopping","hierarchy":["shopping"],"alternates":null},"version":8}},
{"id":"d1ba4d7e-c9de-45c8-be59-9036f4e00bf5","type":"Feature","geometry":{"type":"Point","coordinates":[-87.3786212,21.52341948]},"properties":{"categories":{"primary":"catholic_church","alternate":["church_cathedral","religious_organization"]},"confidence":0.8424824476242065,"socials":["https://www.facebook.com/1549373765146223"],"brand":{"wikidata":null,"names":{"primary":null,"common":null,"rules":null}},"addresses":[{"freeform":"CALLE PORFIRIO DIAZ","locality":"Lázaro Cárdenas","postcode":"77310","region":null,"country":"MX"}],"names":{"primary":"Iglesia San Felipe Thelmo","common":null,"rules":null},"sources":[{"property":"","dataset":"meta","license":"CDLA-Permissive-2.0","record_id":"1549373765146223","update_time":"2026-04-27T00:00:00.000Z","confidence":0.8424824476242065,"between":null},{"property":"/properties/confidence","dataset":"Overture","license":"CDLA-Permissive-2.0","record_id":null,"update_time":"2026-06-11T11:57:15Z","confidence":null,"between":null}],"basic_category":"christian_place_of_worship","taxonomy":{"primary":"roman_catholic_place_of_worship","hierarchy":["cultural_and_historic","religious_organization","place_of_worship","christian_place_of_worship","roman_catholic_place_of_worship"],"alternates":null},"version":8}},
{"id":"08d78123-adb8-48ef-be7c-baa78d16f7b4","type":"Feature","geometry":{"type":"Point","coordinates":[-87.378803,21.523428]},"properties":{"categories":{"primary":"park","alternate":["attractions_and_activities"]},"confidence":0.5587195754051208,"socials":["https://www.facebook.com/2282503995319613"],"brand":{"wikidata":null,"names":{"primary":null,"common":null,"rules":null}},"addresses":[{"freeform":"","locality":"Lázaro Cárdenas","postcode":"77310","region":null,"country":"MX"}],"names":{"primary":"Concha acústica","common":null,"rules":null},"sources":[{"property":"","dataset":"meta","license":"CDLA-Permissive-2.0","record_id":"2282503995319613","update_time":"2026-04-27T00:00:00.000Z","confidence":0.5587195754051208,"between":null},{"property":"/properties/confidence","dataset":"Overture","license":"CDLA-Permissive-2.0","record_id":null,"update_time":"2026-06-11T11:57:15Z","confidence":null,"between":null}],"basic_category":"park","taxonomy":{"primary":"park","hierarchy":["sports_and_recreation","park"],"alternates":null},"version":9}},
{"id":"84356fb3-13f0-42f4-8633-112972a1e5fb","type":"Feature","geometry":{"type":"Point","coordinates":[-87.37929583,21.52367093]},"properties":{"categories":{"primary":"tours","alternate":null},"confidence":0.27142322063446045,"websites":["http://holbox.alternative-walking-tour.com/"],"emails":["holbox-free@alternative-walking-tour.com"],"socials":["https://www.facebook.com/144930901031105"],"phones":["+529842171903"],"brand":{"wikidata":null,"names":{"primary":"Frankfurt Free Tour","common":null,"rules":null}},"addresses":[{"freeform":"Basketball Court in the Park Street, Calle Tiburón Ballena","locality":"Lázaro Cárdenas","postcode":"77310","region":null,"country":"MX"}],"names":{"primary":"Holbox Free Walking Tour","common":null,"rules":null},"sources":[{"property":"","dataset":"meta","license":"CDLA-Permissive-2.0","record_id":"144930901031105","update_time":"2026-04-27T00:00:00.000Z","confidence":0.27142322063446045,"between":null},{"property":"/properties/confidence","dataset":"Overture","license":"CDLA-Permissive-2.0","record_id":null,"update_time":"2026-06-11T11:57:15Z","confidence":null,"between":null}],"basic_category":"travel_service","taxonomy":{"primary":"tour_operator","hierarchy":["travel_and_transportation","travel_service","tour_operator"],"alternates":null},"version":8}},
{"id":"a7c46636-4a63-475b-8654-533f96241d9f","type":"Feature","geometry":{"type":"Point","coordinates":[-87.37972205028892,21.523648100297752]},"properties":{"confidence":0.8754778504371643,"websites":["http://www.noa-holbox.com/"],"emails":["noaholbox@gmail.com"],"socials":["https://www.facebook.com/2059109731079819"],"phones":["+529841089750"],"brand":{"wikidata":null,"names":{"primary":null,"common":null,"rules":null}},"addresses":[{"freeform":"Calle Damero mza 67 solar 14, Holbox","locality":"Lázaro Cárdenas","postcode":"77310","region":null,"country":"MX"}],"names":{"primary":"Noa Joyeria","common":null,"rules":null},"sources":[{"property":"","dataset":"meta","license":"CDLA-Permissive-2.0","record_id":"2059109731079819","update_time":"2026-04-27T00:00:00.000Z","confidence":0.8754778504371643,"between":null},{"property":"/properties/confidence","dataset":"Overture","license":"CDLA-Permissive-2.0","record_id":null,"update_time":"2026-06-11T11:57:15Z","confidence":null,"between":null}],"version":1}},
{"id":"3cc73e53-038c-4915-bb0c-ba1e6c37ac22","type":"Feature","geometry":{"type":"Point","coordinates":[-87.37958367,21.52363014]},"properties":{"categories":{"primary":"restaurant","alternate":["latin_american_restaurant","mexican_restaurant"]},"confidence":0.9824844002723694,"websites":["https://mariacarmita.com/"],"emails":["mariacarmita@gmail.com"],"socials":["https://www.facebook.com/105958865279879"],"phones":["+529843229578"],"brand":{"wikidata":null,"names":{"primary":null,"common":null,"rules":null}},"addresses":[{"freeform":"Calle Damero Esquina Tiburón ballena Centro","locality":"Lázaro Cárdenas","postcode":"77310","region":null,"country":"MX"}],"names":{"primary":"El Ma. Carmita","common":null,"rules":null},"sources":[{"property":"","dataset":"meta","license":"CDLA-Permissive-2.0","record_id":"105958865279879","update_time":"2026-04-27T00:00:00.000Z","confidence":0.9824844002723694,"between":null},{"property":"/properties/confidence","dataset":"Overture","license":"CDLA-Permissive-2.0","record_id":null,"update_time":"2026-06-11T11:57:15Z","confidence":null,"between":null}],"basic_category":"restaurant","taxonomy":{"primary":"restaurant","hierarchy":["food_and_drink","restaurant"],"alternates":null},"version":11}},
{"id":"31a0cc0e-c6ea-4dcc-bb4d-51ae8cd863fe","type":"Feature","geometry":{"type":"Point","coordinates":[-87.37965082,21.52358775]},"properties":{"categories":{"primary":"cafe","alternate":["coffee_shop","restaurant"]},"confidence":0.731682300567627,"socials":["https://www.facebook.com/107007511823109"],"phones":["+529842536207"],"brand":{"wikidata":null,"names":{"primary":null,"common":null,"rules":null}},"addresses":[{"freeform":"Av. Damero SN, entre Av. Tiburón Ballena y Esmedregal","locality":"Lázaro Cárdenas","postcode":"77310","region":null,"country":"MX"}],"names":{"primary":"Tachali Holbox Café","common":null,"rules":null},"sources":[{"property":"","dataset":"meta","license":"CDLA-Permissive-2.0","record_id":"107007511823109","update_time":"2026-04-27T00:00:00.000Z","confidence":0.731682300567627,"between":null},{"property":"/properties/confidence","dataset":"Overture","license":"CDLA-Permissive-2.0","record_id":null,"update_time":"2026-06-11T11:57:15Z","confidence":null,"between":null}],"basic_category":"cafe","taxonomy":{"primary":"cafe","hierarchy":["food_and_drink","casual_eatery","cafe"],"alternates":null},"version":2}},
{"id":"1e2914a2-6f32-4079-8249-3d379e780545","type":"Feature","geometry":{"type":"Point","coordinates":[-87.37973991231729,21.52360274334733]},"properties":{"categories":{"primary":"mexican_restaurant","alternate":null},"confidence":0.77,"websites":["http://www.vivazapataholbox.com"],"phones":["984 875 2362"],"addresses":[{"freeform":null,"locality":null,"postcode":null,"region":"QROO","country":"MX"}],"names":{"primary":"Restaurante Viva Zapata","common":null,"rules":null},"sources":[{"property":"","dataset":"Foursquare","license":"Apache-2.0","record_id":"4dfc06bf149599f28fc9828a","update_time":"2025-12-24T00:00:00.000","confidence":0.77,"between":null},{"property":"/properties/confidence","dataset":"Overture","license":"CDLA-Permissive-2.0","record_id":null,"update_time":"2026-06-11T11:57:15Z","confidence":null,"between":null}],"basic_category":"restaurant","taxonomy":{"primary":"mexican_restaurant","hierarchy":["food_and_drink","restaurant","latin_american_restaurant","mexican_restaurant"],"alternates":null},"version":4}},
{"id":"2be5182f-c339-4076-9682-dd75e3997f10","type":"Feature","geometry":{"type":"Point","coordinates":[-87.379736,21.523592]},"properties":{"categories":{"primary":"hotel","alternate":["hostel","motel"]},"confidence":0.9244182109832764,"websites":["http://www.villaselencantoholbox.com"],"socials":["https://www.facebook.com/817612411648480"],"phones":["+19878690008"],"brand":{"wikidata":null,"names":{"primary":null,"common":null,"rules":null}},"addresses":[{"freeform":"Avenida Damero Con Calle Robalo","locality":"Lázaro Cárdenas","postcode":"","region":null,"country":"MX"}],"names":{"primary":"Villas El Encanto","common":null,"rules":null},"sources":[{"property":"","dataset":"meta","license":"CDLA-Permissive-2.0","record_id":"817612411648480","update_time":"2026-04-27T00:00:00.000Z","confidence":0.9244182109832764,"between":null},{"property":"/properties/confidence","dataset":"Overture","license":"CDLA-Permissive-2.0","record_id":null,"update_time":"2026-06-11T11:57:15Z","confidence":null,"between":null}],"basic_category":"hotel","taxonomy":{"primary":"hotel","hierarchy":["lodging","hotel"],"alternates":null},"version":2}},
{"id":"ab2de044-0406-453e-8e4d-0d5882e12542","type":"Feature","geometry":{"type":"Point","coordinates":[-87.37962812,21.52356273]},"properties":{"categories":{"primary":"gelato","alternate":["ice_cream_shop","desserts"]},"confidence":0.9599698185920715,"emails":["maricortu@icloud.com"],"socials":["https://www.facebook.com/844542865718356"],"phones":["+529842121717"],"brand":{"wikidata":null,"names":{"primary":null,"common":null,"rules":null}},"addresses":[{"freeform":"Av Damero & Calle Tiburón Ballena","locality":"Lázaro Cárdenas","postcode":"77310","region":null,"country":"MX"}],"names":{"primary":"El Mangle Blanco gelateria","common":null,"rules":null},"sources":[{"property":"","dataset":"meta","license":"CDLA-Permissive-2.0","record_id":"844542865718356","update_time":"2026-04-27T00:00:00.000Z","confidence":0.9599698185920715,"between":null},{"property":"/properties/confidence","dataset":"Overture","license":"CDLA-Permissive-2.0","record_id":null,"update_time":"2026-06-11T11:57:15Z","confidence":null,"between":null}],"basic_category":"casual_eatery","taxonomy":{"primary":"gelato_shop","hierarchy":["food_and_drink","casual_eatery","dessert_shop","gelato_shop"],"alternates":null},"version":10}},
{"id":"687f666f-8821-43b2-916a-c09ac7fc788d","type":"Feature","geometry":{"type":"Point","coordinates":[-87.37955922,21.52355478]},"properties":{"categories":{"primary":"sushi_restaurant","alternate":["japanese_restaurant","asian_restaurant"]},"confidence":0.3233538568019867,"socials":["https://www.facebook.com/880457451821859"],"phones":["+529842797604"],"brand":{"wikidata":null,"names":{"primary":null,"common":null,"rules":null}},"addresses":[{"freeform":"Av. Damero","locality":"Lázaro Cárdenas","postcode":"77310","region":null,"country":"MX"}],"names":{"primary":"Monono Omakase Bar","common":null,"rules":null},"sources":[{"property":"","dataset":"meta","license":"CDLA-Permissive-2.0","record_id":"880457451821859","update_time":"2026-04-27T00:00:00.000Z","confidence":0.3233538568019867,"between":null},{"property":"/properties/confidence","dataset":"Overture","license":"CDLA-Permissive-2.0","record_id":null,"update_time":"2026-06-11T11:57:15Z","confidence":null,"between":null}],"basic_category":"restaurant","taxonomy":{"primary":"sushi_restaurant","hierarchy":["food_and_drink","restaurant","asian_restaurant","east_asian_restaurant","japanese_restaurant","sushi_restaurant"],"alternates":null},"version":2}},
{"id":"d0b6b6e7-2421-40f8-811d-e715f0b89c03","type":"Feature","geometry":{"type":"Point","coordinates":[-87.37948715,21.52361499]},"properties":{"categories":{"primary":"sightseeing_tour_agency","alternate":["tours"]},"confidence":0.5980486869812012,"emails":["turisticamoguel@hotmail.com"],"socials":["https://www.facebook.com/2252117608168741"],"phones":["+529841340591"],"brand":{"wikidata":null,"names":{"primary":null,"common":null,"rules":null}},"addresses":[{"freeform":"Av. Damero","locality":"Lázaro Cárdenas","postcode":"77310","region":null,"country":"MX"}],"names":{"primary":"Turistica Moguel","common":null,"rules":null},"sources":[{"property":"","dataset":"meta","license":"CDLA-Permissive-2.0","record_id":"2252117608168741","update_time":"2026-04-27T00:00:00.000Z","confidence":0.5980486869812012,"between":null},{"property":"/properties/confidence","dataset":"Overture","license":"CDLA-Permissive-2.0","record_id":null,"update_time":"2026-06-11T11:57:15Z","confidence":null,"between":null}],"basic_category":"travel_service","taxonomy":{"primary":"sightseeing_tour_agency","hierarchy":["travel_and_transportation","travel_service","tour_operator","sightseeing_tour_agency"],"alternates":null},"version":8}},
{"id":"e5baab76-fc28-454f-af71-7305dac4f543","type":"Feature","geometry":{"type":"Point","coordinates":[-87.37945557,21.5235986]},"properties":{"categories":{"primary":"restaurant","alternate":null},"confidence":0.9230583310127258,"websites":["https://www.opentable.com.mx/r/lazaro-wine-club-and-modern-eatery-holbox?corrid=de0ddc84-6043-4420-ade9-0d59bee245b1&avt=eyJ2IjoyLCJtIjoxLCJwIjowLCJzIjowLCJuIjowfQ&p=2&sd=2023-08-03T19%3A00%3A00"],"socials":["https://www.facebook.com/103936136114181"],"phones":["+529841008926"],"brand":{"wikidata":null,"names":{"primary":null,"common":null,"rules":null}},"addresses":[{"freeform":"Calle Tiburón Ballena","locality":"Lázaro Cárdenas","postcode":"77310","region":null,"country":"MX"}],"names":{"primary":"Lazaro Holbox Wine Club Modern Eatery","common":null,"rules":null},"sources":[{"property":"","dataset":"meta","license":"CDLA-Permissive-2.0","record_id":"103936136114181","update_time":"2026-04-27T00:00:00.000Z","confidence":0.9230583310127258,"between":null},{"property":"/properties/confidence","dataset":"Overture","license":"CDLA-Permissive-2.0","record_id":null,"update_time":"2026-06-11T11:57:15Z","confidence":null,"between":null}],"basic_category":"restaurant","taxonomy":{"primary":"restaurant","hierarchy":["food_and_drink","restaurant"],"alternates":null},"version":8}},
{"id":"1f8c6013-8afe-4434-9bb7-49b0e08c6daa","type":"Feature","geometry":{"type":"Point","coordinates":[-87.37937846,21.52355099]},"properties":{"categories":{"primary":"hotel","alternate":["accommodation"]},"confidence":0.5287827849388123,"socials":["https://www.facebook.com/1096616963848939"],"phones":["+529848752072"],"brand":{"wikidata":null,"names":{"primary":null,"common":null,"rules":null}},"addresses":[{"freeform":"Calle Tiburón Ballena","locality":"Lázaro Cárdenas","postcode":"77310","region":null,"country":"MX"}],"names":{"primary":"Hotel Posada La Raza","common":null,"rules":null},"sources":[{"property":"","dataset":"meta","license":"CDLA-Permissive-2.0","record_id":"1096616963848939","update_time":"2026-04-27T00:00:00.000Z","confidence":0.5287827849388123,"between":null},{"property":"/properties/confidence","dataset":"Overture","license":"CDLA-Permissive-2.0","record_id":null,"update_time":"2026-06-11T11:57:15Z","confidence":null,"between":null}],"basic_category":"hotel","taxonomy":{"primary":"hotel","hierarchy":["lodging","hotel"],"alternates":null},"version":5}},
{"id":"e05c9f1c-41f5-46da-a576-319e68d9fe1b","type":"Feature","geometry":{"type":"Point","coordinates":[-87.37945643,21.52354217]},"properties":{"categories":{"primary":"restaurant","alternate":["diner"]},"confidence":0.4606471359729767,"socials":["https://www.facebook.com/123811147708326"],"brand":{"wikidata":null,"names":{"primary":null,"common":null,"rules":null}},"addresses":[{"freeform":"AVENIDA BENITO JUAREZ","locality":"Lázaro Cárdenas","postcode":"77310","region":null,"country":"MX"}],"names":{"primary":"Restaurante Pura Vida","common":null,"rules":null},"sources":[{"property":"","dataset":"meta","license":"CDLA-Permissive-2.0","record_id":"123811147708326","update_time":"2026-04-27T00:00:00.000Z","confidence":0.4606471359729767,"between":null},{"property":"/properties/confidence","dataset":"Overture","license":"CDLA-Permissive-2.0","record_id":null,"update_time":"2026-06-11T11:57:15Z","confidence":null,"between":null}],"basic_category":"restaurant","taxonomy":{"primary":"restaurant","hierarchy":["food_and_drink","restaurant"],"alternates":null},"version":9}},
{"id":"a98e7c61-a386-4fc4-93ee-ec5c91510713","type":"Feature","geometry":{"type":"Point","coordinates":[-87.37932029,21.52346751]},"properties":{"categories":{"primary":"burger_restaurant","alternate":["restaurant","fast_food_restaurant"]},"confidence":0.6927695274353027,"socials":["https://www.facebook.com/138149492712832"],"phones":["+529983219516"],"brand":{"wikidata":null,"names":{"primary":"MÍTICA Burgers","common":null,"rules":null}},"addresses":[{"freeform":"Calle tiburón Ballena, sin número, Calle Tiburón Ballena","locality":"Lázaro Cárdenas","postcode":"77310","region":null,"country":"MX"}],"names":{"primary":"MÍTICA","common":null,"rules":null},"sources":[{"property":"","dataset":"meta","license":"CDLA-Permissive-2.0","record_id":"138149492712832","update_time":"2026-04-27T00:00:00.000Z","confidence":0.6927695274353027,"between":null},{"property":"/properties/confidence","dataset":"Overture","license":"CDLA-Permissive-2.0","record_id":null,"update_time":"2026-06-11T11:57:15Z","confidence":null,"between":null}],"basic_category":"restaurant","taxonomy":{"primary":"burger_restaurant","hierarchy":["food_and_drink","restaurant","meat_restaurant","burger_restaurant"],"alternates":null},"version":10}},
{"id":"b35aaaa7-1ad8-4c4a-933a-6f53659419c9","type":"Feature","geometry":{"type":"Point","coordinates":[-87.37975741,21.52344885]},"properties":{"categories":{"primary":"mexican_restaurant","alternate":["seafood_restaurant","latin_american_restaurant"]},"confidence":0.5010132789611816,"socials":["https://www.facebook.com/225352927631347"],"brand":{"wikidata":null,"names":{"primary":null,"common":null,"rules":null}},"addresses":[{"freeform":"CALLE PEDRO JOAQUIN CODWELL","locality":"Lázaro Cárdenas","postcode":"77310","region":null,"country":"MX"}],"names":{"primary":"Restaurante Naranjas","common":null,"rules":null},"sources":[{"property":"","dataset":"meta","license":"CDLA-Permissive-2.0","record_id":"225352927631347","update_time":"2026-04-27T00:00:00.000Z","confidence":0.5010132789611816,"between":null},{"property":"/properties/confidence","dataset":"Overture","license":"CDLA-Permissive-2.0","record_id":null,"update_time":"2026-06-11T11:57:15Z","confidence":null,"between":null}],"basic_category":"restaurant","taxonomy":{"primary":"mexican_restaurant","hierarchy":["food_and_drink","restaurant","latin_american_restaurant","mexican_restaurant"],"alternates":null},"version":5}},
{"id":"48559101-143f-43c4-a881-d2db95f0bf4f","type":"Feature","geometry":{"type":"Point","coordinates":[-87.37977029,21.52344781]},"properties":{"categories":{"primary":"hotel","alternate":["accommodation","plumbing"]},"confidence":0.7830396294593811,"socials":["https://www.facebook.com/138251700228519"],"phones":["+529841351663"],"brand":{"wikidata":null,"names":{"primary":null,"common":null,"rules":null}},"addresses":[{"freeform":"Av. Damero 310","locality":"Lázaro Cárdenas","postcode":"77310","region":null,"country":"MX"}],"names":{"primary":"Gisellas Hotelito Holbox","common":null,"rules":null},"sources":[{"property":"","dataset":"meta","license":"CDLA-Permissive-2.0","record_id":"138251700228519","update_time":"2026-04-27T00:00:00.000Z","confidence":0.7830396294593811,"between":null},{"property":"/properties/confidence","dataset":"Overture","license":"CDLA-Permissive-2.0","record_id":null,"update_time":"2026-06-11T11:57:15Z","confidence":null,"between":null}],"basic_category":"hotel","taxonomy":{"primary":"hotel","hierarchy":["lodging","hotel"],"alternates":null},"version":7}},
{"id":"b408769b-2ebe-4219-9834-da06208b9f69","type":"Feature","geometry":{"type":"Point","coordinates":[-87.3797672,21.52346542]},"properties":{"categories":{"primary":"restaurant","alternate":["bar_and_grill_restaurant","bar"]},"confidence":0.9927986860275269,"websites":["http://www.vivazapataholbox.com/"],"emails":["info@vivazapataholbox.com"],"socials":["https://www.facebook.com/380563365398524"],"phones":["+529841820062"],"brand":{"wikidata":null,"names":{"primary":"Restaurant Viva Zapata Isla Holbox","common":null,"rules":null}},"addresses":[{"freeform":"Av. Damero 67","locality":"Lázaro Cárdenas","postcode":"77310","region":null,"country":"MX"}],"names":{"primary":"Viva Zapata","common":null,"rules":null},"sources":[{"property":"","dataset":"meta","license":"CDLA-Permissive-2.0","record_id":"380563365398524","update_time":"2026-04-27T00:00:00.000Z","confidence":0.9927986860275269,"between":null},{"property":"/properties/confidence","dataset":"Overture","license":"CDLA-Permissive-2.0","record_id":null,"update_time":"2026-06-11T11:57:15Z","confidence":null,"between":null}],"basic_category":"restaurant","taxonomy":{"primary":"restaurant","hierarchy":["food_and_drink","restaurant"],"alternates":null},"version":10}},
{"id":"eda1460c-4205-45da-a0e2-e1ceef5d0c55","type":"Feature","geometry":{"type":"Point","coordinates":[-87.38041287753528,21.52356065636378]},"properties":{"categories":{"primary":"restaurant","alternate":null},"confidence":0.5859071016311646,"socials":["https://www.facebook.com/111345538096428"],"brand":{"wikidata":null,"names":{"primary":null,"common":null,"rules":null}},"addresses":[{"freeform":null,"locality":"Lázaro Cárdenas","postcode":null,"region":null,"country":"MX"}],"names":{"primary":"churrasqueriavacuno","common":null,"rules":null},"sources":[{"property":"","dataset":"meta","license":"CDLA-Permissive-2.0","record_id":"111345538096428","update_time":"2026-04-27T00:00:00.000Z","confidence":0.5859071016311646,"between":null},{"property":"/properties/confidence","dataset":"Overture","license":"CDLA-Permissive-2.0","record_id":null,"update_time":"2026-06-11T11:57:15Z","confidence":null,"between":null}],"basic_category":"restaurant","taxonomy":{"primary":"restaurant","hierarchy":["food_and_drink","restaurant"],"alternates":null},"version":8}},
{"id":"72468fb4-1b67-4cc0-98b6-aedca6c05ba1","type":"Feature","geometry":{"type":"Point","coordinates":[-87.37940846,21.52383744]},"properties":{"categories":{"primary":"restaurant","alternate":["food_truck"]},"confidence":0.33564236760139465,"socials":["https://www.facebook.com/2002582446667552"],"brand":{"wikidata":null,"names":{"primary":null,"common":null,"rules":null}},"addresses":[{"freeform":"CALLE PEDRO JOAQUIN CODWELL","locality":"Lázaro Cárdenas","postcode":"77310","region":null,"country":"MX"}],"names":{"primary":"Terraza La Combi Et Voilà","common":null,"rules":null},"sources":[{"property":"","dataset":"meta","license":"CDLA-Permissive-2.0","record_id":"2002582446667552","update_time":"2026-04-27T00:00:00.000Z","confidence":0.33564236760139465,"between":null},{"property":"/properties/confidence","dataset":"Overture","license":"CDLA-Permissive-2.0","record_id":null,"update_time":"2026-06-11T11:57:15Z","confidence":null,"between":null}],"basic_category":"restaurant","taxonomy":{"primary":"restaurant","hierarchy":["food_and_drink","restaurant"],"alternates":null},"version":2}},
{"id":"8ea88de0-c5b5-4c35-b073-78eceefc80a2","type":"Feature","geometry":{"type":"Point","coordinates":[-87.37965513,21.52389241]},"properties":{"categories":{"primary":"restaurant","alternate":["latin_american_restaurant","bar"]},"confidence":0.9662700891494751,"websites":["https://la-combi-holbox.negocio.site/"],"emails":["lacombiholbox@gmail.com"],"socials":["https://www.facebook.com/492996944227178"],"phones":["+529841779775"],"brand":{"wikidata":null,"names":{"primary":null,"common":null,"rules":null}},"addresses":[{"freeform":"Calle Tiburón Ballena","locality":"Lázaro Cárdenas","postcode":"77310","region":null,"country":"MX"}],"names":{"primary":"La Combi Holbox","common":null,"rules":null},"sources":[{"property":"","dataset":"meta","license":"CDLA-Permissive-2.0","record_id":"492996944227178","update_time":"2026-04-27T00:00:00.000Z","confidence":0.9662700891494751,"between":null},{"property":"/properties/confidence","dataset":"Overture","license":"CDLA-Permissive-2.0","record_id":null,"update_time":"2026-06-11T11:57:15Z","confidence":null,"between":null}],"basic_category":"restaurant","taxonomy":{"primary":"restaurant","hierarchy":["food_and_drink","restaurant"],"alternates":null},"version":10}},
{"id":"98fa06ec-1741-4343-b300-3a06a8c09249","type":"Feature","geometry":{"type":"Point","coordinates":[-87.37931082,21.52389684]},"properties":{"categories":{"primary":"clothing_store","alternate":["swimwear_store","fashion_accessories_store"]},"confidence":0.6563099026679993,"socials":["https://www.facebook.com/145989572262074"],"phones":["+529841462464"],"brand":{"wikidata":null,"names":{"primary":null,"common":null,"rules":null}},"addresses":[{"freeform":"Av. Damero","locality":"Lázaro Cárdenas","postcode":"77310","region":null,"country":"MX"}],"names":{"primary":"Lolita Holbox Boutique","common":null,"rules":null},"sources":[{"property":"","dataset":"meta","license":"CDLA-Permissive-2.0","record_id":"145989572262074","update_time":"2026-04-27T00:00:00.000Z","confidence":0.6563099026679993,"between":null},{"property":"/properties/confidence","dataset":"Overture","license":"CDLA-Permissive-2.0","record_id":null,"update_time":"2026-06-11T11:57:15Z","confidence":null,"between":null}],"basic_category":"fashion_and_apparel_store","taxonomy":{"primary":"clothing_store","hierarchy":["shopping","fashion_and_apparel_store","clothing_store"],"alternates":null},"version":10}},
{"id":"4443f79c-3d0d-463c-b1a8-049dee3d4038","type":"Feature","geometry":{"type":"Point","coordinates":[-87.37927471,21.5239609]},"properties":{"categories":{"primary":"breakfast_and_brunch_restaurant","alternate":["latin_american_restaurant","mexican_restaurant"]},"confidence":0.6777967214584351,"socials":["https://www.facebook.com/402841329815845"],"phones":["+529842785507"],"brand":{"wikidata":null,"names":{"primary":null,"common":null,"rules":null}},"addresses":[{"freeform":"Av. Damero","locality":"Lázaro Cárdenas","postcode":"77310","region":null,"country":"MX"}],"names":{"primary":"Limoncito Breakfast","common":null,"rules":null},"sources":[{"property":"","dataset":"meta","license":"CDLA-Permissive-2.0","record_id":"402841329815845","update_time":"2026-04-27T00:00:00.000Z","confidence":0.6777967214584351,"between":null},{"property":"/properties/confidence","dataset":"Overture","license":"CDLA-Permissive-2.0","record_id":null,"update_time":"2026-06-11T11:57:15Z","confidence":null,"between":null}],"basic_category":"restaurant","taxonomy":{"primary":"breakfast_and_brunch_restaurant","hierarchy":["food_and_drink","restaurant","breakfast_and_brunch_restaurant"],"alternates":null},"version":9}},
{"id":"3c645622-6b92-457f-afce-94b0e995e45b","type":"Feature","geometry":{"type":"Point","coordinates":[-87.37983237,21.52394787]},"properties":{"categories":{"primary":"real_estate","alternate":null},"confidence":0.6771776080131531,"websites":["http://www.caribeholbox.com/"],"emails":["caribeholbox@gmail.com"],"socials":["https://www.facebook.com/353931751377326"],"phones":["+529842100135"],"brand":{"wikidata":null,"names":{"primary":"Caribe Holbox Properties","common":null,"rules":null}},"addresses":[{"freeform":"Calle Tiburón Ballena SM de","locality":"Lázaro Cárdenas","postcode":"77310","region":null,"country":"MX"}],"names":{"primary":"Caribe Holbox Real Estate","common":null,"rules":null},"sources":[{"property":"","dataset":"meta","license":"CDLA-Permissive-2.0","record_id":"353931751377326","update_time":"2026-04-27T00:00:00.000Z","confidence":0.6771776080131531,"between":null},{"property":"/properties/confidence","dataset":"Overture","license":"CDLA-Permissive-2.0","record_id":null,"update_time":"2026-06-11T11:57:15Z","confidence":null,"between":null}],"basic_category":"real_estate_service","taxonomy":{"primary":"real_estate_service","hierarchy":["services_and_business","real_estate_service"],"alternates":null},"version":8}},
{"id":"73e2d790-07bd-4afc-abd2-b7fdb10e1b5c","type":"Feature","geometry":{"type":"Point","coordinates":[-87.37983444,21.52397773]},"properties":{"categories":{"primary":"cooking_school","alternate":null},"confidence":0.9057222008705139,"websites":["http://www.holboxcookingclasses.com/"],"emails":["holboxcookingclasses@hotmail.com"],"socials":["https://www.facebook.com/108474647675268"],"phones":["+529843164640"],"brand":{"wikidata":null,"names":{"primary":null,"common":null,"rules":null}},"addresses":[{"freeform":"Calle Tiburón Ballena","locality":"Lázaro Cárdenas","postcode":"77310","region":null,"country":"MX"}],"names":{"primary":"La Puerta Rosa","common":null,"rules":null},"sources":[{"property":"","dataset":"meta","license":"CDLA-Permissive-2.0","record_id":"108474647675268","update_time":"2026-04-27T00:00:00.000Z","confidence":0.9057222008705139,"between":null},{"property":"/properties/confidence","dataset":"Overture","license":"CDLA-Permissive-2.0","record_id":null,"update_time":"2026-06-11T11:57:15Z","confidence":null,"between":null}],"basic_category":"specialty_school","taxonomy":{"primary":"cooking_school","hierarchy":["education","place_of_learning","specialty_school","cooking_school"],"alternates":null},"version":8}},
{"id":"4546ff0c-4ca8-4ebc-a742-7ea154868c42","type":"Feature","geometry":{"type":"Point","coordinates":[-87.380256414544,21.523908241831]},"properties":{"categories":{"primary":"accommodation","alternate":["hotel","landmark_and_historical_building"]},"confidence":0.5517407655715942,"socials":["https://www.facebook.com/597256493952755"],"phones":["+529981972992"],"brand":{"wikidata":null,"names":{"primary":null,"common":null,"rules":null}},"addresses":[{"freeform":"Calle Pedro Joaquín entre Tiburón ballena y Esmedregal","locality":"Lázaro Cárdenas","postcode":"77310","region":null,"country":"MX"}],"names":{"primary":"El Mirador Holbox","common":null,"rules":null},"sources":[{"property":"","dataset":"meta","license":"CDLA-Permissive-2.0","record_id":"597256493952755","update_time":"2026-04-27T00:00:00.000Z","confidence":0.5517407655715942,"between":null},{"property":"/properties/confidence","dataset":"Overture","license":"CDLA-Permissive-2.0","record_id":null,"update_time":"2026-06-11T11:57:15Z","confidence":null,"between":null}],"basic_category":"lodging","taxonomy":{"primary":"lodging","hierarchy":["lodging"],"alternates":null},"version":3}},
{"id":"9262a912-2e1e-4e7c-b252-394b7e6605f2","type":"Feature","geometry":{"type":"Point","coordinates":[-87.38038749,21.52385561]},"properties":{"categories":{"primary":"restaurant","alternate":["mexican_restaurant"]},"confidence":0.6099605560302734,"socials":["https://www.facebook.com/201323183268845"],"brand":{"wikidata":null,"names":{"primary":null,"common":null,"rules":null}},"addresses":[{"freeform":"CALLE VICENTE GUERRERO","locality":"Lázaro Cárdenas","postcode":"77310","region":null,"country":"MX"}],"names":{"primary":"Restaurante La Conquista","common":null,"rules":null},"sources":[{"property":"","dataset":"meta","license":"CDLA-Permissive-2.0","record_id":"201323183268845","update_time":"2026-04-27T00:00:00.000Z","confidence":0.6099605560302734,"between":null},{"property":"/properties/confidence","dataset":"Overture","license":"CDLA-Permissive-2.0","record_id":null,"update_time":"2026-06-11T11:57:15Z","confidence":null,"between":null}],"basic_category":"restaurant","taxonomy":{"primary":"restaurant","hierarchy":["food_and_drink","restaurant"],"alternates":null},"version":9}},
{"id":"fbdb7e78-58c5-432c-9f7c-f237d89992cc","type":"Feature","geometry":{"type":"Point","coordinates":[-87.38092125,21.52392033]},"properties":{"categories":{"primary":"latin_american_restaurant","alternate":["restaurant","diner"]},"confidence":0.989143431186676,"websites":["http://laspanchas.com/"],"socials":["https://www.facebook.com/510401685716590"],"phones":["+529841208354"],"brand":{"wikidata":null,"names":{"primary":null,"common":null,"rules":null}},"addresses":[{"freeform":"C. Esmedregal","locality":"Lázaro Cárdenas","postcode":"77310","region":null,"country":"MX"}],"names":{"primary":"Las Panchas","common":null,"rules":null},"sources":[{"property":"","dataset":"meta","license":"CDLA-Permissive-2.0","record_id":"510401685716590","update_time":"2026-04-27T00:00:00.000Z","confidence":0.989143431186676,"between":null},{"property":"/properties/confidence","dataset":"Overture","license":"CDLA-Permissive-2.0","record_id":null,"update_time":"2026-06-11T11:57:15Z","confidence":null,"between":null}],"basic_category":"restaurant","taxonomy":{"primary":"latin_american_restaurant","hierarchy":["food_and_drink","restaurant","latin_american_restaurant"],"alternates":null},"version":9}},
{"id":"032a9373-5244-4d7f-8da7-30b6ebeed173","type":"Feature","geometry":{"type":"Point","coordinates":[-87.38096835,21.52397922]},"properties":{"categories":{"primary":"tours","alternate":["travel_services","sightseeing_tour_agency"]},"confidence":0.3319750130176544,"websites":["https://myholboxtours.mx/"],"emails":["valerie@myholboxtours.mx"],"socials":["https://www.facebook.com/494271301317046"],"phones":["+529842567183"],"brand":{"wikidata":null,"names":{"primary":null,"common":null,"rules":null}},"addresses":[{"freeform":"C. Esmedregal","locality":"Lázaro Cárdenas","postcode":"77310","region":null,"country":"MX"}],"names":{"primary":"My Holbox Tours","common":null,"rules":null},"sources":[{"property":"","dataset":"meta","license":"CDLA-Permissive-2.0","record_id":"494271301317046","update_time":"2026-04-27T00:00:00.000Z","confidence":0.3319750130176544,"between":null},{"property":"/properties/confidence","dataset":"Overture","license":"CDLA-Permissive-2.0","record_id":null,"update_time":"2026-06-11T11:57:15Z","confidence":null,"between":null}],"basic_category":"travel_service","taxonomy":{"primary":"tour_operator","hierarchy":["travel_and_transportation","travel_service","tour_operator"],"alternates":null},"version":10}},
{"id":"9f02c11b-c03e-4520-8e44-44ed68d5cb43","type":"Feature","geometry":{"type":"Point","coordinates":[-87.38060094,21.52382908]},"properties":{"categories":{"primary":"argentine_restaurant","alternate":["latin_american_restaurant","restaurant"]},"confidence":0.7308041453361511,"socials":["https://www.facebook.com/1802042776788482"],"phones":["+529841456789"],"brand":{"wikidata":null,"names":{"primary":null,"common":null,"rules":null}},"addresses":[{"freeform":"Av. Pedro Joaquín Coldwell","locality":"Lázaro Cárdenas","postcode":"77310","region":null,"country":"MX"}],"names":{"primary":"Las Empa Holbox","common":null,"rules":null},"sources":[{"property":"","dataset":"meta","license":"CDLA-Permissive-2.0","record_id":"1802042776788482","update_time":"2026-04-27T00:00:00.000Z","confidence":0.7308041453361511,"between":null},{"property":"/properties/confidence","dataset":"Overture","license":"CDLA-Permissive-2.0","record_id":null,"update_time":"2026-06-11T11:57:15Z","confidence":null,"between":null}],"basic_category":"restaurant","taxonomy":{"primary":"argentine_restaurant","hierarchy":["food_and_drink","restaurant","latin_american_restaurant","south_american_restaurant","argentine_restaurant"],"alternates":null},"version":1}},
{"id":"de949c67-3446-4204-babd-9c1fb396a4e5","type":"Feature","geometry":{"type":"Point","coordinates":[-87.38059177399833,21.523620894641308]},"properties":{"categories":{"primary":"restaurant","alternate":null},"confidence":0.8273019194602966,"emails":["cvacuno@gmail.com"],"socials":["https://www.facebook.com/101103142764263"],"phones":["+529841794838"],"brand":{"wikidata":null,"names":{"primary":null,"common":null,"rules":null}},"addresses":[{"freeform":"POSADA INGRID, Morelos esq. P. Joaquin, Isla Holbox.","locality":"Lázaro Cárdenas","postcode":"77310","region":null,"country":"MX"}],"names":{"primary":"Steakhouse VAC uno","common":null,"rules":null},"sources":[{"property":"","dataset":"meta","license":"CDLA-Permissive-2.0","record_id":"101103142764263","update_time":"2026-04-27T00:00:00.000Z","confidence":0.8273019194602966,"between":null},{"property":"/properties/confidence","dataset":"Overture","license":"CDLA-Permissive-2.0","record_id":null,"update_time":"2026-06-11T11:57:15Z","confidence":null,"between":null}],"basic_category":"restaurant","taxonomy":{"primary":"restaurant","hierarchy":["food_and_drink","restaurant"],"alternates":null},"version":8}},
{"id":"63cb5c07-cb21-4853-bda3-caf020cf32e3","type":"Feature","geometry":{"type":"Point","coordinates":[-87.38058524,21.52347514]},"properties":{"categories":{"primary":"lodge","alternate":["inn","accommodation"]},"confidence":0.9301863312721252,"socials":["https://www.facebook.com/607815009647035"],"phones":["+524446157272"],"brand":{"wikidata":null,"names":{"primary":null,"common":null,"rules":null}},"addresses":[{"freeform":"C. Esmedregal","locality":"Lázaro Cárdenas","postcode":"77310","region":null,"country":"MX"}],"names":{"primary":"Posada D'Ingrid Holbox","common":null,"rules":null},"sources":[{"property":"","dataset":"meta","license":"CDLA-Permissive-2.0","record_id":"607815009647035","update_time":"2026-04-27T00:00:00.000Z","confidence":0.9301863312721252,"between":null},{"property":"/properties/confidence","dataset":"Overture","license":"CDLA-Permissive-2.0","record_id":null,"update_time":"2026-06-11T11:57:15Z","confidence":null,"between":null}],"basic_category":"lodging","taxonomy":{"primary":"lodge","hierarchy":["lodging","lodge"],"alternates":null},"version":9}},
{"id":"cb96bca9-9827-4fe9-9448-f7e8b8a4f662","type":"Feature","geometry":{"type":"Point","coordinates":[-87.38189917,21.5236569]},"properties":{"categories":{"primary":"accommodation","alternate":["lodge","inn"]},"confidence":0.9970986127853394,"websites":["http://www.casacatba.com/"],"emails":["info@casacatba.com"],"socials":["https://www.facebook.com/656688561361456"],"phones":["+529843150664"],"brand":{"wikidata":null,"names":{"primary":null,"common":null,"rules":null}},"addresses":[{"freeform":"Calle CANANE, P.º Carey","locality":"Lázaro Cárdenas","postcode":"77310","region":null,"country":"MX"}],"names":{"primary":"Casa Cat Ba","common":null,"rules":null},"sources":[{"property":"","dataset":"meta","license":"CDLA-Permissive-2.0","record_id":"656688561361456","update_time":"2026-04-27T00:00:00.000Z","confidence":0.9873852729797363,"between":null},{"property":"/properties/confidence","dataset":"Overture","license":"CDLA-Permissive-2.0","record_id":null,"update_time":"2026-06-11T11:57:15Z","confidence":null,"between":null}],"basic_category":"lodging","taxonomy":{"primary":"lodging","hierarchy":["lodging"],"alternates":null},"version":11}},
{"id":"7a4ddf4c-c934-4406-a064-999a3622026f","type":"Feature","geometry":{"type":"Point","coordinates":[-87.38212383,21.52355029]},"properties":{"categories":{"primary":"bar","alternate":["cocktail_bar","lounge"]},"confidence":0.9368727803230286,"socials":["https://www.facebook.com/138263572964236"],"brand":{"wikidata":null,"names":{"primary":null,"common":null,"rules":null}},"addresses":[{"freeform":"Paseo Carey","locality":"Lázaro Cárdenas","postcode":"77310","region":null,"country":"MX"}],"names":{"primary":"La Palapa de Victor","common":null,"rules":null},"sources":[{"property":"","dataset":"meta","license":"CDLA-Permissive-2.0","record_id":"138263572964236","update_time":"2026-04-27T00:00:00.000Z","confidence":0.9368727803230286,"between":null},{"property":"/properties/confidence","dataset":"Overture","license":"CDLA-Permissive-2.0","record_id":null,"update_time":"2026-06-11T11:57:15Z","confidence":null,"between":null}],"basic_category":"bar","taxonomy":{"primary":"bar","hierarchy":["food_and_drink","alcoholic_beverage_venue","bar"],"alternates":null},"version":9}},
{"id":"ae735433-6ec2-4974-9970-7f3eaa5de5db","type":"Feature","geometry":{"type":"Point","coordinates":[-87.38213851,21.52355403]},"properties":{"categories":{"primary":"inn","alternate":["accommodation"]},"confidence":0.315652996301651,"socials":["https://www.facebook.com/2017079448333758"],"phones":["+529841373220"],"brand":{"wikidata":null,"names":{"primary":null,"common":null,"rules":null}},"addresses":[{"freeform":"P.º Carey entre calle Canane y calle Lisa","locality":"Lázaro Cárdenas","postcode":"77310","region":null,"country":"MX"}],"names":{"primary":"Casa Victor Ávila Hbx","common":null,"rules":null},"sources":[{"property":"","dataset":"meta","license":"CDLA-Permissive-2.0","record_id":"2017079448333758","update_time":"2026-04-27T00:00:00.000Z","confidence":0.315652996301651,"between":null},{"property":"/properties/confidence","dataset":"Overture","license":"CDLA-Permissive-2.0","record_id":null,"update_time":"2026-06-11T11:57:15Z","confidence":null,"between":null}],"basic_category":"inn","taxonomy":{"primary":"inn","hierarchy":["lodging","inn"],"alternates":null},"version":9}},
{"id":"99fb6257-a3a6-492a-a51a-f556caf8d043","type":"Feature","geometry":{"type":"Point","coordinates":[-87.38276295,21.52340898]},"properties":{"categories":{"primary":"holiday_rental_home","alternate":["accommodation","lodge"]},"confidence":0.8572045564651489,"websites":["http://thecasamariposa.com/"],"emails":["info@thecasamariposa.com"],"socials":["https://www.facebook.com/2348818075355526"],"phones":["+529842150579"],"brand":{"wikidata":null,"names":{"primary":null,"common":null,"rules":null}},"addresses":[{"freeform":"Paseo Carey & Calle Lisa","locality":"Lázaro Cárdenas","postcode":"77310","region":null,"country":"MX"}],"names":{"primary":"Casa Mariposa","common":null,"rules":null},"sources":[{"property":"","dataset":"meta","license":"CDLA-Permissive-2.0","record_id":"2348818075355526","update_time":"2026-04-27T00:00:00.000Z","confidence":0.8572045564651489,"between":null},{"property":"/properties/confidence","dataset":"Overture","license":"CDLA-Permissive-2.0","record_id":null,"update_time":"2026-06-11T11:57:15Z","confidence":null,"between":null}],"basic_category":"private_lodging","taxonomy":{"primary":"holiday_rental_home","hierarchy":["lodging","private_lodging","holiday_rental_home"],"alternates":null},"version":9}},
{"id":"c701d09d-52bb-40fe-bffc-1ff7f94f7da9","type":"Feature","geometry":{"type":"Point","coordinates":[-87.38108098,21.5240436]},"properties":{"categories":{"primary":"resort","alternate":["beach_resort","hotel"]},"confidence":0.971290111541748,"websites":["http://www.hotellapalapa.com/"],"emails":["booking@hotellapalapa.com"],"socials":["https://www.facebook.com/210806835585"],"phones":["+529842167524"],"brand":{"wikidata":null,"names":{"primary":"Beachfront Hotel La Palapa - Isla Holbox","common":null,"rules":null}},"addresses":[{"freeform":"Avenida José María Morelos 231","locality":"Cancún","postcode":"77560","region":null,"country":"MX"}],"names":{"primary":"Beachfront Hotel La Palapa","common":null,"rules":null},"sources":[{"property":"","dataset":"meta","license":"CDLA-Permissive-2.0","record_id":"210806835585","update_time":"2026-04-27T00:00:00.000Z","confidence":0.971290111541748,"between":null},{"property":"/properties/confidence","dataset":"Overture","license":"CDLA-Permissive-2.0","record_id":null,"update_time":"2026-06-11T11:57:15Z","confidence":null,"between":null}],"basic_category":"resort","taxonomy":{"primary":"resort","hierarchy":["lodging","resort"],"alternates":null},"version":9}},
{"id":"4091307e-c23f-484c-88f1-a7ee1273c869","type":"Feature","geometry":{"type":"Point","coordinates":[-87.3812462325,21.524090315]},"properties":{"categories":{"primary":"bar","alternate":["restaurant","beach"]},"confidence":0.6691854596138,"socials":["https://www.facebook.com/198831860178275"],"phones":["+529848752121"],"brand":{"wikidata":null,"names":{"primary":null,"common":null,"rules":null}},"addresses":[{"freeform":"Holbox Dream Hotel","locality":"Lázaro Cárdenas","postcode":"","region":null,"country":"MX"}],"names":{"primary":"Casa Nostra Terraza","common":null,"rules":null},"sources":[{"property":"","dataset":"meta","license":"CDLA-Permissive-2.0","record_id":"198831860178275","update_time":"2026-04-27T00:00:00.000Z","confidence":0.6691854596138,"between":null},{"property":"/properties/confidence","dataset":"Overture","license":"CDLA-Permissive-2.0","record_id":null,"update_time":"2026-06-11T11:57:15Z","confidence":null,"between":null}],"basic_category":"bar","taxonomy":{"primary":"bar","hierarchy":["food_and_drink","alcoholic_beverage_venue","bar"],"alternates":null},"version":8}},
{"id":"3ecc383f-0a1b-4626-b4b9-a69c94ea9077","type":"Feature","geometry":{"type":"Point","coordinates":[-87.38118507765887,21.52411168313366]},"properties":{"categories":{"primary":"hotel","alternate":null},"confidence":0.77,"websites":["http://www.hotellapalapa.com/isola-spa.html"],"phones":["984 875 2121"],"addresses":[{"freeform":"Av. Morelos 231","locality":"Isla Holbox","postcode":"77310","region":"QR","country":"MX"}],"names":{"primary":"Hotel La Palapa","common":null,"rules":null},"sources":[{"property":"","dataset":"Foursquare","license":"Apache-2.0","record_id":"4d0450b837036dcb763c10fb","update_time":"2026-03-28T00:00:00.000","confidence":0.77,"between":null},{"property":"/properties/confidence","dataset":"Overture","license":"CDLA-Permissive-2.0","record_id":null,"update_time":"2026-06-11T11:57:15Z","confidence":null,"between":null}],"basic_category":"hotel","taxonomy":{"primary":"hotel","hierarchy":["lodging","hotel"],"alternates":null},"version":4}},
{"id":"272b7086-157e-4aa3-b8f1-d86b94025cfa","type":"Feature","geometry":{"type":"Point","coordinates":[-87.38122179,21.52411725]},"properties":{"categories":{"primary":"bar","alternate":["restaurant","seafood_restaurant"]},"confidence":0.6513727903366089,"websites":["http://www.puntabaja.com"],"socials":["https://www.facebook.com/1025924674097503"],"phones":["+529848040009"],"brand":{"wikidata":null,"names":{"primary":"Punta Baja Tours","common":null,"rules":null}},"addresses":[{"freeform":"Avenida Morelos 231","locality":"Lázaro Cárdenas","postcode":"77310","region":null,"country":"MX"}],"names":{"primary":"Punta Baja","common":null,"rules":null},"sources":[{"property":"","dataset":"meta","license":"CDLA-Permissive-2.0","record_id":"1025924674097503","update_time":"2026-04-27T00:00:00.000Z","confidence":0.6513727903366089,"between":null},{"property":"/properties/confidence","dataset":"Overture","license":"CDLA-Permissive-2.0","record_id":null,"update_time":"2026-06-11T11:57:15Z","confidence":null,"between":null}],"basic_category":"bar","taxonomy":{"primary":"bar","hierarchy":["food_and_drink","alcoholic_beverage_venue","bar"],"alternates":null},"version":9}},
{"id":"f152124a-b758-431d-9be2-a9cc0d64f244","type":"Feature","geometry":{"type":"Point","coordinates":[-87.38095365,21.52434971]},"properties":{"categories":{"primary":"hotel","alternate":["accommodation","lodge"]},"confidence":0.5713009238243103,"socials":["https://www.facebook.com/113580382161399"],"phones":["+529983482030"],"brand":{"wikidata":null,"names":{"primary":null,"common":null,"rules":null}},"addresses":[{"freeform":"OTRO (ESPECIFIQUE)","locality":"Lázaro Cárdenas","postcode":"77310","region":null,"country":"MX"}],"names":{"primary":"Hotel Amairé","common":null,"rules":null},"sources":[{"property":"","dataset":"meta","license":"CDLA-Permissive-2.0","record_id":"113580382161399","update_time":"2026-04-27T00:00:00.000Z","confidence":0.5713009238243103,"between":null},{"property":"/properties/confidence","dataset":"Overture","license":"CDLA-Permissive-2.0","record_id":null,"update_time":"2026-06-11T11:57:15Z","confidence":null,"between":null}],"basic_category":"hotel","taxonomy":{"primary":"hotel","hierarchy":["lodging","hotel"],"alternates":null},"version":9}},
{"id":"65afac27-9df2-4266-a19a-629bc79395fd","type":"Feature","geometry":{"type":"Point","coordinates":[-87.3727402,21.5284143]},"properties":{"categories":{"primary":"resort","alternate":["hotel"]},"confidence":0.85,"websites":["http://www.villashmparaisodelmar.com/"],"phones":["9848752062"],"addresses":[{"freeform":"Avda. Plutarco Elias, s/n Isla Holbox Holbox Q.R MX","locality":"Isla Holbox","postcode":"77310","region":"Mexico","country":"MX"}],"names":{"primary":"Villas HM Paraíso del Mar","common":null,"rules":null},"sources":[{"property":"","dataset":"Microsoft","license":"CDLA-Permissive-2.0","record_id":"1407374889902003","update_time":"2023-03-24T09:29:30.960Z","confidence":0.85,"between":null},{"property":"/properties/confidence","dataset":"Overture","license":"CDLA-Permissive-2.0","record_id":null,"update_time":"2026-06-11T11:57:15Z","confidence":null,"between":null}],"basic_category":"resort","taxonomy":{"primary":"resort","hierarchy":["lodging","resort"],"alternates":null},"version":10}},
{"id":"e9122d1e-0643-4383-a8e5-7569b817f243","type":"Feature","geometry":{"type":"Point","coordinates":[-87.37259731726027,21.52818480488342]},"properties":{"categories":{"primary":"lounge","alternate":["tanning_salon","bar"]},"confidence":0.7448218464851379,"socials":["https://www.facebook.com/314162872516476"],"brand":{"wikidata":null,"names":{"primary":null,"common":null,"rules":null}},"addresses":[{"freeform":"","locality":"Lázaro Cárdenas","postcode":"","region":null,"country":"MX"}],"names":{"primary":"Holbox Sunset Lounge","common":null,"rules":null},"sources":[{"property":"","dataset":"meta","license":"CDLA-Permissive-2.0","record_id":"314162872516476","update_time":"2026-04-27T00:00:00.000Z","confidence":0.7448218464851379,"between":null},{"property":"/properties/confidence","dataset":"Overture","license":"CDLA-Permissive-2.0","record_id":null,"update_time":"2026-06-11T11:57:15Z","confidence":null,"between":null}],"basic_category":"lounge","taxonomy":{"primary":"lounge","hierarchy":["food_and_drink","alcoholic_beverage_venue","lounge"],"alternates":null},"version":9}},
{"id":"28ed56fa-4ffb-47af-8b8c-84414a88ff38","type":"Feature","geometry":{"type":"Point","coordinates":[-87.37261720963043,21.528088701]},"properties":{"categories":{"primary":"beach","alternate":["hotel","island"]},"confidence":0.8823620676994324,"socials":["https://www.facebook.com/182913675925006"],"brand":{"wikidata":null,"names":{"primary":null,"common":null,"rules":null}},"addresses":[{"freeform":"","locality":"Lázaro Cárdenas","postcode":"","region":null,"country":"MX"}],"names":{"primary":"Paraiso Beach","common":null,"rules":null},"sources":[{"property":"","dataset":"meta","license":"CDLA-Permissive-2.0","record_id":"182913675925006","update_time":"2026-04-27T00:00:00.000Z","confidence":0.8823620676994324,"between":null},{"property":"/properties/confidence","dataset":"Overture","license":"CDLA-Permissive-2.0","record_id":null,"update_time":"2026-06-11T11:57:15Z","confidence":null,"between":null}],"basic_category":"beach","taxonomy":{"primary":"beach","hierarchy":["geographic_entities","land_feature","beach"],"alternates":null},"version":9}},
{"id":"986667c4-cf5e-491d-861a-5287dac5407d","type":"Feature","geometry":{"type":"Point","coordinates":[-87.37249671431348,21.527681508687945]},"properties":{"categories":{"primary":"resort","alternate":null},"confidence":0.77,"websites":["https://www.hmhotels.com/villas-hm-paraiso-del-mar"],"addresses":[{"freeform":null,"locality":"Isla Holbox","postcode":null,"region":"Quintana Roo","country":"MX"}],"names":{"primary":"Paraiso del Mar","common":null,"rules":null},"sources":[{"property":"","dataset":"Foursquare","license":"Apache-2.0","record_id":"4bdcbe822a3a0f47e637b4b6","update_time":"2025-12-20T00:00:00.000","confidence":0.77,"between":null},{"property":"/properties/confidence","dataset":"Overture","license":"CDLA-Permissive-2.0","record_id":null,"update_time":"2026-06-11T11:57:15Z","confidence":null,"between":null}],"basic_category":"resort","taxonomy":{"primary":"resort","hierarchy":["lodging","resort"],"alternates":null},"version":4}},
{"id":"03a9c032-b8ff-4dd9-bebd-374307534b5c","type":"Feature","geometry":{"type":"Point","coordinates":[-87.37357652,21.52760075]},"properties":{"categories":{"primary":"sushi_restaurant","alternate":["japanese_restaurant"]},"confidence":0.7428246140480042,"socials":["https://www.facebook.com/297497870933848"],"phones":["+529848752224"],"brand":{"wikidata":null,"names":{"primary":null,"common":null,"rules":null}},"addresses":[{"freeform":"","locality":"Lázaro Cárdenas","postcode":"77310","region":null,"country":"MX"}],"names":{"primary":"Tamashi Sky Bar","common":null,"rules":null},"sources":[{"property":"","dataset":"meta","license":"CDLA-Permissive-2.0","record_id":"297497870933848","update_time":"2026-04-27T00:00:00.000Z","confidence":0.7428246140480042,"between":null},{"property":"/properties/confidence","dataset":"Overture","license":"CDLA-Permissive-2.0","record_id":null,"update_time":"2026-06-11T11:57:15Z","confidence":null,"between":null}],"basic_category":"restaurant","taxonomy":{"primary":"sushi_restaurant","hierarchy":["food_and_drink","restaurant","asian_restaurant","east_asian_restaurant","japanese_restaurant","sushi_restaurant"],"alternates":null},"version":8}},
{"id":"48421d42-b7fa-4dd3-92c4-a8d3058b2ba1","type":"Feature","geometry":{"type":"Point","coordinates":[-87.37366931857049,21.52771251356687]},"properties":{"confidence":0.5595672726631165,"websites":["https://www.corazonmexicanoholbox.com/"],"socials":["https://www.facebook.com/264454600796363"],"brand":{"wikidata":null,"names":{"primary":null,"common":null,"rules":null}},"addresses":[{"freeform":"Av. Caleta s/n, 77310, Holbox, Quintana Roo, México","locality":"Lázaro Cárdenas","postcode":"77310","region":null,"country":"MX"}],"names":{"primary":"Suites Corazón Mexicano Holbox","common":null,"rules":null},"sources":[{"property":"","dataset":"meta","license":"CDLA-Permissive-2.0","record_id":"264454600796363","update_time":"2026-04-27T00:00:00.000Z","confidence":0.5595672726631165,"between":null},{"property":"/properties/confidence","dataset":"Overture","license":"CDLA-Permissive-2.0","record_id":null,"update_time":"2026-06-11T11:57:15Z","confidence":null,"between":null}],"version":1}},
{"id":"0136edc6-39e3-4f69-90f9-d63797dea6ce","type":"Feature","geometry":{"type":"Point","coordinates":[-87.37364343587339,21.52772391716838]},"properties":{"categories":{"primary":"hotel","alternate":null},"confidence":0.77,"websites":["http://hmhotels.com"],"addresses":[{"freeform":null,"locality":null,"postcode":null,"region":null,"country":"MX"}],"names":{"primary":"Villa HM Palapas Del Mar","common":null,"rules":null},"sources":[{"property":"","dataset":"Foursquare","license":"Apache-2.0","record_id":"58a85de252a0510c0bbe2f7d","update_time":"2026-04-12T00:00:00.000","confidence":0.77,"between":null},{"property":"/properties/confidence","dataset":"Overture","license":"CDLA-Permissive-2.0","record_id":null,"update_time":"2026-06-11T11:57:15Z","confidence":null,"between":null}],"basic_category":"hotel","taxonomy":{"primary":"hotel","hierarchy":["lodging","hotel"],"alternates":null},"version":2}},
{"id":"2ae98b3f-6ebd-468f-9430-1cb85df0efc5","type":"Feature","geometry":{"type":"Point","coordinates":[-87.37454245,21.52785809]},"properties":{"categories":{"primary":"burger_restaurant","alternate":["restaurant","diner"]},"confidence":0.3024238646030426,"websites":["https://www.instagram.com/lacabaneholbox?utm_source=qr&igsh=ejF5NXFxdGwwMTVw"],"socials":["https://www.facebook.com/730813330105085"],"phones":["+529987591753"],"brand":{"wikidata":null,"names":{"primary":null,"common":null,"rules":null}},"addresses":[{"freeform":"Av. Damero esquina","locality":"Lázaro Cárdenas","postcode":"77310","region":null,"country":"MX"}],"names":{"primary":"La Smasheria Holbox","common":null,"rules":null},"sources":[{"property":"","dataset":"meta","license":"CDLA-Permissive-2.0","record_id":"730813330105085","update_time":"2026-04-27T00:00:00.000Z","confidence":0.3024238646030426,"between":null},{"property":"/properties/confidence","dataset":"Overture","license":"CDLA-Permissive-2.0","record_id":null,"update_time":"2026-06-11T11:57:15Z","confidence":null,"between":null}],"basic_category":"restaurant","taxonomy":{"primary":"burger_restaurant","hierarchy":["food_and_drink","restaurant","meat_restaurant","burger_restaurant"],"alternates":null},"version":2}},
{"id":"43250b34-006a-4de3-b5ee-b89e4b736881","type":"Feature","geometry":{"type":"Point","coordinates":[-87.374782562256,21.52802058712]},"properties":{"categories":{"primary":"sports_club_and_league","alternate":["community_services_non_profits","education"]},"confidence":0.7211109399795532,"socials":["https://www.facebook.com/1820122428200332"],"brand":{"wikidata":null,"names":{"primary":null,"common":null,"rules":null}},"addresses":[{"freeform":"Av Palomino ","locality":"Lázaro Cárdenas","postcode":"77310","region":null,"country":"MX"}],"names":{"primary":"Here I'm","common":null,"rules":null},"sources":[{"property":"","dataset":"meta","license":"CDLA-Permissive-2.0","record_id":"1820122428200332","update_time":"2026-04-27T00:00:00.000Z","confidence":0.7211109399795532,"between":null},{"property":"/properties/confidence","dataset":"Overture","license":"CDLA-Permissive-2.0","record_id":null,"update_time":"2026-06-11T11:57:15Z","confidence":null,"between":null}],"basic_category":"sport_or_recreation_club","taxonomy":{"primary":"sport_or_recreation_club","hierarchy":["sports_and_recreation","sport_or_recreation_club"],"alternates":null},"version":1}},
{"id":"d76cc261-3592-476a-ab72-8464acc8f433","type":"Feature","geometry":{"type":"Point","coordinates":[-87.37537441,21.52770944]},"properties":{"categories":{"primary":"bar_and_grill_restaurant","alternate":["seafood_restaurant","bar"]},"confidence":0.7338604927062988,"websites":["https://www.holboxguide.com/raices-beach-club.html"],"emails":["casadelasgaviotas@yahoo.com.mx"],"socials":["https://www.facebook.com/642550769165694"],"phones":["+529841360017"],"brand":{"wikidata":null,"names":{"primary":null,"common":null,"rules":null}},"addresses":[{"freeform":"Playa Norte s/n","locality":"Lázaro Cárdenas","postcode":"77310","region":null,"country":"MX"}],"names":{"primary":"Raices Beach Club","common":null,"rules":null},"sources":[{"property":"","dataset":"meta","license":"CDLA-Permissive-2.0","record_id":"642550769165694","update_time":"2026-04-27T00:00:00.000Z","confidence":0.7338604927062988,"between":null},{"property":"/properties/confidence","dataset":"Overture","license":"CDLA-Permissive-2.0","record_id":null,"update_time":"2026-06-11T11:57:15Z","confidence":null,"between":null}],"basic_category":"restaurant","taxonomy":{"primary":"bar_and_grill_restaurant","hierarchy":["food_and_drink","restaurant","bar_and_grill_restaurant"],"alternates":null},"version":9}},
{"id":"e3122fbb-0afd-4de9-9087-d931cb2a155b","type":"Feature","geometry":{"type":"Point","coordinates":[-87.37534187,21.52741231]},"properties":{"categories":{"primary":"restaurant","alternate":["bar","latin_american_restaurant"]},"confidence":0.9085497260093689,"socials":["https://www.facebook.com/106425861135754"],"brand":{"wikidata":null,"names":{"primary":null,"common":null,"rules":null}},"addresses":[{"freeform":"Con playa norte, Calle Chac-Chi s/n","locality":"Lázaro Cárdenas","postcode":"77310","region":null,"country":"MX"}],"names":{"primary":"Iguanas RestoBar","common":null,"rules":null},"sources":[{"property":"","dataset":"meta","license":"CDLA-Permissive-2.0","record_id":"106425861135754","update_time":"2026-04-27T00:00:00.000Z","confidence":0.9085497260093689,"between":null},{"property":"/properties/confidence","dataset":"Overture","license":"CDLA-Permissive-2.0","record_id":null,"update_time":"2026-06-11T11:57:15Z","confidence":null,"between":null}],"basic_category":"restaurant","taxonomy":{"primary":"restaurant","hierarchy":["food_and_drink","restaurant"],"alternates":null},"version":9}},
{"id":"868dd37d-8c25-4a7a-b4e6-d341124d7aa2","type":"Feature","geometry":{"type":"Point","coordinates":[-87.37516365,21.52725985]},"properties":{"categories":{"primary":"hotel","alternate":["lodge","bed_and_breakfast"]},"confidence":0.9492023086547852,"websites":["http://www.casaiguanaholbox.com"],"emails":["casaiguanahbx@hotmail.com"],"socials":["https://www.facebook.com/1714985998804848"],"phones":["+529848752469"],"brand":{"wikidata":null,"names":{"primary":"Casa Iguana Holbox","common":null,"rules":null}},"addresses":[{"freeform":"1 Chac Chi Street, Calle Chac-Chi 1","locality":"Lázaro Cárdenas","postcode":"77310","region":null,"country":"MX"}],"names":{"primary":"Casa Iguana Hotel","common":null,"rules":null},"sources":[{"property":"","dataset":"meta","license":"CDLA-Permissive-2.0","record_id":"1714985998804848","update_time":"2026-04-27T00:00:00.000Z","confidence":0.7791404724121094,"between":null},{"property":"/properties/confidence","dataset":"Overture","license":"CDLA-Permissive-2.0","record_id":null,"update_time":"2026-06-11T11:57:15Z","confidence":null,"between":null}],"basic_category":"hotel","taxonomy":{"primary":"hotel","hierarchy":["lodging","hotel"],"alternates":null},"version":8}},
{"id":"76f4efc1-22c1-4e91-91df-5032c449e316","type":"Feature","geometry":{"type":"Point","coordinates":[-87.37673312,21.52702488]},"properties":{"categories":{"primary":"massage","alternate":["massage_therapy","spas"]},"confidence":0.3078245520591736,"socials":["https://www.facebook.com/109744938036710"],"phones":["+529842125935"],"brand":{"wikidata":null,"names":{"primary":null,"common":null,"rules":null}},"addresses":[{"freeform":"Calle Palomino, Av. Damero","locality":"Lázaro Cárdenas","postcode":"77310","region":null,"country":"MX"}],"names":{"primary":"Mayan Massage by Selene","common":null,"rules":null},"sources":[{"property":"","dataset":"meta","license":"CDLA-Permissive-2.0","record_id":"109744938036710","update_time":"2026-04-27T00:00:00.000Z","confidence":0.3078245520591736,"between":null},{"property":"/properties/confidence","dataset":"Overture","license":"CDLA-Permissive-2.0","record_id":null,"update_time":"2026-06-11T11:57:15Z","confidence":null,"between":null}],"basic_category":"wellness_service","taxonomy":{"primary":"massage_therapy","hierarchy":["lifestyle_services","wellness_service","massage_therapy"],"alternates":null},"version":5}},
{"id":"8fd1700e-1e7d-41a3-94e9-defb2309fd25","type":"Feature","geometry":{"type":"Point","coordinates":[-87.376414,21.527059]},"properties":{"categories":{"primary":"seafood_restaurant","alternate":["restaurant","fast_food_restaurant"]},"confidence":0.34660807251930237,"socials":["https://www.facebook.com/586917954674366"],"brand":{"wikidata":null,"names":{"primary":null,"common":null,"rules":null}},"addresses":[{"freeform":"","locality":"Lázaro Cárdenas","postcode":"","region":null,"country":"MX"}],"names":{"primary":"Slow Food Restaurant","common":null,"rules":null},"sources":[{"property":"","dataset":"meta","license":"CDLA-Permissive-2.0","record_id":"586917954674366","update_time":"2026-04-27T00:00:00.000Z","confidence":0.34660807251930237,"between":null},{"property":"/properties/confidence","dataset":"Overture","license":"CDLA-Permissive-2.0","record_id":null,"update_time":"2026-06-11T11:57:15Z","confidence":null,"between":null}],"basic_category":"restaurant","taxonomy":{"primary":"seafood_restaurant","hierarchy":["food_and_drink","restaurant","seafood_restaurant"],"alternates":null},"version":9}},
{"id":"285a892e-708d-49d6-8193-132b455c19fa","type":"Feature","geometry":{"type":"Point","coordinates":[-87.376490911627,21.527119261411]},"properties":{"categories":{"primary":"beach","alternate":null},"confidence":0.579433798789978,"socials":["https://www.facebook.com/192745674986671"],"brand":{"wikidata":null,"names":{"primary":null,"common":null,"rules":null}},"addresses":[{"freeform":"","locality":"Lázaro Cárdenas","postcode":"","region":null,"country":"MX"}],"names":{"primary":"Playa Tarpon Club","common":null,"rules":null},"sources":[{"property":"","dataset":"meta","license":"CDLA-Permissive-2.0","record_id":"192745674986671","update_time":"2026-04-27T00:00:00.000Z","confidence":0.579433798789978,"between":null},{"property":"/properties/confidence","dataset":"Overture","license":"CDLA-Permissive-2.0","record_id":null,"update_time":"2026-06-11T11:57:15Z","confidence":null,"between":null}],"basic_category":"beach","taxonomy":{"primary":"beach","hierarchy":["geographic_entities","land_feature","beach"],"alternates":null},"version":7}},
{"id":"b1c1d985-3e56-4355-be57-3fbf3986ee87","type":"Feature","geometry":{"type":"Point","coordinates":[-87.37624366100614,21.52712918276216]},"properties":{"categories":{"primary":"seafood_restaurant","alternate":["restaurant","bar_and_grill_restaurant"]},"confidence":0.7800829410552979,"socials":["https://www.facebook.com/324674407886067"],"brand":{"wikidata":null,"names":{"primary":null,"common":null,"rules":null}},"addresses":[{"freeform":null,"locality":"Lázaro Cárdenas","postcode":null,"region":null,"country":"MX"}],"names":{"primary":"Restaurant Raices, Holbox","common":null,"rules":null},"sources":[{"property":"","dataset":"meta","license":"CDLA-Permissive-2.0","record_id":"324674407886067","update_time":"2026-04-27T00:00:00.000Z","confidence":0.7800829410552979,"between":null},{"property":"/properties/confidence","dataset":"Overture","license":"CDLA-Permissive-2.0","record_id":null,"update_time":"2026-06-11T11:57:15Z","confidence":null,"between":null}],"basic_category":"restaurant","taxonomy":{"primary":"seafood_restaurant","hierarchy":["food_and_drink","restaurant","seafood_restaurant"],"alternates":null},"version":8}},
{"id":"d8b412d6-5418-4b03-a15f-ff23f65ec595","type":"Feature","geometry":{"type":"Point","coordinates":[-87.37560839,21.52710012]},"properties":{"categories":{"primary":"resort","alternate":["accommodation","lodge"]},"confidence":0.9949168294668198,"websites":["https://www.casasandra.com/"],"emails":["reservations@casasandra.com"],"socials":["https://www.facebook.com/152542905167557"],"phones":["+529981207061"],"brand":{"wikidata":null,"names":{"primary":"CasaSandra Boutique Hotel","common":null,"rules":null}},"addresses":[{"freeform":"Costado de Secundaria Técnica, Calle Igualdad SN","locality":"Lázaro Cárdenas","postcode":"77310","region":null,"country":"MX"}],"names":{"primary":"Ser Casasandra Holbox","common":null,"rules":null},"sources":[{"property":"","dataset":"meta","license":"CDLA-Permissive-2.0","record_id":"152542905167557","update_time":"2026-04-27T00:00:00.000Z","confidence":0.9661121964454651,"between":null},{"property":"/properties/confidence","dataset":"Overture","license":"CDLA-Permissive-2.0","record_id":null,"update_time":"2026-06-11T11:57:15Z","confidence":null,"between":null}],"basic_category":"resort","taxonomy":{"primary":"resort","hierarchy":["lodging","resort"],"alternates":null},"version":10}},
{"id":"3e62d851-c780-4ae1-9801-b762e21afe5a","type":"Feature","geometry":{"type":"Point","coordinates":[-87.37566911,21.52695674]},"properties":{"categories":{"primary":"resort","alternate":["accommodation","hotel"]},"confidence":0.6470229029655457,"websites":["http://www.casasandraholbox.com.mx/"],"socials":["https://www.facebook.com/215612830809"],"phones":["+529848752171"],"brand":{"wikidata":null,"names":{"primary":"CasaSandra Boutique Hotel","common":null,"rules":null}},"addresses":[{"freeform":"","locality":"Lázaro Cárdenas","postcode":"77310","region":null,"country":"MX"}],"names":{"primary":"Casa Sandra","common":null,"rules":null},"sources":[{"property":"","dataset":"meta","license":"CDLA-Permissive-2.0","record_id":"215612830809","update_time":"2026-04-27T00:00:00.000Z","confidence":0.6470229029655457,"between":null},{"property":"/properties/confidence","dataset":"Overture","license":"CDLA-Permissive-2.0","record_id":null,"update_time":"2026-06-11T11:57:15Z","confidence":null,"between":null}],"basic_category":"resort","taxonomy":{"primary":"resort","hierarchy":["lodging","resort"],"alternates":null},"version":9}},
{"id":"b025a252-7d26-4d5f-889e-839db9e8d270","type":"Feature","geometry":{"type":"Point","coordinates":[-87.37495,21.52712]},"properties":{"categories":{"primary":"hotel","alternate":["beach","lounge"]},"confidence":0.9416074156761169,"websites":["https://www.anayjoseholbox.com/"],"emails":["booking@anayjose.com"],"socials":["https://www.facebook.com/110401605715183"],"phones":["+529981988116"],"brand":{"wikidata":null,"names":{"primary":null,"common":null,"rules":null}},"addresses":[{"freeform":"C. Caguama","locality":"Lázaro Cárdenas","postcode":"77310","region":null,"country":"MX"}],"names":{"primary":"Ana y Jose Holbox","common":null,"rules":null},"sources":[{"property":"","dataset":"meta","license":"CDLA-Permissive-2.0","record_id":"110401605715183","update_time":"2026-04-27T00:00:00.000Z","confidence":0.9416074156761169,"between":null},{"property":"/properties/confidence","dataset":"Overture","license":"CDLA-Permissive-2.0","record_id":null,"update_time":"2026-06-11T11:57:15Z","confidence":null,"between":null}],"basic_category":"hotel","taxonomy":{"primary":"hotel","hierarchy":["lodging","hotel"],"alternates":null},"version":8}},
{"id":"530a9312-7311-4747-8767-534c8b277738","type":"Feature","geometry":{"type":"Point","coordinates":[-87.37343257,21.52744361]},"properties":{"categories":{"primary":"hotel","alternate":["accommodation","resort"]},"confidence":0.98064786195755,"websites":["https://www.hmhotels.net/hoteles/villashmpalapasdelmar/"],"emails":["recpalapasdelmar@hmhotels.net"],"socials":["https://www.facebook.com/247776682290377"],"phones":["+34871719138"],"brand":{"wikidata":null,"names":{"primary":"Villas HM Palapas del Mar","common":null,"rules":null}},"addresses":[{"freeform":"C. P.º Kuka MZ 133","locality":"Lázaro Cárdenas","postcode":"77310","region":null,"country":"MX"}],"names":{"primary":"Villas HM Palapas del Mar","common":null,"rules":null},"sources":[{"property":"","dataset":"meta","license":"CDLA-Permissive-2.0","record_id":"247776682290377","update_time":"2026-04-27T00:00:00.000Z","confidence":0.98064786195755,"between":null},{"property":"/properties/confidence","dataset":"Overture","license":"CDLA-Permissive-2.0","record_id":null,"update_time":"2026-06-11T11:57:15Z","confidence":null,"between":null}],"basic_category":"hotel","taxonomy":{"primary":"hotel","hierarchy":["lodging","hotel"],"alternates":null},"version":3}},
{"id":"e0db4327-c422-4723-ac5c-a2a4582bb0b0","type":"Feature","geometry":{"type":"Point","coordinates":[-87.37271,21.52744]},"properties":{"categories":{"primary":"hostel","alternate":null},"confidence":0.6480413675308228,"emails":["campingtachaliholbox@gmail.com"],"socials":["https://www.facebook.com/179346091918612"],"phones":["+529984766555"],"brand":{"wikidata":null,"names":{"primary":null,"common":null,"rules":null}},"addresses":[{"freeform":"Calle Tintorera esquina con Paseo Kuka","locality":"Lázaro Cárdenas","postcode":"77310","region":null,"country":"MX"}],"names":{"primary":"Camping Tachali Holbox","common":null,"rules":null},"sources":[{"property":"","dataset":"meta","license":"CDLA-Permissive-2.0","record_id":"179346091918612","update_time":"2026-04-27T00:00:00.000Z","confidence":0.6480413675308228,"between":null},{"property":"/properties/confidence","dataset":"Overture","license":"CDLA-Permissive-2.0","record_id":null,"update_time":"2026-06-11T11:57:15Z","confidence":null,"between":null}],"basic_category":"lodging","taxonomy":{"primary":"hostel","hierarchy":["lodging","hostel"],"alternates":null},"version":8}},
{"id":"d6b3a251-8342-45f1-a203-c9cb6ed9f0a9","type":"Feature","geometry":{"type":"Point","coordinates":[-87.37271,21.52744]},"properties":{"categories":{"primary":"dentist","alternate":null},"confidence":0.7576779723167419,"emails":["cd.goretticvega@gmail.com"],"socials":["https://www.facebook.com/122103123866008916"],"brand":{"wikidata":null,"names":{"primary":null,"common":null,"rules":null}},"addresses":[{"freeform":"Av. Paseo kuka S/N entre calle Carito y Sierra","locality":"Lázaro Cárdenas","postcode":"77310","region":null,"country":"MX"}],"names":{"primary":"Dental ROS ","common":null,"rules":null},"sources":[{"property":"","dataset":"meta","license":"CDLA-Permissive-2.0","record_id":"122103123866008916","update_time":"2026-04-27T00:00:00.000Z","confidence":0.7576779723167419,"between":null},{"property":"/properties/confidence","dataset":"Overture","license":"CDLA-Permissive-2.0","record_id":null,"update_time":"2026-06-11T11:57:15Z","confidence":null,"between":null}],"basic_category":"dental_clinic","taxonomy":{"primary":"dental_clinic","hierarchy":["health_care","outpatient_care_facility","dental_clinic"],"alternates":null},"version":8}},
{"id":"64a07d15-7694-40d5-bf87-effb9a0ded29","type":"Feature","geometry":{"type":"Point","coordinates":[-87.37271,21.52744]},"properties":{"categories":{"primary":"active_life","alternate":null},"confidence":0.2758459448814392,"websites":["http://www.holboxhridayaretiros.com/"],"emails":["holboxhridaya@gmail.com"],"socials":["https://www.facebook.com/102616531532883"],"phones":["+529994412246"],"brand":{"wikidata":null,"names":{"primary":null,"common":null,"rules":null}},"addresses":[{"freeform":"Sobre paseo kuka y esquina raya pinta ","locality":"Lázaro Cárdenas","postcode":"77310","region":null,"country":"MX"}],"names":{"primary":"YOGA en la Isla/ Retiros","common":null,"rules":null},"sources":[{"property":"","dataset":"meta","license":"CDLA-Permissive-2.0","record_id":"102616531532883","update_time":"2026-04-27T00:00:00.000Z","confidence":0.2758459448814392,"between":null},{"property":"/properties/confidence","dataset":"Overture","license":"CDLA-Permissive-2.0","record_id":null,"update_time":"2026-06-11T11:57:15Z","confidence":null,"between":null}],"taxonomy":{"primary":"sports_and_recreation","hierarchy":["sports_and_recreation"],"alternates":null},"version":1}},
{"id":"501fa45e-3798-4817-a433-aa51f6a2f159","type":"Feature","geometry":{"type":"Point","coordinates":[-87.37258869,21.52707384]},"properties":{"categories":{"primary":"resort","alternate":["beach_resort","lodge"]},"confidence":0.9866730719804764,"websites":["http://www.isladeholbox.com"],"emails":["losmangles@isladeholbox.com"],"socials":["https://www.facebook.com/583627555130387"],"phones":["+529848750500"],"brand":{"wikidata":null,"names":{"primary":null,"common":null,"rules":null}},"addresses":[{"freeform":"C. Pampano","locality":"Lázaro Cárdenas","postcode":"77310","region":null,"country":"MX"}],"names":{"primary":"Villa los Mangles Holbox","common":null,"rules":null},"sources":[{"property":"","dataset":"meta","license":"CDLA-Permissive-2.0","record_id":"583627555130387","update_time":"2026-04-27T00:00:00.000Z","confidence":0.9420568346977234,"between":null},{"property":"/properties/confidence","dataset":"Overture","license":"CDLA-Permissive-2.0","record_id":null,"update_time":"2026-06-11T11:57:15Z","confidence":null,"between":null}],"basic_category":"resort","taxonomy":{"primary":"resort","hierarchy":["lodging","resort"],"alternates":null},"version":9}},
{"id":"93e03532-5181-4635-ac31-45e62a95bcd8","type":"Feature","geometry":{"type":"Point","coordinates":[-87.373229,21.526789]},"properties":{"categories":{"primary":"restaurant","alternate":["cafe"]},"confidence":0.7107654809951782,"socials":["https://www.facebook.com/780071022324209"],"phones":["+529982391525"],"brand":{"wikidata":null,"names":{"primary":null,"common":null,"rules":null}},"addresses":[{"freeform":"Av. Paseo Kuka S/n","locality":"Lázaro Cárdenas","postcode":"77310","region":null,"country":"MX"}],"names":{"primary":"Aroma Bar & Restaurante by Cielito Lindo","common":null,"rules":null},"sources":[{"property":"","dataset":"meta","license":"CDLA-Permissive-2.0","record_id":"780071022324209","update_time":"2026-04-27T00:00:00.000Z","confidence":0.7107654809951782,"between":null},{"property":"/properties/confidence","dataset":"Overture","license":"CDLA-Permissive-2.0","record_id":null,"update_time":"2026-06-11T11:57:15Z","confidence":null,"between":null}],"basic_category":"restaurant","taxonomy":{"primary":"restaurant","hierarchy":["food_and_drink","restaurant"],"alternates":null},"version":9}},
{"id":"6b8f8ade-ac6e-4ce2-aeb2-6c0e093f76f0","type":"Feature","geometry":{"type":"Point","coordinates":[-87.37378572,21.52672988]},"properties":{"categories":{"primary":"hotel","alternate":["boutique","accommodation"]},"confidence":0.935149073600769,"websites":["http://www.puntacaliza.com/"],"emails":["hola@puntacaliza.com"],"socials":["https://www.facebook.com/1617202134998035"],"phones":["+529983168140"],"brand":{"wikidata":null,"names":{"primary":null,"common":null,"rules":null}},"addresses":[{"freeform":"Paseo Kuka, Por Robalo, Isla Holbox","locality":"Lázaro Cárdenas","postcode":"77310","region":null,"country":"MX"}],"names":{"primary":"Hotel Punta Caliza","common":null,"rules":null},"sources":[{"property":"","dataset":"meta","license":"CDLA-Permissive-2.0","record_id":"1617202134998035","update_time":"2026-04-27T00:00:00.000Z","confidence":0.935149073600769,"between":null},{"property":"/properties/confidence","dataset":"Overture","license":"CDLA-Permissive-2.0","record_id":null,"update_time":"2026-06-11T11:57:15Z","confidence":null,"between":null}],"basic_category":"hotel","taxonomy":{"primary":"hotel","hierarchy":["lodging","hotel"],"alternates":null},"version":10}},
{"id":"c84985bc-f586-4b01-9f68-982b5fff4fb7","type":"Feature","geometry":{"type":"Point","coordinates":[-87.37335225,21.52682639]},"properties":{"categories":{"primary":"hotel","alternate":["accommodation","motel"]},"confidence":0.8384964466094971,"emails":["cieliolindo@sihoteles.net"],"socials":["https://www.facebook.com/927390667384905"],"phones":["+529848776191"],"brand":{"wikidata":null,"names":{"primary":null,"common":null,"rules":null}},"addresses":[{"freeform":"C. P.º Kuka 27","locality":"Lázaro Cárdenas","postcode":"77310","region":null,"country":"MX"}],"names":{"primary":"Cielito Lindo Hotel","common":null,"rules":null},"sources":[{"property":"","dataset":"meta","license":"CDLA-Permissive-2.0","record_id":"927390667384905","update_time":"2026-04-27T00:00:00.000Z","confidence":0.8384964466094971,"between":null},{"property":"/properties/confidence","dataset":"Overture","license":"CDLA-Permissive-2.0","record_id":null,"update_time":"2026-06-11T11:57:15Z","confidence":null,"between":null}],"basic_category":"hotel","taxonomy":{"primary":"hotel","hierarchy":["lodging","hotel"],"alternates":null},"version":8}},
{"id":"7213f38f-6908-421a-b5a3-0c4e8d5f03fe","type":"Feature","geometry":{"type":"Point","coordinates":[-87.37462406,21.52689658]},"properties":{"categories":{"primary":"beach_resort","alternate":["resort","accommodation"]},"confidence":0.9427069425582886,"websites":["http://www.holbox-xalocresort.com"],"emails":["reservas@holbox-xalocresort.com"],"socials":["https://www.facebook.com/426520500737064"],"phones":["+529848752154"],"brand":{"wikidata":null,"names":{"primary":"Xaloc Resort Isla Holbox, Mexico","common":null,"rules":null}},"addresses":[{"freeform":"esquina Playa Norte, Calle Chac-Chi s/n","locality":"Lázaro Cárdenas","postcode":"77310","region":null,"country":"MX"}],"names":{"primary":"Xaloc Resort","common":null,"rules":null},"sources":[{"property":"","dataset":"meta","license":"CDLA-Permissive-2.0","record_id":"426520500737064","update_time":"2026-04-27T00:00:00.000Z","confidence":0.9427069425582886,"between":null},{"property":"/properties/confidence","dataset":"Overture","license":"CDLA-Permissive-2.0","record_id":null,"update_time":"2026-06-11T11:57:15Z","confidence":null,"between":null}],"basic_category":"resort","taxonomy":{"primary":"beach_resort","hierarchy":["lodging","resort","beach_resort"],"alternates":null},"version":9}},
{"id":"ec43c5b0-8610-4bc6-a6f9-189357b733de","type":"Feature","geometry":{"type":"Point","coordinates":[-87.3747,21.52691]},"properties":{"categories":{"primary":"hotel","alternate":null},"confidence":0.5784122943878174,"websites":["http://abnb.me/yJanAdrqOqb"],"emails":["holboxaloha@gmail.com"],"socials":["https://www.facebook.com/106629322112057"],"phones":["+529988945269"],"brand":{"wikidata":null,"names":{"primary":null,"common":null,"rules":null}},"addresses":[{"freeform":"jurel","locality":"Lázaro Cárdenas","postcode":"77310","region":null,"country":"MX"}],"names":{"primary":"Aloha Hotel Boutique","common":null,"rules":null},"sources":[{"property":"","dataset":"meta","license":"CDLA-Permissive-2.0","record_id":"106629322112057","update_time":"2026-04-27T00:00:00.000Z","confidence":0.5784122943878174,"between":null},{"property":"/properties/confidence","dataset":"Overture","license":"CDLA-Permissive-2.0","record_id":null,"update_time":"2026-06-11T11:57:15Z","confidence":null,"between":null}],"basic_category":"hotel","taxonomy":{"primary":"hotel","hierarchy":["lodging","hotel"],"alternates":null},"version":9}},
{"id":"81db00c4-c967-400d-9547-942045f7f9b6","type":"Feature","geometry":{"type":"Point","coordinates":[-87.3747,21.52691]},"properties":{"categories":{"primary":"pharmacy","alternate":null},"confidence":0.5272631049156189,"socials":["https://www.facebook.com/115596244893481"],"brand":{"wikidata":null,"names":{"primary":null,"common":null,"rules":null}},"addresses":[{"freeform":"Av. Damero","locality":"Lázaro Cárdenas","postcode":"77310","region":null,"country":"MX"}],"names":{"primary":"Farmacias Céntrica","common":null,"rules":null},"sources":[{"property":"","dataset":"meta","license":"CDLA-Permissive-2.0","record_id":"115596244893481","update_time":"2026-04-27T00:00:00.000Z","confidence":0.5272631049156189,"between":null},{"property":"/properties/confidence","dataset":"Overture","license":"CDLA-Permissive-2.0","record_id":null,"update_time":"2026-06-11T11:57:15Z","confidence":null,"between":null}],"basic_category":"pharmacy_and_drug_store","taxonomy":{"primary":"pharmacy","hierarchy":["shopping","specialty_store","pharmacy_and_drug_store","pharmacy"],"alternates":null},"version":8}},
{"id":"5768329b-33ba-4f0f-b6ba-f65e7cffaa8b","type":"Feature","geometry":{"type":"Point","coordinates":[-87.3747,21.52691]},"properties":{"categories":{"primary":"public_and_government_association","alternate":null},"confidence":0.6304545998573303,"websites":["http://www.conanp.gob.mx/"],"emails":["javier-2211@hotmail.com"],"socials":["https://www.facebook.com/207111702803549"],"phones":["+529848752191"],"brand":{"wikidata":null,"names":{"primary":null,"common":null,"rules":null}},"addresses":[{"freeform":null,"locality":"Lázaro Cárdenas","postcode":null,"region":null,"country":"MX"}],"names":{"primary":"Área de Protección de Flora y Fauna Yum Balam","common":null,"rules":null},"sources":[{"property":"","dataset":"meta","license":"CDLA-Permissive-2.0","record_id":"207111702803549","update_time":"2026-04-27T00:00:00.000Z","confidence":0.6304545998573303,"between":null},{"property":"/properties/confidence","dataset":"Overture","license":"CDLA-Permissive-2.0","record_id":null,"update_time":"2026-06-11T11:57:15Z","confidence":null,"between":null}],"basic_category":"government_office","taxonomy":{"primary":"government_office","hierarchy":["community_and_government","government_office"],"alternates":null},"version":8}},
{"id":"d6c7e499-7e37-406f-8f5f-fc11790bd770","type":"Feature","geometry":{"type":"Point","coordinates":[-87.3747,21.52691]},"properties":{"categories":{"primary":"restaurant","alternate":null},"confidence":0.45937779545783997,"emails":["africa.holbox@gmail.com"],"socials":["https://www.facebook.com/100846219725592"],"brand":{"wikidata":null,"names":{"primary":null,"common":null,"rules":null}},"addresses":[{"freeform":null,"locality":"Lázaro Cárdenas","postcode":null,"region":null,"country":"MX"}],"names":{"primary":"África Restaurante Holbox","common":null,"rules":null},"sources":[{"property":"","dataset":"meta","license":"CDLA-Permissive-2.0","record_id":"100846219725592","update_time":"2026-04-27T00:00:00.000Z","confidence":0.45937779545783997,"between":null},{"property":"/properties/confidence","dataset":"Overture","license":"CDLA-Permissive-2.0","record_id":null,"update_time":"2026-06-11T11:57:15Z","confidence":null,"between":null}],"basic_category":"restaurant","taxonomy":{"primary":"restaurant","hierarchy":["food_and_drink","restaurant"],"alternates":null},"version":8}},
{"id":"71789545-4855-4f5e-bbc6-13ed750bb1c8","type":"Feature","geometry":{"type":"Point","coordinates":[-87.3747,21.52691]},"properties":{"categories":{"primary":"mexican_restaurant","alternate":null},"confidence":0.6110289692878723,"emails":["sales.cancun@gmail.com"],"socials":["https://www.facebook.com/343917498812600"],"phones":["+529981985956"],"brand":{"wikidata":null,"names":{"primary":null,"common":null,"rules":null}},"addresses":[{"freeform":"AV Damero","locality":"Lázaro Cárdenas","postcode":"77310","region":null,"country":"MX"}],"names":{"primary":"Amorcito Corazón Restaurante - Cantina","common":null,"rules":null},"sources":[{"property":"","dataset":"meta","license":"CDLA-Permissive-2.0","record_id":"343917498812600","update_time":"2026-04-27T00:00:00.000Z","confidence":0.6110289692878723,"between":null},{"property":"/properties/confidence","dataset":"Overture","license":"CDLA-Permissive-2.0","record_id":null,"update_time":"2026-06-11T11:57:15Z","confidence":null,"between":null}],"basic_category":"restaurant","taxonomy":{"primary":"mexican_restaurant","hierarchy":["food_and_drink","restaurant","latin_american_restaurant","mexican_restaurant"],"alternates":null},"version":8}},
{"id":"8af3d9ae-e72a-426b-9c1e-ed2de618ff55","type":"Feature","geometry":{"type":"Point","coordinates":[-87.3747099,21.52691]},"properties":{"categories":{"primary":"beach","alternate":["travel"]},"confidence":0.9221750497817993,"socials":["https://www.facebook.com/1599456257001596"],"brand":{"wikidata":null,"names":{"primary":null,"common":null,"rules":null}},"addresses":[{"freeform":null,"locality":"Lázaro Cárdenas","postcode":null,"region":null,"country":"MX"}],"names":{"primary":"Isla Holbox, Quintana Roo México","common":null,"rules":null},"sources":[{"property":"","dataset":"meta","license":"CDLA-Permissive-2.0","record_id":"1599456257001596","update_time":"2026-04-27T00:00:00.000Z","confidence":0.9221750497817993,"between":null},{"property":"/properties/confidence","dataset":"Overture","license":"CDLA-Permissive-2.0","record_id":null,"update_time":"2026-06-11T11:57:15Z","confidence":null,"between":null}],"basic_category":"beach","taxonomy":{"primary":"beach","hierarchy":["geographic_entities","land_feature","beach"],"alternates":null},"version":6}},
{"id":"6a6731d3-6e85-456c-b35a-ec0dc7009ea4","type":"Feature","geometry":{"type":"Point","coordinates":[-87.373681,21.526629]},"properties":{"categories":{"primary":"hotel","alternate":null},"confidence":0.77,"websites":["http://puntacaliza.com"],"phones":["998 316 8140"],"addresses":[{"freeform":null,"locality":"Lázaro Cárdenas","postcode":null,"region":"QROO","country":"MX"}],"names":{"primary":"Punta Caliza","common":null,"rules":null},"sources":[{"property":"","dataset":"Foursquare","license":"Apache-2.0","record_id":"5a4859bba9fe12411a4a4175","update_time":"2025-06-25T00:00:00.000","confidence":0.77,"between":null},{"property":"/properties/confidence","dataset":"Overture","license":"CDLA-Permissive-2.0","record_id":null,"update_time":"2026-06-11T11:57:15Z","confidence":null,"between":null}],"basic_category":"hotel","taxonomy":{"primary":"hotel","hierarchy":["lodging","hotel"],"alternates":null},"version":4}},
{"id":"7d9ca0e6-3f16-4d8b-8e0d-72de1b30ddc3","type":"Feature","geometry":{"type":"Point","coordinates":[-87.37368017898736,21.52624565749516]},"properties":{"categories":{"primary":"hotel","alternate":["accommodation","cabin"]},"confidence":0.9732139706611633,"emails":["facturacionholboxhostel@gmail.com"],"socials":["https://www.facebook.com/158882764123727"],"phones":["+529841145860"],"brand":{"wikidata":null,"names":{"primary":null,"common":null,"rules":null}},"addresses":[{"freeform":"AV. paseo kuka entre chac chi y robalo.","locality":"Lázaro Cárdenas","postcode":"77310","region":null,"country":"MX"}],"names":{"primary":"Residencial Privado Ida y Vuelta","common":null,"rules":null},"sources":[{"property":"","dataset":"meta","license":"CDLA-Permissive-2.0","record_id":"158882764123727","update_time":"2026-04-27T00:00:00.000Z","confidence":0.9732139706611633,"between":null},{"property":"/properties/confidence","dataset":"Overture","license":"CDLA-Permissive-2.0","record_id":null,"update_time":"2026-06-11T11:57:15Z","confidence":null,"between":null}],"basic_category":"hotel","taxonomy":{"primary":"hotel","hierarchy":["lodging","hotel"],"alternates":null},"version":2}},
{"id":"6ae59d83-9297-451c-89f9-7d6111137663","type":"Feature","geometry":{"type":"Point","coordinates":[-87.37371761,21.52612816]},"properties":{"categories":{"primary":"hostel","alternate":["cabin","lodge"]},"confidence":0.7998422384262085,"websites":["http://www.holboxhostel.com"],"emails":["info@holboxhostel.com"],"socials":["https://www.facebook.com/1617055541895020"],"phones":["+529842182774"],"brand":{"wikidata":null,"names":{"primary":null,"common":null,"rules":null}},"addresses":[{"freeform":"Calle Chac-Chi","locality":"Lázaro Cárdenas","postcode":"77310","region":null,"country":"MX"}],"names":{"primary":"Cabañas Ida y Vuelta","common":null,"rules":null},"sources":[{"property":"","dataset":"meta","license":"CDLA-Permissive-2.0","record_id":"1617055541895020","update_time":"2026-04-27T00:00:00.000Z","confidence":0.7998422384262085,"between":null},{"property":"/properties/confidence","dataset":"Overture","license":"CDLA-Permissive-2.0","record_id":null,"update_time":"2026-06-11T11:57:15Z","confidence":null,"between":null}],"basic_category":"lodging","taxonomy":{"primary":"hostel","hierarchy":["lodging","hostel"],"alternates":null},"version":10}},
{"id":"770c1d11-b879-4f95-a0f8-11bd51632811","type":"Feature","geometry":{"type":"Point","coordinates":[-87.37372149239687,21.526115920045395]},"properties":{"categories":{"primary":"hostel","alternate":null},"confidence":0.77,"websites":["http://www.holboxhostel.com"],"emails":["info@holboxhostel.com"],"socials":["https://www.twitter.com/holboxhostel","https://www.facebook.com/158882764123727"],"phones":["984 875 2358"],"addresses":[{"freeform":"Calle Plutarco Elias Calles","locality":"Isla Holbox","postcode":"77310","region":"Quintana Roo","country":"MX"}],"names":{"primary":"HOSTEL & CABANAS IDA Y VUELTA CAMPING","common":null,"rules":null},"sources":[{"property":"","dataset":"Foursquare","license":"Apache-2.0","record_id":"4e9772670039ac8af656f3b3","update_time":"2022-10-28T00:00:00.000","confidence":0.77,"between":null},{"property":"/properties/confidence","dataset":"Overture","license":"CDLA-Permissive-2.0","record_id":null,"update_time":"2026-06-11T11:57:15Z","confidence":null,"between":null}],"basic_category":"lodging","taxonomy":{"primary":"hostel","hierarchy":["lodging","hostel"],"alternates":null},"version":5}},
{"id":"45beb655-bc93-4265-a7a7-4c6222bf3d48","type":"Feature","geometry":{"type":"Point","coordinates":[-87.37403637,21.52600642]},"properties":{"categories":{"primary":"hotel","alternate":["boutique","accommodation"]},"confidence":0.9546625018119812,"websites":["http://www.elcorazon.mx/"],"emails":["info@elcorazon.mx"],"socials":["https://www.facebook.com/1199938300183231"],"phones":["+529841430235"],"brand":{"wikidata":null,"names":{"primary":"Elcorazon Σχολή Χορού","common":null,"rules":null}},"addresses":[{"freeform":"Calle Paseo Kuka entre Calle Jurel y Calle Chac-ci - 77310 - Lazaro Cardenas Calle Chac-ci Lazaro Cardenas","locality":"Lázaro Cárdenas","postcode":"77310","region":null,"country":"MX"}],"names":{"primary":"El Corazón boutique hotel","common":null,"rules":null},"sources":[{"property":"","dataset":"meta","license":"CDLA-Permissive-2.0","record_id":"1199938300183231","update_time":"2026-04-27T00:00:00.000Z","confidence":0.9546625018119812,"between":null},{"property":"/properties/confidence","dataset":"Overture","license":"CDLA-Permissive-2.0","record_id":null,"update_time":"2026-06-11T11:57:15Z","confidence":null,"between":null}],"basic_category":"hotel","taxonomy":{"primary":"hotel","hierarchy":["lodging","hotel"],"alternates":null},"version":11}},
{"id":"08c12f91-6550-4c7a-9a73-62c0dcf523ea","type":"Feature","geometry":{"type":"Point","coordinates":[-87.37382324,21.5258387]},"properties":{"categories":{"primary":"accommodation","alternate":["hotel","lodge"]},"confidence":0.9631081223487854,"websites":["https://www.instagram.com/chacchiholbox/"],"emails":["chacchi.holbox@gmail.com"],"socials":["https://www.facebook.com/107856657836454"],"phones":["+529992516560"],"brand":{"wikidata":null,"names":{"primary":null,"common":null,"rules":null}},"addresses":[{"freeform":"C. P.º Kuka entre Calle Chac-Chi","locality":"Lázaro Cárdenas","postcode":"77310","region":null,"country":"MX"}],"names":{"primary":"Chac Chi Holbox","common":null,"rules":null},"sources":[{"property":"","dataset":"meta","license":"CDLA-Permissive-2.0","record_id":"107856657836454","update_time":"2026-04-27T00:00:00.000Z","confidence":0.9631081223487854,"between":null},{"property":"/properties/confidence","dataset":"Overture","license":"CDLA-Permissive-2.0","record_id":null,"update_time":"2026-06-11T11:57:15Z","confidence":null,"between":null}],"basic_category":"lodging","taxonomy":{"primary":"lodging","hierarchy":["lodging"],"alternates":null},"version":9}},
{"id":"ba7a3a71-65c8-44c1-8740-6e91912cc657","type":"Feature","geometry":{"type":"Point","coordinates":[-87.3748025,21.52600373]},"properties":{"categories":{"primary":"hotel","alternate":["accommodation"]},"confidence":0.7819404602050781,"socials":["https://www.facebook.com/117912342215936"],"phones":["+529988945269"],"brand":{"wikidata":null,"names":{"primary":null,"common":null,"rules":null}},"addresses":[{"freeform":"C. P.º Kuka 27","locality":"Lázaro Cárdenas","postcode":"77310","region":null,"country":"MX"}],"names":{"primary":"Casa Aloha","common":null,"rules":null},"sources":[{"property":"","dataset":"meta","license":"CDLA-Permissive-2.0","record_id":"117912342215936","update_time":"2026-04-27T00:00:00.000Z","confidence":0.7819404602050781,"between":null},{"property":"/properties/confidence","dataset":"Overture","license":"CDLA-Permissive-2.0","record_id":null,"update_time":"2026-06-11T11:57:15Z","confidence":null,"between":null}],"basic_category":"hotel","taxonomy":{"primary":"hotel","hierarchy":["lodging","hotel"],"alternates":null},"version":9}},
{"id":"1a043e9b-1fe8-4883-aee5-7e5eac4fdb52","type":"Feature","geometry":{"type":"Point","coordinates":[-87.37499636,21.52618769]},"properties":{"categories":{"primary":"hotel","alternate":["accommodation","lodge"]},"confidence":0.9611873626708984,"emails":["tierramiaholbox@gmail.com"],"socials":["https://www.facebook.com/389321258075893"],"phones":["+529842128397"],"brand":{"wikidata":null,"names":{"primary":null,"common":null,"rules":null}},"addresses":[{"freeform":"Calle Gerónimo de Aguilar MZ 36 LT 10, Localidad Isla","locality":"Lázaro Cárdenas","postcode":"77310","region":null,"country":"MX"}],"names":{"primary":"Tierra Mia Hotel Boutique","common":null,"rules":null},"sources":[{"property":"","dataset":"meta","license":"CDLA-Permissive-2.0","record_id":"389321258075893","update_time":"2026-04-27T00:00:00.000Z","confidence":0.9611873626708984,"between":null},{"property":"/properties/confidence","dataset":"Overture","license":"CDLA-Permissive-2.0","record_id":null,"update_time":"2026-06-11T11:57:15Z","confidence":null,"between":null}],"basic_category":"hotel","taxonomy":{"primary":"hotel","hierarchy":["lodging","hotel"],"alternates":null},"version":5}},
{"id":"368e101b-5107-4e38-8183-1630eb51724b","type":"Feature","geometry":{"type":"Point","coordinates":[-87.37411763,21.52625452]},"properties":{"categories":{"primary":"hotel","alternate":["motel","accommodation"]},"confidence":0.9622853398323059,"socials":["https://www.facebook.com/605012583024086"],"phones":["+529841436665"],"brand":{"wikidata":null,"names":{"primary":null,"common":null,"rules":null}},"addresses":[{"freeform":"C. P.º Kuka entre Calle Chac-Chi","locality":"Lázaro Cárdenas","postcode":"77310","region":null,"country":"MX"}],"names":{"primary":"Hotel Boutique Casa Baleine","common":null,"rules":null},"sources":[{"property":"","dataset":"meta","license":"CDLA-Permissive-2.0","record_id":"605012583024086","update_time":"2026-04-27T00:00:00.000Z","confidence":0.9622853398323059,"between":null},{"property":"/properties/confidence","dataset":"Overture","license":"CDLA-Permissive-2.0","record_id":null,"update_time":"2026-06-11T11:57:15Z","confidence":null,"between":null}],"basic_category":"hotel","taxonomy":{"primary":"hotel","hierarchy":["lodging","hotel"],"alternates":null},"version":10}},
{"id":"423fd32d-c077-43e1-8a20-a1f6f93492bb","type":"Feature","geometry":{"type":"Point","coordinates":[-87.37510958568893,21.526224200244894]},"properties":{"categories":{"primary":"hotel","alternate":null},"confidence":0.77,"websites":["http://villasmargaritasholbox.com"],"phones":["984 875 2396"],"addresses":[{"freeform":null,"locality":"Isla Holbox","postcode":null,"region":"Quintana Roo","country":"MX"}],"names":{"primary":"Hotel Villa Margaritas","common":null,"rules":null},"sources":[{"property":"","dataset":"Foursquare","license":"Apache-2.0","record_id":"56db313f498eac83871b89b9","update_time":"2025-11-10T00:00:00.000","confidence":0.77,"between":null},{"property":"/properties/confidence","dataset":"Overture","license":"CDLA-Permissive-2.0","record_id":null,"update_time":"2026-06-11T11:57:15Z","confidence":null,"between":null}],"basic_category":"hotel","taxonomy":{"primary":"hotel","hierarchy":["lodging","hotel"],"alternates":null},"version":2}},
{"id":"7e504542-5922-4339-9e48-03e0f0d65761","type":"Feature","geometry":{"type":"Point","coordinates":[-87.37517709,21.525971]},"properties":{"categories":{"primary":"fishing_charter","alternate":null},"confidence":0.06709195673465729,"websites":["http://vivaflyfishing.com/"],"emails":["info@vivaflyfishing.com"],"socials":["https://www.facebook.com/119967524372831"],"brand":{"wikidata":null,"names":{"primary":null,"common":null,"rules":null}},"addresses":[{"freeform":"Calle Jurel M3l2","locality":"Lázaro Cárdenas","postcode":"77310","region":null,"country":"MX"}],"names":{"primary":"VIVA Fly Fishing","common":null,"rules":null},"sources":[{"property":"","dataset":"meta","license":"CDLA-Permissive-2.0","record_id":"119967524372831","update_time":"2026-04-27T00:00:00.000Z","confidence":0.06709195673465729,"between":null},{"property":"/properties/confidence","dataset":"Overture","license":"CDLA-Permissive-2.0","record_id":null,"update_time":"2026-06-11T11:57:15Z","confidence":null,"between":null}],"basic_category":"sport_or_fitness_facility","taxonomy":{"primary":"fishing_charter","hierarchy":["sports_and_recreation","sport_or_fitness_facility","water_sport","fishing","fishing_charter"],"alternates":null},"version":8}},
{"id":"fbee611f-9145-457a-8fbc-5d30fc41aaec","type":"Feature","geometry":{"type":"Point","coordinates":[-87.37766951,21.52590837]},"properties":{"categories":{"primary":"hotel","alternate":["lodge","accommodation"]},"confidence":0.9187778234481812,"websites":["http://www.mawimbi.net"],"emails":["info@mawimbi.net"],"socials":["https://www.facebook.com/362356804141370"],"phones":["+529843162830"],"brand":{"wikidata":null,"names":{"primary":"Hotel Mawimbi - Holbox Mexico","common":null,"rules":null}},"addresses":[{"freeform":"Av. Damero 1, LT 1","locality":"Lázaro Cárdenas","postcode":"77310","region":null,"country":"MX"}],"names":{"primary":"Posada Mawimbi","common":null,"rules":null},"sources":[{"property":"","dataset":"meta","license":"CDLA-Permissive-2.0","record_id":"362356804141370","update_time":"2026-04-27T00:00:00.000Z","confidence":0.9187778234481812,"between":null},{"property":"/properties/confidence","dataset":"Overture","license":"CDLA-Permissive-2.0","record_id":null,"update_time":"2026-06-11T11:57:15Z","confidence":null,"between":null}],"basic_category":"hotel","taxonomy":{"primary":"hotel","hierarchy":["lodging","hotel"],"alternates":null},"version":10}},
{"id":"2c0190bf-d33d-4c99-b1d8-2789f347cb0e","type":"Feature","geometry":{"type":"Point","coordinates":[-87.377842,21.525975]},"properties":{"categories":{"primary":"bar","alternate":["restaurant","pub"]},"confidence":0.817701518535614,"websites":["http://www.hotelholboxisland.com/page.aspx?lng=en&id=20"],"socials":["https://www.facebook.com/212212459218343"],"phones":["+529848752003"],"brand":{"wikidata":null,"names":{"primary":null,"common":null,"rules":null}},"addresses":[{"freeform":"Calle Igualdad S/n","locality":"Lázaro Cárdenas","postcode":"77310","region":null,"country":"MX"}],"names":{"primary":"Barquito","common":null,"rules":null},"sources":[{"property":"","dataset":"meta","license":"CDLA-Permissive-2.0","record_id":"212212459218343","update_time":"2026-04-27T00:00:00.000Z","confidence":0.817701518535614,"between":null},{"property":"/properties/confidence","dataset":"Overture","license":"CDLA-Permissive-2.0","record_id":null,"update_time":"2026-06-11T11:57:15Z","confidence":null,"between":null}],"basic_category":"bar","taxonomy":{"primary":"bar","hierarchy":["food_and_drink","alcoholic_beverage_venue","bar"],"alternates":null},"version":3}},
{"id":"dc669d3b-7a9d-40e7-a4bb-207c24f5a059","type":"Feature","geometry":{"type":"Point","coordinates":[-87.37778998701486,21.526083671838247]},"properties":{"categories":{"primary":"hotel","alternate":null},"confidence":0.77,"websites":["http://mawimbi.com"],"phones":["984 875 2003"],"addresses":[{"freeform":"HOLBOX ISLAND Calle Igualdad","locality":"Isla Holbox","postcode":"77310","region":"Mexico","country":"MX"}],"names":{"primary":"Hotel Mawimbi","common":null,"rules":null},"sources":[{"property":"","dataset":"Foursquare","license":"Apache-2.0","record_id":"4ce1cf79c4f6a35ddd64dd6c","update_time":"2025-12-06T00:00:00.000","confidence":0.77,"between":null},{"property":"/properties/confidence","dataset":"Overture","license":"CDLA-Permissive-2.0","record_id":null,"update_time":"2026-06-11T11:57:15Z","confidence":null,"between":null}],"basic_category":"hotel","taxonomy":{"primary":"hotel","hierarchy":["lodging","hotel"],"alternates":null},"version":5}},
{"id":"7f2fa7db-0e49-4377-bd97-9f3121d65591","type":"Feature","geometry":{"type":"Point","coordinates":[-87.37579714,21.52644795]},"properties":{"categories":{"primary":"fishing_charter","alternate":null},"confidence":0.5952889323234558,"emails":["mrsandfleaholbox1@hotmail.com"],"socials":["https://www.facebook.com/103102455768795"],"phones":["+529841575837"],"brand":{"wikidata":null,"names":{"primary":null,"common":null,"rules":null}},"addresses":[{"freeform":"Av. Damero","locality":"Lázaro Cárdenas","postcode":"77310","region":null,"country":"MX"}],"names":{"primary":"Tarpon Club Isla Holbox (Sandflea)","common":null,"rules":null},"sources":[{"property":"","dataset":"meta","license":"CDLA-Permissive-2.0","record_id":"103102455768795","update_time":"2026-04-27T00:00:00.000Z","confidence":0.5952889323234558,"between":null},{"property":"/properties/confidence","dataset":"Overture","license":"CDLA-Permissive-2.0","record_id":null,"update_time":"2026-06-11T11:57:15Z","confidence":null,"between":null}],"basic_category":"sport_or_fitness_facility","taxonomy":{"primary":"fishing_charter","hierarchy":["sports_and_recreation","sport_or_fitness_facility","water_sport","fishing","fishing_charter"],"alternates":null},"version":2}},
{"id":"aa50407d-44af-49a4-b9b9-2e1421a79298","type":"Feature","geometry":{"type":"Point","coordinates":[-87.375687,21.526583]},"properties":{"categories":{"primary":"beach","alternate":["hotel","island"]},"confidence":0.8428632020950317,"socials":["https://www.facebook.com/1705534886409677"],"brand":{"wikidata":null,"names":{"primary":null,"common":null,"rules":null}},"addresses":[{"freeform":"","locality":"Lázaro Cárdenas","postcode":"","region":null,"country":"MX"}],"names":{"primary":"Playa Holbox","common":null,"rules":null},"sources":[{"property":"","dataset":"meta","license":"CDLA-Permissive-2.0","record_id":"1705534886409677","update_time":"2026-04-27T00:00:00.000Z","confidence":0.8428632020950317,"between":null},{"property":"/properties/confidence","dataset":"Overture","license":"CDLA-Permissive-2.0","record_id":null,"update_time":"2026-06-11T11:57:15Z","confidence":null,"between":null}],"basic_category":"beach","taxonomy":{"primary":"beach","hierarchy":["geographic_entities","land_feature","beach"],"alternates":null},"version":6}},
{"id":"48235d8d-3647-4346-a5e4-0733b0e3175d","type":"Feature","geometry":{"type":"Point","coordinates":[-87.37629699707,21.526557305188]},"properties":{"confidence":0.5643212199211121,"socials":["https://www.facebook.com/210339635495500"],"brand":{"wikidata":null,"names":{"primary":null,"common":null,"rules":null}},"addresses":[{"freeform":"Av. Damero","locality":"Lázaro Cárdenas","postcode":"77310","region":null,"country":"MX"}],"names":{"primary":"Restaurante EHUAN","common":null,"rules":null},"sources":[{"property":"","dataset":"meta","license":"CDLA-Permissive-2.0","record_id":"210339635495500","update_time":"2026-04-27T00:00:00.000Z","confidence":0.5643212199211121,"between":null},{"property":"/properties/confidence","dataset":"Overture","license":"CDLA-Permissive-2.0","record_id":null,"update_time":"2026-06-11T11:57:15Z","confidence":null,"between":null}],"version":2}},
{"id":"9a34f918-4006-426f-bc95-b5a91d2ada8d","type":"Feature","geometry":{"type":"Point","coordinates":[-87.3761684,21.52672327]},"properties":{"categories":{"primary":"ice_cream_shop","alternate":["smoothie_juice_bar","gelato"]},"confidence":0.3293917179107666,"socials":["https://www.facebook.com/393265080546924"],"brand":{"wikidata":null,"names":{"primary":null,"common":null,"rules":null}},"addresses":[{"freeform":"Isla Holbox, Av. Damero","locality":"Lázaro Cárdenas","postcode":"77310","region":null,"country":"MX"}],"names":{"primary":"Gluglü","common":null,"rules":null},"sources":[{"property":"","dataset":"meta","license":"CDLA-Permissive-2.0","record_id":"393265080546924","update_time":"2026-04-27T00:00:00.000Z","confidence":0.3293917179107666,"between":null},{"property":"/properties/confidence","dataset":"Overture","license":"CDLA-Permissive-2.0","record_id":null,"update_time":"2026-06-11T11:57:15Z","confidence":null,"between":null}],"basic_category":"casual_eatery","taxonomy":{"primary":"ice_cream_shop","hierarchy":["food_and_drink","casual_eatery","dessert_shop","ice_cream_shop"],"alternates":null},"version":8}},
{"id":"495c4d28-1c74-4545-9051-3976c9bc278a","type":"Feature","geometry":{"type":"Point","coordinates":[-87.37595485,21.52686025]},"properties":{"categories":{"primary":"restaurant","alternate":["bar_and_grill_restaurant"]},"confidence":0.4048016667366028,"socials":["https://www.facebook.com/112215090913597"],"phones":["+529841517024"],"brand":{"wikidata":null,"names":{"primary":null,"common":null,"rules":null}},"addresses":[{"freeform":"Av. Damero","locality":"Lázaro Cárdenas","postcode":"77310","region":null,"country":"MX"}],"names":{"primary":"Nacheria Dafi Johns","common":null,"rules":null},"sources":[{"property":"","dataset":"meta","license":"CDLA-Permissive-2.0","record_id":"112215090913597","update_time":"2026-04-27T00:00:00.000Z","confidence":0.4048016667366028,"between":null},{"property":"/properties/confidence","dataset":"Overture","license":"CDLA-Permissive-2.0","record_id":null,"update_time":"2026-06-11T11:57:15Z","confidence":null,"between":null}],"basic_category":"restaurant","taxonomy":{"primary":"restaurant","hierarchy":["food_and_drink","restaurant"],"alternates":null},"version":9}},
{"id":"d61ef628-6b52-4a4a-b011-cbd537525b65","type":"Feature","geometry":{"type":"Point","coordinates":[-87.376952,21.526816]},"properties":{"categories":{"primary":"caribbean_restaurant","alternate":["live_and_raw_food_restaurant","seafood_restaurant"]},"confidence":0.786628007888794,"socials":["https://www.facebook.com/366526063718135"],"brand":{"wikidata":null,"names":{"primary":null,"common":null,"rules":null}},"addresses":[{"freeform":"","locality":"Lázaro Cárdenas","postcode":"","region":null,"country":"MX"}],"names":{"primary":"El Ñañas","common":null,"rules":null},"sources":[{"property":"","dataset":"meta","license":"CDLA-Permissive-2.0","record_id":"366526063718135","update_time":"2026-04-27T00:00:00.000Z","confidence":0.786628007888794,"between":null},{"property":"/properties/confidence","dataset":"Overture","license":"CDLA-Permissive-2.0","record_id":null,"update_time":"2026-06-11T11:57:15Z","confidence":null,"between":null}],"basic_category":"restaurant","taxonomy":{"primary":"caribbean_restaurant","hierarchy":["food_and_drink","restaurant","latin_american_restaurant","caribbean_restaurant"],"alternates":null},"version":9}},
{"id":"6c688eb2-96d8-4df8-a008-ed98c6072147","type":"Feature","geometry":{"type":"Point","coordinates":[-87.377056,21.526788]},"properties":{"categories":{"primary":"seafood_restaurant","alternate":null},"confidence":0.3534191846847534,"socials":["https://www.facebook.com/416615682433283"],"brand":{"wikidata":null,"names":{"primary":null,"common":null,"rules":null}},"addresses":[{"freeform":"","locality":"Lázaro Cárdenas","postcode":"","region":null,"country":"MX"}],"names":{"primary":"Las Empanadas","common":null,"rules":null},"sources":[{"property":"","dataset":"meta","license":"CDLA-Permissive-2.0","record_id":"416615682433283","update_time":"2026-04-27T00:00:00.000Z","confidence":0.3534191846847534,"between":null},{"property":"/properties/confidence","dataset":"Overture","license":"CDLA-Permissive-2.0","record_id":null,"update_time":"2026-06-11T11:57:15Z","confidence":null,"between":null}],"basic_category":"restaurant","taxonomy":{"primary":"seafood_restaurant","hierarchy":["food_and_drink","restaurant","seafood_restaurant"],"alternates":null},"version":7}},
{"id":"b0566149-04ae-4ba5-bd15-07a863969e37","type":"Feature","geometry":{"type":"Point","coordinates":[-87.37861005,21.5259099]},"properties":{"categories":{"primary":"hotel","alternate":["accommodation","inn"]},"confidence":0.5807655453681946,"socials":["https://www.facebook.com/368318076697220"],"phones":["+529981705442"],"brand":{"wikidata":null,"names":{"primary":null,"common":null,"rules":null}},"addresses":[{"freeform":"OTRO (ESPECIFIQUE) MAR","locality":"Lázaro Cárdenas","postcode":"77310","region":null,"country":"MX"}],"names":{"primary":"Hotel Casa Maya","common":null,"rules":null},"sources":[{"property":"","dataset":"meta","license":"CDLA-Permissive-2.0","record_id":"368318076697220","update_time":"2026-04-27T00:00:00.000Z","confidence":0.5807655453681946,"between":null},{"property":"/properties/confidence","dataset":"Overture","license":"CDLA-Permissive-2.0","record_id":null,"update_time":"2026-06-11T11:57:15Z","confidence":null,"between":null}],"basic_category":"hotel","taxonomy":{"primary":"hotel","hierarchy":["lodging","hotel"],"alternates":null},"version":9}},
{"id":"b66958c6-4de2-40fe-9373-6ae4cc3f17a0","type":"Feature","geometry":{"type":"Point","coordinates":[-87.37826728,21.52585487]},"properties":{"categories":{"primary":"japanese_restaurant","alternate":["sushi_restaurant","restaurant"]},"confidence":0.5390374660491943,"socials":["https://www.facebook.com/107776310849508"],"brand":{"wikidata":null,"names":{"primary":null,"common":null,"rules":null}},"addresses":[{"freeform":"Av Damero mza 23 lote 3 ( at hotel casa las tortugas Centro","locality":"Lázaro Cárdenas","postcode":"77310","region":null,"country":"MX"}],"names":{"primary":"AMA Japanese Restaurant","common":null,"rules":null},"sources":[{"property":"","dataset":"meta","license":"CDLA-Permissive-2.0","record_id":"107776310849508","update_time":"2026-04-27T00:00:00.000Z","confidence":0.5390374660491943,"between":null},{"property":"/properties/confidence","dataset":"Overture","license":"CDLA-Permissive-2.0","record_id":null,"update_time":"2026-06-11T11:57:15Z","confidence":null,"between":null}],"basic_category":"restaurant","taxonomy":{"primary":"japanese_restaurant","hierarchy":["food_and_drink","restaurant","asian_restaurant","east_asian_restaurant","japanese_restaurant"],"alternates":null},"version":9}},
{"id":"8998ee49-2fc7-4119-a48e-761da30da6ad","type":"Feature","geometry":{"type":"Point","coordinates":[-87.37809906,21.52588356]},"properties":{"categories":{"primary":"restaurant","alternate":["bar","beach"]},"confidence":0.9746907156705856,"websites":["http://www.holboxcasalastortugas.com"],"emails":["patrick@islaholbox.eu"],"socials":["https://www.facebook.com/325469770863824"],"phones":["+529848752129"],"brand":{"wikidata":null,"names":{"primary":"Hotel Casa Las Tortugas - Holbox","common":null,"rules":null}},"addresses":[{"freeform":"Calle Igualdad s/n","locality":"Lázaro Cárdenas","postcode":"77310","region":null,"country":"MX"}],"names":{"primary":"Mandarina","common":null,"rules":null},"sources":[{"property":"","dataset":"meta","license":"CDLA-Permissive-2.0","record_id":"325469770863824","update_time":"2026-04-27T00:00:00.000Z","confidence":0.8899596333503723,"between":null},{"property":"/properties/confidence","dataset":"Overture","license":"CDLA-Permissive-2.0","record_id":null,"update_time":"2026-06-11T11:57:15Z","confidence":null,"between":null}],"basic_category":"restaurant","taxonomy":{"primary":"restaurant","hierarchy":["food_and_drink","restaurant"],"alternates":null},"version":9}},
{"id":"8eb01a25-e24a-4e42-bdca-dc106a9ec3e3","type":"Feature","geometry":{"type":"Point","coordinates":[-87.37790026,21.52575933]},"properties":{"categories":{"primary":"hotel","alternate":["accommodation","lodge"]},"confidence":0.9967231076955795,"websites":["http://www.holboxcasalastortugas.com/"],"emails":["info@islaholbox.eu"],"socials":["https://www.facebook.com/273864622187"],"phones":["+529841339518"],"brand":{"wikidata":null,"names":{"primary":"Hotel Casa Las Tortugas - Holbox","common":null,"rules":null}},"addresses":[{"freeform":"Av. Damero MZ 24 LT 3","locality":"Lázaro Cárdenas","postcode":"77310","region":null,"country":"MX"}],"names":{"primary":"Casa Las Tortugas","common":null,"rules":null},"sources":[{"property":"","dataset":"meta","license":"CDLA-Permissive-2.0","record_id":"273864622187","update_time":"2026-04-27T00:00:00.000Z","confidence":0.9857526421546936,"between":null},{"property":"/properties/confidence","dataset":"Overture","license":"CDLA-Permissive-2.0","record_id":null,"update_time":"2026-06-11T11:57:15Z","confidence":null,"between":null}],"basic_category":"hotel","taxonomy":{"primary":"hotel","hierarchy":["lodging","hotel"],"alternates":null},"version":10}},
{"id":"d6416a45-0de1-4448-8bc8-ec646b6c72f0","type":"Feature","geometry":{"type":"Point","coordinates":[-87.37878174,21.52573974]},"properties":{"categories":{"primary":"bar_and_grill_restaurant","alternate":["seafood_restaurant","restaurant"]},"confidence":0.9241103529930115,"socials":["https://www.facebook.com/1026968643989528"],"phones":["+529982285241"],"brand":{"wikidata":null,"names":{"primary":null,"common":null,"rules":null}},"addresses":[{"freeform":"Playa frente al mar, Zona federal, P.º Carey","locality":"Lázaro Cárdenas","postcode":"77310","region":null,"country":"MX"}],"names":{"primary":"Carioca's Restaurant and Beach Club","common":null,"rules":null},"sources":[{"property":"","dataset":"meta","license":"CDLA-Permissive-2.0","record_id":"1026968643989528","update_time":"2026-04-27T00:00:00.000Z","confidence":0.9241103529930115,"between":null},{"property":"/properties/confidence","dataset":"Overture","license":"CDLA-Permissive-2.0","record_id":null,"update_time":"2026-06-11T11:57:15Z","confidence":null,"between":null}],"basic_category":"restaurant","taxonomy":{"primary":"bar_and_grill_restaurant","hierarchy":["food_and_drink","restaurant","bar_and_grill_restaurant"],"alternates":null},"version":10}},
{"id":"bf0dc51e-e68f-4ecd-8d54-23dc0a7d877e","type":"Feature","geometry":{"type":"Point","coordinates":[-87.37899474,21.52567805]},"properties":{"categories":{"primary":"seafood_restaurant","alternate":["bar","lounge"]},"confidence":0.9781116247177124,"emails":["capitanhx@gmail.com"],"socials":["https://www.facebook.com/105994741234226"],"phones":["+529841009118"],"brand":{"wikidata":null,"names":{"primary":null,"common":null,"rules":null}},"addresses":[{"freeform":"Municipio de Lázaro Cárdenas Holbox","locality":"Lázaro Cárdenas","postcode":"77310","region":null,"country":"MX"}],"names":{"primary":"Capitán Capitán Beach Club","common":null,"rules":null},"sources":[{"property":"","dataset":"meta","license":"CDLA-Permissive-2.0","record_id":"105994741234226","update_time":"2026-04-27T00:00:00.000Z","confidence":0.9781116247177124,"between":null},{"property":"/properties/confidence","dataset":"Overture","license":"CDLA-Permissive-2.0","record_id":null,"update_time":"2026-06-11T11:57:15Z","confidence":null,"between":null}],"basic_category":"restaurant","taxonomy":{"primary":"seafood_restaurant","hierarchy":["food_and_drink","restaurant","seafood_restaurant"],"alternates":null},"version":10}},
{"id":"21f2acbb-da0a-4463-8826-82aea6aed4c3","type":"Feature","geometry":{"type":"Point","coordinates":[-87.37866257,21.52568444]},"properties":{"categories":{"primary":"bar","alternate":["caribbean_restaurant","restaurant"]},"confidence":0.4635815918445587,"socials":["https://www.facebook.com/384951931520396"],"phones":["+529842342332"],"brand":{"wikidata":null,"names":{"primary":null,"common":null,"rules":null}},"addresses":[{"freeform":"","locality":"Lázaro Cárdenas","postcode":"77310","region":null,"country":"MX"}],"names":{"primary":"Carioca's Beach Bar","common":null,"rules":null},"sources":[{"property":"","dataset":"meta","license":"CDLA-Permissive-2.0","record_id":"384951931520396","update_time":"2026-04-27T00:00:00.000Z","confidence":0.4635815918445587,"between":null},{"property":"/properties/confidence","dataset":"Overture","license":"CDLA-Permissive-2.0","record_id":null,"update_time":"2026-06-11T11:57:15Z","confidence":null,"between":null}],"basic_category":"bar","taxonomy":{"primary":"bar","hierarchy":["food_and_drink","alcoholic_beverage_venue","bar"],"alternates":null},"version":10}},
{"id":"34ed6817-4425-48ed-bf9e-03d49f236ae7","type":"Feature","geometry":{"type":"Point","coordinates":[-87.378771,21.525541]},"properties":{"categories":{"primary":"beach","alternate":["restaurant","arts_and_entertainment"]},"confidence":0.6832126379013062,"socials":["https://www.facebook.com/270615416354842"],"brand":{"wikidata":null,"names":{"primary":null,"common":null,"rules":null}},"addresses":[{"freeform":"","locality":"Lázaro Cárdenas","postcode":"77310","region":null,"country":"MX"}],"names":{"primary":"Cariocas Beach Club","common":null,"rules":null},"sources":[{"property":"","dataset":"meta","license":"CDLA-Permissive-2.0","record_id":"270615416354842","update_time":"2026-04-27T00:00:00.000Z","confidence":0.6832126379013062,"between":null},{"property":"/properties/confidence","dataset":"Overture","license":"CDLA-Permissive-2.0","record_id":null,"update_time":"2026-06-11T11:57:15Z","confidence":null,"between":null}],"basic_category":"beach","taxonomy":{"primary":"beach","hierarchy":["geographic_entities","land_feature","beach"],"alternates":null},"version":8}},
{"id":"85c333bf-1077-4177-b348-6ff323c00d18","type":"Feature","geometry":{"type":"Point","coordinates":[-87.37795578,21.52548918]},"properties":{"categories":{"primary":"boutique","alternate":["flowers_and_gifts_shop","souvenir_shop"]},"confidence":0.846311628818512,"websites":["https://www.instagram.com/lebazaarholbox/"],"emails":["chloe@lebazaar.mx"],"socials":["https://www.facebook.com/1704822626423574"],"phones":["+529848048597"],"brand":{"wikidata":null,"names":{"primary":null,"common":null,"rules":null}},"addresses":[{"freeform":"Yucatan, Calle Sierra entre Av. Damero Mza. 16, MZ y 001","locality":"Lázaro Cárdenas","postcode":"77310","region":null,"country":"MX"}],"names":{"primary":"Le Bazaar Boutique","common":null,"rules":null},"sources":[{"property":"","dataset":"meta","license":"CDLA-Permissive-2.0","record_id":"1704822626423574","update_time":"2026-04-27T00:00:00.000Z","confidence":0.846311628818512,"between":null},{"property":"/properties/confidence","dataset":"Overture","license":"CDLA-Permissive-2.0","record_id":null,"update_time":"2026-06-11T11:57:15Z","confidence":null,"between":null}],"basic_category":"fashion_and_apparel_store","taxonomy":{"primary":"fashion_boutique","hierarchy":["shopping","fashion_and_apparel_store","fashion_boutique"],"alternates":null},"version":9}},
{"id":"404309c5-b113-4cc3-95ab-24c0d6ee9b96","type":"Feature","geometry":{"type":"Point","coordinates":[-87.37787,21.52549]},"properties":{"categories":{"primary":"canoe_and_kayak_hire_service","alternate":["sightseeing_tour_agency","tours"]},"confidence":0.6070520281791687,"websites":["https://www.holboxtreme.com/"],"emails":["info@holboxtreme.com"],"socials":["https://www.facebook.com/1440796066189509"],"phones":["+522281496475"],"brand":{"wikidata":null,"names":{"primary":null,"common":null,"rules":null}},"addresses":[{"freeform":"Playa Hotel Casa Tortugas","locality":"Lázaro Cárdenas","postcode":"77310","region":null,"country":"MX"}],"names":{"primary":"Sailing Holbox","common":null,"rules":null},"sources":[{"property":"","dataset":"meta","license":"CDLA-Permissive-2.0","record_id":"1440796066189509","update_time":"2026-04-27T00:00:00.000Z","confidence":0.6070520281791687,"between":null},{"property":"/properties/confidence","dataset":"Overture","license":"CDLA-Permissive-2.0","record_id":null,"update_time":"2026-06-11T11:57:15Z","confidence":null,"between":null}],"basic_category":"recreational_equipment_rental","taxonomy":{"primary":"canoe_and_kayak_hire_service","hierarchy":["sports_and_recreation","recreational_equipment_rental","canoe_and_kayak_hire_service"],"alternates":null},"version":5}},
{"id":"6d171a29-e7a7-4692-a6c9-07cf1adcf271","type":"Feature","geometry":{"type":"Point","coordinates":[-87.3778968,21.52547179]},"properties":{"categories":{"primary":"hotel","alternate":["spas","lodge"]},"confidence":0.6066858768463135,"emails":["info@islaholbox.eu"],"socials":["https://www.facebook.com/128382497702646"],"phones":["+529848752129"],"brand":{"wikidata":null,"names":{"primary":null,"common":null,"rules":null}},"addresses":[{"freeform":"Calle Igualdad s/n","locality":"Lázaro Cárdenas","postcode":"77310","region":null,"country":"MX"}],"names":{"primary":"Casa las Tortugas Petit Beach Hotel and Spa","common":null,"rules":null},"sources":[{"property":"","dataset":"meta","license":"CDLA-Permissive-2.0","record_id":"128382497702646","update_time":"2026-04-27T00:00:00.000Z","confidence":0.6066858768463135,"between":null},{"property":"/properties/confidence","dataset":"Overture","license":"CDLA-Permissive-2.0","record_id":null,"update_time":"2026-06-11T11:57:15Z","confidence":null,"between":null}],"basic_category":"hotel","taxonomy":{"primary":"hotel","hierarchy":["lodging","hotel"],"alternates":null},"version":10}},
{"id":"d7c17ef4-19c0-43a4-b9ff-e872a62daf99","type":"Feature","geometry":{"type":"Point","coordinates":[-87.37798609274748,21.52539220447096]},"properties":{"categories":{"primary":"cocktail_bar","alternate":["bar","restaurant"]},"confidence":0.9963342088460923,"websites":["https://holboxcasalastortugas.com/qrluuma"],"emails":["bar@islaholbox.eu"],"socials":["https://www.facebook.com/1700792616848739"],"phones":["+529848752129"],"brand":{"wikidata":null,"names":{"primary":"Hotel Casa Las Tortugas - Holbox","common":null,"rules":null}},"addresses":[{"freeform":"Isla Holbox","locality":"Lázaro Cárdenas","postcode":"77310","region":null,"country":"MX"}],"names":{"primary":"LUUMA Gathering Bar Holbox","common":null,"rules":null},"sources":[{"property":"","dataset":"meta","license":"CDLA-Permissive-2.0","record_id":"1700792616848739","update_time":"2026-04-27T00:00:00.000Z","confidence":0.9840617775917053,"between":null},{"property":"/properties/confidence","dataset":"Overture","license":"CDLA-Permissive-2.0","record_id":null,"update_time":"2026-06-11T11:57:15Z","confidence":null,"between":null}],"basic_category":"bar","taxonomy":{"primary":"cocktail_bar","hierarchy":["food_and_drink","alcoholic_beverage_venue","bar","cocktail_bar"],"alternates":null},"version":9}},
{"id":"67dc7211-cfa1-4a7c-92ef-b36a6583cc4b","type":"Feature","geometry":{"type":"Point","coordinates":[-87.37791349,21.52534573]},"properties":{"categories":{"primary":"transportation","alternate":["business_to_business_services"]},"confidence":0.2498016208410263,"websites":["https://www.flights-holbox.com/"],"emails":["flightsholbox@gmail.com"],"socials":["https://www.facebook.com/1283110265115769"],"phones":["+529841368852"],"brand":{"wikidata":null,"names":{"primary":null,"common":null,"rules":null}},"addresses":[{"freeform":"Calle Av Damero Calle Sierra next to Luuma Holbox Island","locality":"Lázaro Cárdenas","postcode":"77310","region":null,"country":"MX"}],"names":{"primary":"Flights Holbox","common":null,"rules":null},"sources":[{"property":"","dataset":"meta","license":"CDLA-Permissive-2.0","record_id":"1283110265115769","update_time":"2026-04-27T00:00:00.000Z","confidence":0.2498016208410263,"between":null},{"property":"/properties/confidence","dataset":"Overture","license":"CDLA-Permissive-2.0","record_id":null,"update_time":"2026-06-11T11:57:15Z","confidence":null,"between":null}],"taxonomy":{"primary":"travel_and_transportation","hierarchy":["travel_and_transportation"],"alternates":null},"version":8}},
{"id":"ea68db39-afba-4eab-8353-5bab2a9956a7","type":"Feature","geometry":{"type":"Point","coordinates":[-87.37791117,21.52534791]},"properties":{"categories":{"primary":"kiteboarding","alternate":["sports_and_fitness_instruction","sports_and_recreation_venue"]},"confidence":0.7450848817825317,"websites":["http://www.holboxkiteboarding.com/"],"emails":["hks@islaholbox.eu"],"socials":["https://www.facebook.com/104772909594062"],"phones":["+529843197210"],"brand":{"wikidata":null,"names":{"primary":"Holbox Kiteboarding","common":null,"rules":null}},"addresses":[{"freeform":"Av. Damero","locality":"Lázaro Cárdenas","postcode":"77310","region":null,"country":"MX"}],"names":{"primary":"Holbox kiteboarding school","common":null,"rules":null},"sources":[{"property":"","dataset":"meta","license":"CDLA-Permissive-2.0","record_id":"104772909594062","update_time":"2026-04-27T00:00:00.000Z","confidence":0.7450848817825317,"between":null},{"property":"/properties/confidence","dataset":"Overture","license":"CDLA-Permissive-2.0","record_id":null,"update_time":"2026-06-11T11:57:15Z","confidence":null,"between":null}],"basic_category":"sport_or_fitness_facility","taxonomy":{"primary":"kiteboarding","hierarchy":["sports_and_recreation","sport_or_fitness_facility","kiteboarding"],"alternates":null},"version":10}},
{"id":"f2046a50-9521-43bb-9174-b02ab7a90a1c","type":"Feature","geometry":{"type":"Point","coordinates":[-87.37859,21.525256]},"properties":{"categories":{"primary":"arts_and_entertainment","alternate":["bar","restaurant"]},"confidence":0.5161393284797668,"socials":["https://www.facebook.com/395119050580931"],"brand":{"wikidata":null,"names":{"primary":null,"common":null,"rules":null}},"addresses":[{"freeform":"","locality":"Lázaro Cárdenas","postcode":"","region":null,"country":"MX"}],"names":{"primary":"Disco Cariocas","common":null,"rules":null},"sources":[{"property":"","dataset":"meta","license":"CDLA-Permissive-2.0","record_id":"395119050580931","update_time":"2026-04-27T00:00:00.000Z","confidence":0.5161393284797668,"between":null},{"property":"/properties/confidence","dataset":"Overture","license":"CDLA-Permissive-2.0","record_id":null,"update_time":"2026-06-11T11:57:15Z","confidence":null,"between":null}],"taxonomy":{"primary":"arts_and_entertainment","hierarchy":["arts_and_entertainment"],"alternates":null},"version":8}},
{"id":"8d1f2125-3b11-46ca-a23e-6c13a2232c6b","type":"Feature","geometry":{"type":"Point","coordinates":[-87.37926718,21.52519536]},"properties":{"categories":{"primary":"tours","alternate":null},"confidence":0.7124541997909546,"websites":["https://holboxtiburonballena.com/"],"emails":["info@holboxwhalesharktours.com"],"socials":["https://www.facebook.com/886627801499249"],"phones":["+529848752173"],"brand":{"wikidata":null,"names":{"primary":"Holbox Whale Shark Tours","common":null,"rules":null}},"addresses":[{"freeform":"Calle Bravo frente La Playa","locality":"Lázaro Cárdenas","postcode":"77310","region":null,"country":"MX"}],"names":{"primary":"Holbox Whale Shark Tours","common":null,"rules":null},"sources":[{"property":"","dataset":"meta","license":"CDLA-Permissive-2.0","record_id":"886627801499249","update_time":"2026-04-27T00:00:00.000Z","confidence":0.7124541997909546,"between":null},{"property":"/properties/confidence","dataset":"Overture","license":"CDLA-Permissive-2.0","record_id":null,"update_time":"2026-06-11T11:57:15Z","confidence":null,"between":null}],"basic_category":"travel_service","taxonomy":{"primary":"tour_operator","hierarchy":["travel_and_transportation","travel_service","tour_operator"],"alternates":null},"version":5}},
{"id":"27980a25-8c16-4a33-8885-ae20c215ff7e","type":"Feature","geometry":{"type":"Point","coordinates":[-87.37927235,21.52518515]},"properties":{"categories":{"primary":"hotel","alternate":["accommodation","motel"]},"confidence":0.981031060218811,"websites":["http://hoteldiosakali.com/"],"emails":["ladiosareservaciones@gmail.com"],"socials":["https://www.facebook.com/113873497024655"],"phones":["+529842085050"],"brand":{"wikidata":null,"names":{"primary":null,"common":null,"rules":null}},"addresses":[{"freeform":"P.º Carey 17","locality":"Lázaro Cárdenas","postcode":"77310","region":null,"country":"MX"}],"names":{"primary":"La Diosa Kali","common":null,"rules":null},"sources":[{"property":"","dataset":"meta","license":"CDLA-Permissive-2.0","record_id":"113873497024655","update_time":"2026-04-27T00:00:00.000Z","confidence":0.981031060218811,"between":null},{"property":"/properties/confidence","dataset":"Overture","license":"CDLA-Permissive-2.0","record_id":null,"update_time":"2026-06-11T11:57:15Z","confidence":null,"between":null}],"basic_category":"hotel","taxonomy":{"primary":"hotel","hierarchy":["lodging","hotel"],"alternates":null},"version":10}},
{"id":"41545dc3-1541-4030-b428-60c88937d790","type":"Feature","geometry":{"type":"Point","coordinates":[-87.37954108,21.52517449]},"properties":{"categories":{"primary":"bar_and_grill_restaurant","alternate":["cocktail_bar","bar"]},"confidence":0.9627331042289734,"websites":["http://www.tabernasalma.com"],"emails":["tabernasalma@gmail.com"],"socials":["https://www.facebook.com/1033169910173370"],"phones":["+529842531625"],"brand":{"wikidata":null,"names":{"primary":null,"common":null,"rules":null}},"addresses":[{"freeform":"calle Zofemat, entre calle Palomino y Carito","locality":"Lázaro Cárdenas","postcode":"77310","region":null,"country":"MX"}],"names":{"primary":"Salma","common":null,"rules":null},"sources":[{"property":"","dataset":"meta","license":"CDLA-Permissive-2.0","record_id":"1033169910173370","update_time":"2026-04-27T00:00:00.000Z","confidence":0.8379700183868408,"between":null},{"property":"/properties/confidence","dataset":"Overture","license":"CDLA-Permissive-2.0","record_id":null,"update_time":"2026-06-11T11:57:15Z","confidence":null,"between":null}],"basic_category":"restaurant","taxonomy":{"primary":"bar_and_grill_restaurant","hierarchy":["food_and_drink","restaurant","bar_and_grill_restaurant"],"alternates":null},"version":10}},
{"id":"ff00dd26-34ec-4c02-9a32-8a4a009b773f","type":"Feature","geometry":{"type":"Point","coordinates":[-87.37944411,21.52522024]},"properties":{"categories":{"primary":"hotel","alternate":["accommodation","lodge"]},"confidence":0.9152591228485107,"emails":["gerenciapuertosantuario@gmail.com"],"socials":["https://www.facebook.com/600154820331389"],"phones":["+529842085050"],"brand":{"wikidata":null,"names":{"primary":null,"common":null,"rules":null}},"addresses":[{"freeform":"P.º Carey","locality":"Lázaro Cárdenas","postcode":"77310","region":null,"country":"MX"}],"names":{"primary":"Limulus","common":null,"rules":null},"sources":[{"property":"","dataset":"meta","license":"CDLA-Permissive-2.0","record_id":"600154820331389","update_time":"2026-04-27T00:00:00.000Z","confidence":0.9152591228485107,"between":null},{"property":"/properties/confidence","dataset":"Overture","license":"CDLA-Permissive-2.0","record_id":null,"update_time":"2026-06-11T11:57:15Z","confidence":null,"between":null}],"basic_category":"hotel","taxonomy":{"primary":"hotel","hierarchy":["lodging","hotel"],"alternates":null},"version":9}},
{"id":"e1a3ff23-418a-4409-a351-eca0e72d107f","type":"Feature","geometry":{"type":"Point","coordinates":[-87.37961331,21.52522192]},"properties":{"categories":{"primary":"boat_tours","alternate":null},"confidence":0.4936790466308594,"emails":["ronyy_94@hotmail.com"],"socials":["https://www.facebook.com/103337251861093"],"phones":["+529841696146"],"brand":{"wikidata":null,"names":{"primary":null,"common":null,"rules":null}},"addresses":[{"freeform":"C. palomino, Lazaro Cardenas","locality":"Lázaro Cárdenas","postcode":"77310","region":null,"country":"MX"}],"names":{"primary":"Bioluminiscencia / Tours isla Holbox","common":null,"rules":null},"sources":[{"property":"","dataset":"meta","license":"CDLA-Permissive-2.0","record_id":"103337251861093","update_time":"2026-04-27T00:00:00.000Z","confidence":0.4936790466308594,"between":null},{"property":"/properties/confidence","dataset":"Overture","license":"CDLA-Permissive-2.0","record_id":null,"update_time":"2026-06-11T11:57:15Z","confidence":null,"between":null}],"basic_category":"travel_service","taxonomy":{"primary":"boat_tour","hierarchy":["travel_and_transportation","travel_service","tour_operator","boat_tour"],"alternates":null},"version":2}},
{"id":"8530828b-9157-4249-a7d6-520408a53fe5","type":"Feature","geometry":{"type":"Point","coordinates":[-87.37997236,21.52562092]},"properties":{"categories":{"primary":"playground","alternate":null},"confidence":0.3980076313018799,"socials":["https://www.facebook.com/107610905016881"],"brand":{"wikidata":null,"names":{"primary":null,"common":null,"rules":null}},"addresses":[{"freeform":"","locality":"Lázaro Cárdenas","postcode":"77310","region":null,"country":"MX"}],"names":{"primary":"Muelle Tiburón Ballena","common":null,"rules":null},"sources":[{"property":"","dataset":"meta","license":"CDLA-Permissive-2.0","record_id":"107610905016881","update_time":"2026-04-27T00:00:00.000Z","confidence":0.3980076313018799,"between":null},{"property":"/properties/confidence","dataset":"Overture","license":"CDLA-Permissive-2.0","record_id":null,"update_time":"2026-06-11T11:57:15Z","confidence":null,"between":null}],"basic_category":"playground","taxonomy":{"primary":"playground","hierarchy":["sports_and_recreation","park","playground"],"alternates":null},"version":8}},
{"id":"544b2bf6-aa96-4dbd-bccb-98527d49e242","type":"Feature","geometry":{"type":"Point","coordinates":[-87.38038207,21.52459335]},"properties":{"categories":{"primary":"restaurant","alternate":["seafood_restaurant","mexican_restaurant"]},"confidence":0.9761759638786316,"websites":["https://kuholbox.com/"],"emails":["info@kuholbox.com"],"socials":["https://www.facebook.com/100128502639965"],"phones":["+529841162245"],"brand":{"wikidata":null,"names":{"primary":null,"common":null,"rules":null}},"addresses":[{"freeform":"Calle Tiburón Ballena, P.º Carey esquina","locality":"Lázaro Cárdenas","postcode":"77310","region":null,"country":"MX"}],"names":{"primary":"Ku","common":null,"rules":null},"sources":[{"property":"","dataset":"meta","license":"CDLA-Permissive-2.0","record_id":"100128502639965","update_time":"2026-04-27T00:00:00.000Z","confidence":0.9761759638786316,"between":null},{"property":"/properties/confidence","dataset":"Overture","license":"CDLA-Permissive-2.0","record_id":null,"update_time":"2026-06-11T11:57:15Z","confidence":null,"between":null}],"basic_category":"restaurant","taxonomy":{"primary":"restaurant","hierarchy":["food_and_drink","restaurant"],"alternates":null},"version":9}},
{"id":"07c366fe-30c0-4ebb-b245-604012922116","type":"Feature","geometry":{"type":"Point","coordinates":[-87.3803372,21.52458495]},"properties":{"categories":{"primary":"restaurant","alternate":["mexican_restaurant","island"]},"confidence":0.4354957044124603,"socials":["https://www.facebook.com/395351043864205"],"phones":["+529991754074"],"brand":{"wikidata":null,"names":{"primary":null,"common":null,"rules":null}},"addresses":[{"freeform":"Playa de, entre Lázaro Cárdenas y Tiburón Ballena","locality":"Lázaro Cárdenas","postcode":"77310","region":null,"country":"MX"}],"names":{"primary":"Restaurante La Playa de Nana","common":null,"rules":null},"sources":[{"property":"","dataset":"meta","license":"CDLA-Permissive-2.0","record_id":"395351043864205","update_time":"2026-04-27T00:00:00.000Z","confidence":0.4354957044124603,"between":null},{"property":"/properties/confidence","dataset":"Overture","license":"CDLA-Permissive-2.0","record_id":null,"update_time":"2026-06-11T11:57:15Z","confidence":null,"between":null}],"basic_category":"restaurant","taxonomy":{"primary":"restaurant","hierarchy":["food_and_drink","restaurant"],"alternates":null},"version":3}},
{"id":"b4e62fa8-47f1-4560-9221-934f5f653d03","type":"Feature","geometry":{"type":"Point","coordinates":[-87.38047167,21.52463638]},"properties":{"categories":{"primary":"restaurant","alternate":["mexican_restaurant"]},"confidence":0.5250300168991089,"socials":["https://www.facebook.com/496349043758676"],"phones":["+529841389393"],"brand":{"wikidata":null,"names":{"primary":null,"common":null,"rules":null}},"addresses":[{"freeform":"Calle Tiburón Ballena","locality":"Lázaro Cárdenas","postcode":"77310","region":null,"country":"MX"}],"names":{"primary":"A by Amaite","common":null,"rules":null},"sources":[{"property":"","dataset":"meta","license":"CDLA-Permissive-2.0","record_id":"496349043758676","update_time":"2026-04-27T00:00:00.000Z","confidence":0.5250300168991089,"between":null},{"property":"/properties/confidence","dataset":"Overture","license":"CDLA-Permissive-2.0","record_id":null,"update_time":"2026-06-11T11:57:15Z","confidence":null,"between":null}],"basic_category":"restaurant","taxonomy":{"primary":"restaurant","hierarchy":["food_and_drink","restaurant"],"alternates":null},"version":9}},
{"id":"c352c93a-08d1-4c6a-8c1a-cfc63c9f8eb8","type":"Feature","geometry":{"type":"Point","coordinates":[-87.38048547,21.52465953]},"properties":{"categories":{"primary":"hotel","alternate":["accommodation","beach_resort"]},"confidence":0.991294801235199,"websites":["http://www.amaitehotelholbox.com/"],"socials":["https://www.facebook.com/104241659919020"],"phones":["+529841389393"],"brand":{"wikidata":null,"names":{"primary":"Amaité Beach Hotel","common":null,"rules":null}},"addresses":[{"freeform":"Isla de Holbox, Avenida Benito Juárez playa s/n","locality":"Lázaro Cárdenas","postcode":"77310","region":null,"country":"MX"}],"names":{"primary":"Amaité Beach Hotel","common":null,"rules":null},"sources":[{"property":"","dataset":"meta","license":"CDLA-Permissive-2.0","record_id":"104241659919020","update_time":"2026-04-27T00:00:00.000Z","confidence":0.991294801235199,"between":null},{"property":"/properties/confidence","dataset":"Overture","license":"CDLA-Permissive-2.0","record_id":null,"update_time":"2026-06-11T11:57:15Z","confidence":null,"between":null}],"basic_category":"hotel","taxonomy":{"primary":"hotel","hierarchy":["lodging","hotel"],"alternates":null},"version":9}},
{"id":"dc28d128-aca2-4599-be00-fad86ebfa70b","type":"Feature","geometry":{"type":"Point","coordinates":[-87.38040642,21.52472542]},"properties":{"categories":{"primary":"seafood_restaurant","alternate":["restaurant","hotel"]},"confidence":0.9732061743736267,"websites":["http://twitter.com/normaargaez"],"socials":["https://www.facebook.com/697846656905347"],"phones":["+529841311712"],"brand":{"wikidata":null,"names":{"primary":null,"common":null,"rules":null}},"addresses":[{"freeform":"OTRO (ESPECIFIQUE)","locality":"Lázaro Cárdenas","postcode":"77310","region":null,"country":"MX"}],"names":{"primary":"Restaurant Villa Mar","common":null,"rules":null},"sources":[{"property":"","dataset":"meta","license":"CDLA-Permissive-2.0","record_id":"697846656905347","update_time":"2026-04-27T00:00:00.000Z","confidence":0.88350510597229,"between":null},{"property":"/properties/confidence","dataset":"Overture","license":"CDLA-Permissive-2.0","record_id":null,"update_time":"2026-06-11T11:57:15Z","confidence":null,"between":null}],"basic_category":"restaurant","taxonomy":{"primary":"seafood_restaurant","hierarchy":["food_and_drink","restaurant","seafood_restaurant"],"alternates":null},"version":8}},
{"id":"630fd928-10d3-46d1-bffe-18f99fd88d96","type":"Feature","geometry":{"type":"Point","coordinates":[-87.37938024,21.52459577]},"properties":{"categories":{"primary":"hotel","alternate":["lodge","accommodation"]},"confidence":0.9814178347587585,"websites":["http://casaperegrino.com/"],"emails":["info@casaperegrino.com"],"socials":["https://www.facebook.com/101621638565333"],"phones":["+529841165490"],"brand":{"wikidata":null,"names":{"primary":null,"common":null,"rules":null}},"addresses":[{"freeform":"C. Palomino 20","locality":"Lázaro Cárdenas","postcode":"77310","region":null,"country":"MX"}],"names":{"primary":"Casa Peregrino Holbox","common":null,"rules":null},"sources":[{"property":"","dataset":"meta","license":"CDLA-Permissive-2.0","record_id":"101621638565333","update_time":"2026-04-27T00:00:00.000Z","confidence":0.9814178347587585,"between":null},{"property":"/properties/confidence","dataset":"Overture","license":"CDLA-Permissive-2.0","record_id":null,"update_time":"2026-06-11T11:57:15Z","confidence":null,"between":null}],"basic_category":"hotel","taxonomy":{"primary":"hotel","hierarchy":["lodging","hotel"],"alternates":null},"version":10}},
{"id":"898a8331-4a24-4f80-91d6-02d2c976821a","type":"Feature","geometry":{"type":"Point","coordinates":[-87.37926943,21.52458431]},"properties":{"categories":{"primary":"boutique","alternate":["arts_and_crafts"]},"confidence":0.25312936305999756,"emails":["pueblo.invisible@gmail.com"],"socials":["https://www.facebook.com/973601045836666"],"brand":{"wikidata":null,"names":{"primary":null,"common":null,"rules":null}},"addresses":[{"freeform":"C. Palomino 21","locality":"Lázaro Cárdenas","postcode":"77310","region":null,"country":"MX"}],"names":{"primary":"Boutique Tramas Holbox","common":null,"rules":null},"sources":[{"property":"","dataset":"meta","license":"CDLA-Permissive-2.0","record_id":"973601045836666","update_time":"2026-04-27T00:00:00.000Z","confidence":0.25312936305999756,"between":null},{"property":"/properties/confidence","dataset":"Overture","license":"CDLA-Permissive-2.0","record_id":null,"update_time":"2026-06-11T11:57:15Z","confidence":null,"between":null}],"basic_category":"fashion_and_apparel_store","taxonomy":{"primary":"fashion_boutique","hierarchy":["shopping","fashion_and_apparel_store","fashion_boutique"],"alternates":null},"version":2}},
{"id":"83241250-9192-4191-b131-55b26fdb9f22","type":"Feature","geometry":{"type":"Point","coordinates":[-87.37934334,21.52461911]},"properties":{"categories":{"primary":"bar","alternate":["restaurant"]},"confidence":0.2358236312866211,"socials":["https://www.facebook.com/334384080631533"],"phones":["+522381910410"],"brand":{"wikidata":null,"names":{"primary":null,"common":null,"rules":null}},"addresses":[{"freeform":"AVENIDA PALOMINO","locality":"Lázaro Cárdenas","postcode":"77310","region":null,"country":"MX"}],"names":{"primary":"The Notorius Cocteleria","common":null,"rules":null},"sources":[{"property":"","dataset":"meta","license":"CDLA-Permissive-2.0","record_id":"334384080631533","update_time":"2026-04-27T00:00:00.000Z","confidence":0.2358236312866211,"between":null},{"property":"/properties/confidence","dataset":"Overture","license":"CDLA-Permissive-2.0","record_id":null,"update_time":"2026-06-11T11:57:15Z","confidence":null,"between":null}],"basic_category":"bar","taxonomy":{"primary":"bar","hierarchy":["food_and_drink","alcoholic_beverage_venue","bar"],"alternates":null},"version":9}},
{"id":"b89de48c-834a-49db-9ad3-5994160ba853","type":"Feature","geometry":{"type":"Point","coordinates":[-87.37942303,21.52461742]},"properties":{"categories":{"primary":"gelato","alternate":["ice_cream_shop"]},"confidence":0.3230913281440735,"socials":["https://www.facebook.com/172159879320703"],"phones":["+529841386771"],"brand":{"wikidata":null,"names":{"primary":null,"common":null,"rules":null}},"addresses":[{"freeform":"Paseo de los artesanos a una cuadra de las letras de Holbox","locality":"Lázaro Cárdenas","postcode":"77310","region":null,"country":"MX"}],"names":{"primary":"Helartesano","common":null,"rules":null},"sources":[{"property":"","dataset":"meta","license":"CDLA-Permissive-2.0","record_id":"172159879320703","update_time":"2026-04-27T00:00:00.000Z","confidence":0.3230913281440735,"between":null},{"property":"/properties/confidence","dataset":"Overture","license":"CDLA-Permissive-2.0","record_id":null,"update_time":"2026-06-11T11:57:15Z","confidence":null,"between":null}],"basic_category":"casual_eatery","taxonomy":{"primary":"gelato_shop","hierarchy":["food_and_drink","casual_eatery","dessert_shop","gelato_shop"],"alternates":null},"version":9}},
{"id":"75fa576d-c189-4ed8-9e17-a2a3fc72ee83","type":"Feature","geometry":{"type":"Point","coordinates":[-87.37941657,21.52462153]},"properties":{"categories":{"primary":"pizza_restaurant","alternate":["restaurant","italian_restaurant"]},"confidence":0.5289715528488159,"socials":["https://www.facebook.com/383194395361849"],"phones":["+529842145540"],"brand":{"wikidata":null,"names":{"primary":null,"common":null,"rules":null}},"addresses":[{"freeform":"","locality":"Lázaro Cárdenas","postcode":"77310","region":null,"country":"MX"}],"names":{"primary":"Babalu Yei Yei Pizza Pasta","common":null,"rules":null},"sources":[{"property":"","dataset":"meta","license":"CDLA-Permissive-2.0","record_id":"383194395361849","update_time":"2026-04-27T00:00:00.000Z","confidence":0.5289715528488159,"between":null},{"property":"/properties/confidence","dataset":"Overture","license":"CDLA-Permissive-2.0","record_id":null,"update_time":"2026-06-11T11:57:15Z","confidence":null,"between":null}],"basic_category":"restaurant","taxonomy":{"primary":"pizza_restaurant","hierarchy":["food_and_drink","restaurant","european_restaurant","mediterranean_restaurant","italian_restaurant","pizza_restaurant"],"alternates":null},"version":8}},
{"id":"0e306b7b-9be9-4533-b839-9a3d6aeb4eb7","type":"Feature","geometry":{"type":"Point","coordinates":[-87.37945853,21.52465251]},"properties":{"categories":{"primary":"hotel","alternate":["accommodation","lodge"]},"confidence":0.9789279699325562,"websites":["http://laconstanzaderulo.com.mx"],"emails":["reservaciones.laconstanzaderulo@gmail.com"],"socials":["https://www.facebook.com/1000359616675542"],"phones":["+529841302644"],"brand":{"wikidata":null,"names":{"primary":"La Constanza de Rulo","common":null,"rules":null}},"addresses":[{"freeform":"Palomino S/N casi esquina, Av. Pedro Joaquín Coldwell","locality":"Lázaro Cárdenas","postcode":"77310","region":null,"country":"MX"}],"names":{"primary":"La Constanza de Rulo","common":null,"rules":null},"sources":[{"property":"","dataset":"meta","license":"CDLA-Permissive-2.0","record_id":"1000359616675542","update_time":"2026-04-27T00:00:00.000Z","confidence":0.9789279699325562,"between":null},{"property":"/properties/confidence","dataset":"Overture","license":"CDLA-Permissive-2.0","record_id":null,"update_time":"2026-06-11T11:57:15Z","confidence":null,"between":null}],"basic_category":"hotel","taxonomy":{"primary":"hotel","hierarchy":["lodging","hotel"],"alternates":null},"version":9}},
{"id":"99c372cf-528c-45be-9fde-6661f2ba95e5","type":"Feature","geometry":{"type":"Point","coordinates":[-87.37957679,21.52465333]},"properties":{"categories":{"primary":"hotel","alternate":["lodge","accommodation"]},"confidence":0.9826043576002121,"websites":["http://www.lachayaholbox.com"],"socials":["https://www.facebook.com/951909054844105"],"phones":["+529841836366"],"brand":{"wikidata":null,"names":{"primary":"La Chaya Holbox","common":null,"rules":null}},"addresses":[{"freeform":"Pedro Joaquín codwell y palomino","locality":"Lázaro Cárdenas","postcode":"77310","region":null,"country":"MX"}],"names":{"primary":"La Chaya","common":null,"rules":null},"sources":[{"property":"","dataset":"meta","license":"CDLA-Permissive-2.0","record_id":"951909054844105","update_time":"2026-04-27T00:00:00.000Z","confidence":0.9243667721748352,"between":null},{"property":"/properties/confidence","dataset":"Overture","license":"CDLA-Permissive-2.0","record_id":null,"update_time":"2026-06-11T11:57:15Z","confidence":null,"between":null}],"basic_category":"hotel","taxonomy":{"primary":"hotel","hierarchy":["lodging","hotel"],"alternates":null},"version":6}},
{"id":"a615e289-b90b-433a-ba9e-010039b6ff57","type":"Feature","geometry":{"type":"Point","coordinates":[-87.37952711,21.52479681]},"properties":{"categories":{"primary":"gelato","alternate":["ice_cream_shop"]},"confidence":0.9641637206077576,"emails":["lagelateriadeholbox@gmail.com"],"socials":["https://www.facebook.com/124400892286890"],"phones":["+529842102002"],"brand":{"wikidata":null,"names":{"primary":null,"common":null,"rules":null}},"addresses":[{"freeform":"Palomino, Av. Pedro Joaquín Coldwell Centro","locality":"Lázaro Cárdenas","postcode":"77310","region":null,"country":"MX"}],"names":{"primary":"La Gelateria de Holbox","common":null,"rules":null},"sources":[{"property":"","dataset":"meta","license":"CDLA-Permissive-2.0","record_id":"124400892286890","update_time":"2026-04-27T00:00:00.000Z","confidence":0.9641637206077576,"between":null},{"property":"/properties/confidence","dataset":"Overture","license":"CDLA-Permissive-2.0","record_id":null,"update_time":"2026-06-11T11:57:15Z","confidence":null,"between":null}],"basic_category":"casual_eatery","taxonomy":{"primary":"gelato_shop","hierarchy":["food_and_drink","casual_eatery","dessert_shop","gelato_shop"],"alternates":null},"version":10}},
{"id":"de0acf26-4ed9-4832-91ba-54c0cd288c97","type":"Feature","geometry":{"type":"Point","coordinates":[-87.37939975,21.52483808]},"properties":{"categories":{"primary":"mexican_restaurant","alternate":["restaurant","diner"]},"confidence":0.20634986460208893,"emails":["loscalientesholbox@gmail.com"],"socials":["https://www.facebook.com/684763228056053"],"phones":["+529842775081"],"brand":{"wikidata":null,"names":{"primary":null,"common":null,"rules":null}},"addresses":[{"freeform":"Street food place, C. Palomino","locality":"Lázaro Cárdenas","postcode":"77310","region":null,"country":"MX"}],"names":{"primary":"Los Calientes","common":null,"rules":null},"sources":[{"property":"","dataset":"meta","license":"CDLA-Permissive-2.0","record_id":"684763228056053","update_time":"2026-04-27T00:00:00.000Z","confidence":0.20634986460208893,"between":null},{"property":"/properties/confidence","dataset":"Overture","license":"CDLA-Permissive-2.0","record_id":null,"update_time":"2026-06-11T11:57:15Z","confidence":null,"between":null}],"basic_category":"restaurant","taxonomy":{"primary":"mexican_restaurant","hierarchy":["food_and_drink","restaurant","latin_american_restaurant","mexican_restaurant"],"alternates":null},"version":1}},
{"id":"d19fb197-7fbc-434d-8164-d29af5e8de26","type":"Feature","geometry":{"type":"Point","coordinates":[-87.37988691,21.5251316]},"properties":{"categories":{"primary":"tours","alternate":["boat_tours","travel_services"]},"confidence":0.2163054496049881,"socials":["https://www.facebook.com/106567465717700"],"phones":["+529842078364"],"brand":{"wikidata":null,"names":{"primary":null,"common":null,"rules":null}},"addresses":[{"freeform":"Calle Palomino con Lázaro Cárdenas Centro","locality":"Lázaro Cárdenas","postcode":"77310","region":null,"country":"MX"}],"names":{"primary":"Ghost Stingray Tours","common":null,"rules":null},"sources":[{"property":"","dataset":"meta","license":"CDLA-Permissive-2.0","record_id":"106567465717700","update_time":"2026-04-27T00:00:00.000Z","confidence":0.2163054496049881,"between":null},{"property":"/properties/confidence","dataset":"Overture","license":"CDLA-Permissive-2.0","record_id":null,"update_time":"2026-06-11T11:57:15Z","confidence":null,"between":null}],"basic_category":"travel_service","taxonomy":{"primary":"tour_operator","hierarchy":["travel_and_transportation","travel_service","tour_operator"],"alternates":null},"version":3}},
{"id":"25827f06-1923-465d-b533-e5bf7aa83793","type":"Feature","geometry":{"type":"Point","coordinates":[-87.37988225,21.52513005]},"properties":{"categories":{"primary":"seafood_restaurant","alternate":["restaurant","diner"]},"confidence":0.8925266265869141,"websites":["https://g.co/kgs/rqEFk3"],"socials":["https://www.facebook.com/108619791878703"],"phones":["+529841360017"],"brand":{"wikidata":null,"names":{"primary":null,"common":null,"rules":null}},"addresses":[{"freeform":"Calle Lázaro Cárdenas & Palomino","locality":"Lázaro Cárdenas","postcode":"77310","region":null,"country":"MX"}],"names":{"primary":"Raíces Slow Food","common":null,"rules":null},"sources":[{"property":"","dataset":"meta","license":"CDLA-Permissive-2.0","record_id":"108619791878703","update_time":"2026-04-27T00:00:00.000Z","confidence":0.8925266265869141,"between":null},{"property":"/properties/confidence","dataset":"Overture","license":"CDLA-Permissive-2.0","record_id":null,"update_time":"2026-06-11T11:57:15Z","confidence":null,"between":null}],"basic_category":"restaurant","taxonomy":{"primary":"seafood_restaurant","hierarchy":["food_and_drink","restaurant","seafood_restaurant"],"alternates":null},"version":9}},
{"id":"79455a7c-afad-4cb4-b3a9-36eca2db0bff","type":"Feature","geometry":{"type":"Point","coordinates":[-87.379599,21.525021]},"properties":{"categories":{"primary":"structure_and_geography","alternate":["marina"]},"confidence":0.37985360622406006,"socials":["https://www.facebook.com/100588285731871"],"brand":{"wikidata":null,"names":{"primary":null,"common":null,"rules":null}},"addresses":[{"freeform":"","locality":"Lázaro Cárdenas","postcode":"77310","region":null,"country":"MX"}],"names":{"primary":"Muelle Turistico","common":null,"rules":null},"sources":[{"property":"","dataset":"meta","license":"CDLA-Permissive-2.0","record_id":"100588285731871","update_time":"2026-04-27T00:00:00.000Z","confidence":0.37985360622406006,"between":null},{"property":"/properties/confidence","dataset":"Overture","license":"CDLA-Permissive-2.0","record_id":null,"update_time":"2026-06-11T11:57:15Z","confidence":null,"between":null}],"taxonomy":{"primary":"geographic_entities","hierarchy":["geographic_entities"],"alternates":null},"version":1}},
{"id":"a206470a-43fa-4be2-bf7d-26bf697769dc","type":"Feature","geometry":{"type":"Point","coordinates":[-87.37966581,21.52492285]},"properties":{"categories":{"primary":"sightseeing_tour_agency","alternate":["tours"]},"confidence":0.9408339262008667,"websites":["http://www.azultourquesa.com.mx/"],"emails":["azulturquesaholbox@gmail.com"],"socials":["https://www.facebook.com/125523678152626"],"phones":["+528714836808"],"brand":{"wikidata":null,"names":{"primary":null,"common":null,"rules":null}},"addresses":[{"freeform":"https://maps.app.goo.gl/S5oTPyEi3P4ZvGZc7?g_st=com.google.maps.preview.copy","locality":"Lázaro Cárdenas","postcode":"77310","region":null,"country":"MX"}],"names":{"primary":"Azul Tourquesa Holbox | Tours & Kayaking","common":null,"rules":null},"sources":[{"property":"","dataset":"meta","license":"CDLA-Permissive-2.0","record_id":"125523678152626","update_time":"2026-04-27T00:00:00.000Z","confidence":0.9408339262008667,"between":null},{"property":"/properties/confidence","dataset":"Overture","license":"CDLA-Permissive-2.0","record_id":null,"update_time":"2026-06-11T11:57:15Z","confidence":null,"between":null}],"basic_category":"travel_service","taxonomy":{"primary":"sightseeing_tour_agency","hierarchy":["travel_and_transportation","travel_service","tour_operator","sightseeing_tour_agency"],"alternates":null},"version":10}},
{"id":"8d815f7f-da70-43f1-8218-2a06715091c2","type":"Feature","geometry":{"type":"Point","coordinates":[-87.37874499,21.52515419]},"properties":{"categories":{"primary":"mexican_restaurant","alternate":["seafood_restaurant","food","restaurant"]},"confidence":0.85,"websites":[""],"phones":["9841289879"],"addresses":[{"freeform":"Calle Carito","locality":"Holbox","postcode":"77310","region":"Quintana Roo","country":"MX"}],"names":{"primary":"La Chingad@ ceviche","common":null,"rules":null},"sources":[{"property":"","dataset":"Microsoft","license":"CDLA-Permissive-2.0","record_id":"1688849866520744","update_time":"2025-09-07T08:56:20.040Z","confidence":0.85,"between":null},{"property":"/properties/confidence","dataset":"Overture","license":"CDLA-Permissive-2.0","record_id":null,"update_time":"2026-06-11T11:57:15Z","confidence":null,"between":null}],"basic_category":"restaurant","taxonomy":{"primary":"mexican_restaurant","hierarchy":["food_and_drink","restaurant","latin_american_restaurant","mexican_restaurant"],"alternates":null},"version":4}},
{"id":"bf8a942d-304a-425e-a9df-beb00d6e5790","type":"Feature","geometry":{"type":"Point","coordinates":[-87.37874499,21.52515419]},"properties":{"categories":{"primary":"hostel","alternate":["hotel"]},"confidence":0.85,"websites":["http://www.beholbox.com/"],"phones":["9842401367"],"addresses":[{"freeform":"Calle Carito","locality":"Holbox","postcode":"77310","region":"Quintana Roo","country":"MX"}],"names":{"primary":"BE HOLBOX HOSTEL","common":null,"rules":null},"sources":[{"property":"","dataset":"Microsoft","license":"CDLA-Permissive-2.0","record_id":"2251799819724687","update_time":"2021-07-15T13:00:08.073Z","confidence":0.85,"between":null},{"property":"/properties/confidence","dataset":"Overture","license":"CDLA-Permissive-2.0","record_id":null,"update_time":"2026-06-11T11:57:15Z","confidence":null,"between":null}],"basic_category":"lodging","taxonomy":{"primary":"hostel","hierarchy":["lodging","hostel"],"alternates":null},"version":5}},
{"id":"d268df01-3f53-4aee-a83b-ef02f23daefc","type":"Feature","geometry":{"type":"Point","coordinates":[-87.378514185548,21.525066678461]},"properties":{"categories":{"primary":"holiday_rental_home","alternate":["beach"]},"confidence":0.6324172616004944,"socials":["https://www.facebook.com/557640834753249"],"brand":{"wikidata":null,"names":{"primary":null,"common":null,"rules":null}},"addresses":[{"freeform":"Calle Carito, esquina con Paseo Carey  ","locality":"Lázaro Cárdenas","postcode":"77310","region":null,"country":"MX"}],"names":{"primary":"Casa Playa Holbox","common":null,"rules":null},"sources":[{"property":"","dataset":"meta","license":"CDLA-Permissive-2.0","record_id":"557640834753249","update_time":"2026-04-27T00:00:00.000Z","confidence":0.6324172616004944,"between":null},{"property":"/properties/confidence","dataset":"Overture","license":"CDLA-Permissive-2.0","record_id":null,"update_time":"2026-06-11T11:57:15Z","confidence":null,"between":null}],"basic_category":"private_lodging","taxonomy":{"primary":"holiday_rental_home","hierarchy":["lodging","private_lodging","holiday_rental_home"],"alternates":null},"version":2}},
{"id":"7ecfe26d-6090-4033-af40-f6aef408731e","type":"Feature","geometry":{"type":"Point","coordinates":[-87.37810341,21.52510618]},"properties":{"categories":{"primary":"bar_and_grill_restaurant","alternate":["mexican_restaurant","latin_american_restaurant"]},"confidence":0.962006151676178,"socials":["https://www.facebook.com/194787987810421"],"phones":["+529841567667"],"brand":{"wikidata":null,"names":{"primary":null,"common":null,"rules":null}},"addresses":[{"freeform":"Av. Damero","locality":"Lázaro Cárdenas","postcode":"77300","region":null,"country":"MX"}],"names":{"primary":"Barba Negra","common":null,"rules":null},"sources":[{"property":"","dataset":"meta","license":"CDLA-Permissive-2.0","record_id":"194787987810421","update_time":"2026-04-27T00:00:00.000Z","confidence":0.962006151676178,"between":null},{"property":"/properties/confidence","dataset":"Overture","license":"CDLA-Permissive-2.0","record_id":null,"update_time":"2026-06-11T11:57:15Z","confidence":null,"between":null}],"basic_category":"restaurant","taxonomy":{"primary":"bar_and_grill_restaurant","hierarchy":["food_and_drink","restaurant","bar_and_grill_restaurant"],"alternates":null},"version":9}},
{"id":"796d80a8-0bf6-40c0-b470-6349f50b43bd","type":"Feature","geometry":{"type":"Point","coordinates":[-87.37817167,21.52495642]},"properties":{"categories":{"primary":"hotel","alternate":["hostel","accommodation"]},"confidence":0.5782963633537292,"socials":["https://www.facebook.com/1226940344015971"],"phones":["+529840000000"],"brand":{"wikidata":null,"names":{"primary":null,"common":null,"rules":null}},"addresses":[{"freeform":"Calle Damero Isla Holbox","locality":"Lázaro Cárdenas","postcode":"77310","region":null,"country":"MX"}],"names":{"primary":"Eco Hostel Casa del Agua","common":null,"rules":null},"sources":[{"property":"","dataset":"meta","license":"CDLA-Permissive-2.0","record_id":"1226940344015971","update_time":"2026-04-27T00:00:00.000Z","confidence":0.5782963633537292,"between":null},{"property":"/properties/confidence","dataset":"Overture","license":"CDLA-Permissive-2.0","record_id":null,"update_time":"2026-06-11T11:57:15Z","confidence":null,"between":null}],"basic_category":"hotel","taxonomy":{"primary":"hotel","hierarchy":["lodging","hotel"],"alternates":null},"version":9}},
{"id":"7b2954f4-2621-4e74-b37a-f7261915f6f1","type":"Feature","geometry":{"type":"Point","coordinates":[-87.37822406293195,21.524968053920045]},"properties":{"categories":{"primary":"food_beverage_service_distribution","alternate":["fast_food_restaurant","theme_restaurant"]},"confidence":0.7776744365692139,"socials":["https://www.facebook.com/111624383577159"],"brand":{"wikidata":null,"names":{"primary":null,"common":null,"rules":null}},"addresses":[{"freeform":"","locality":"Lázaro Cárdenas","postcode":"","region":null,"country":"MX"}],"names":{"primary":"Holbox Foodie Market","common":null,"rules":null},"sources":[{"property":"","dataset":"meta","license":"CDLA-Permissive-2.0","record_id":"111624383577159","update_time":"2026-04-27T00:00:00.000Z","confidence":0.7776744365692139,"between":null},{"property":"/properties/confidence","dataset":"Overture","license":"CDLA-Permissive-2.0","record_id":null,"update_time":"2026-06-11T11:57:15Z","confidence":null,"between":null}],"basic_category":"supplier_or_distributor","taxonomy":{"primary":"food_beverage_distributor","hierarchy":["services_and_business","business","food_beverage_distributor"],"alternates":null},"version":8}},
{"id":"7baa6035-b8f5-48cc-bf7f-8375b38086bb","type":"Feature","geometry":{"type":"Point","coordinates":[-87.37838041,21.52487759]},"properties":{"categories":{"primary":"cafe","alternate":["coffee_shop","restaurant"]},"confidence":0.24988843500614166,"socials":["https://www.facebook.com/609446402257279"],"brand":{"wikidata":null,"names":{"primary":null,"common":null,"rules":null}},"addresses":[{"freeform":"Avenida Damero & Calle Carito","locality":"Lázaro Cárdenas","postcode":"77310","region":null,"country":"MX"}],"names":{"primary":"El café de Olivia","common":null,"rules":null},"sources":[{"property":"","dataset":"meta","license":"CDLA-Permissive-2.0","record_id":"609446402257279","update_time":"2026-04-27T00:00:00.000Z","confidence":0.24988843500614166,"between":null},{"property":"/properties/confidence","dataset":"Overture","license":"CDLA-Permissive-2.0","record_id":null,"update_time":"2026-06-11T11:57:15Z","confidence":null,"between":null}],"basic_category":"cafe","taxonomy":{"primary":"cafe","hierarchy":["food_and_drink","casual_eatery","cafe"],"alternates":null},"version":3}},
{"id":"007540f4-67ca-4bd8-bc32-664ae3d51d70","type":"Feature","geometry":{"type":"Point","coordinates":[-87.37820835,21.52489076]},"properties":{"categories":{"primary":"arts_and_crafts","alternate":["flowers_and_gifts_shop","clothing_store"]},"confidence":0.2503775656223297,"websites":["https://asivoy.etsy.com/"],"emails":["asivoybikinis@gmail.com"],"socials":["https://www.facebook.com/140252819454438"],"phones":["+525542200162"],"brand":{"wikidata":null,"names":{"primary":null,"common":null,"rules":null}},"addresses":[{"freeform":"Av. Damero","locality":"Lázaro Cárdenas","postcode":"77310","region":null,"country":"MX"}],"names":{"primary":"Así Voy","common":null,"rules":null},"sources":[{"property":"","dataset":"meta","license":"CDLA-Permissive-2.0","record_id":"140252819454438","update_time":"2026-04-27T00:00:00.000Z","confidence":0.2503775656223297,"between":null},{"property":"/properties/confidence","dataset":"Overture","license":"CDLA-Permissive-2.0","record_id":null,"update_time":"2026-06-11T11:57:15Z","confidence":null,"between":null}],"basic_category":"arts_crafts_and_hobby_store","taxonomy":{"primary":"arts_crafts_and_hobby_store","hierarchy":["shopping","specialty_store","arts_crafts_and_hobby_store"],"alternates":null},"version":9}},
{"id":"96ee42ab-4c3e-4670-b4a2-b964e21c7436","type":"Feature","geometry":{"type":"Point","coordinates":[-87.37828102,21.52489224]},"properties":{"categories":{"primary":"beauty_salon","alternate":["nail_salon","beauty_and_spa"]},"confidence":0.6296929717063904,"socials":["https://www.facebook.com/114296231581917"],"phones":["+529981016056"],"brand":{"wikidata":null,"names":{"primary":null,"common":null,"rules":null}},"addresses":[{"freeform":"","locality":"Lázaro Cárdenas","postcode":"77310","region":null,"country":"MX"}],"names":{"primary":"Studio Beauty Expert","common":null,"rules":null},"sources":[{"property":"","dataset":"meta","license":"CDLA-Permissive-2.0","record_id":"114296231581917","update_time":"2026-04-27T00:00:00.000Z","confidence":0.6296929717063904,"between":null},{"property":"/properties/confidence","dataset":"Overture","license":"CDLA-Permissive-2.0","record_id":null,"update_time":"2026-06-11T11:57:15Z","confidence":null,"between":null}],"basic_category":"personal_or_beauty_service","taxonomy":{"primary":"beauty_salon","hierarchy":["lifestyle_services","personal_or_beauty_service","beauty_salon"],"alternates":null},"version":8}},
{"id":"1815c06c-9dd4-447a-841c-ef9d3dcba253","type":"Feature","geometry":{"type":"Point","coordinates":[-87.37844645977,21.524756968372]},"properties":{"categories":{"primary":"driving_school","alternate":["pet_services"]},"confidence":0.6053488850593567,"websites":["http://holboxschoolofspanish.com/"],"emails":["info@holboxschoolofspanish.com"],"socials":["https://www.facebook.com/368275979965681"],"phones":["+529841346640"],"brand":{"wikidata":null,"names":{"primary":null,"common":null,"rules":null}},"addresses":[{"freeform":"Informes en VIP Holbox -  Damero esq. Carito","locality":"Lázaro Cárdenas","postcode":"77310","region":null,"country":"MX"}],"names":{"primary":"Holbox School of Spanish","common":null,"rules":null},"sources":[{"property":"","dataset":"meta","license":"CDLA-Permissive-2.0","record_id":"368275979965681","update_time":"2026-04-27T00:00:00.000Z","confidence":0.6053488850593567,"between":null},{"property":"/properties/confidence","dataset":"Overture","license":"CDLA-Permissive-2.0","record_id":null,"update_time":"2026-06-11T11:57:15Z","confidence":null,"between":null}],"basic_category":"specialty_school","taxonomy":{"primary":"driving_school","hierarchy":["education","place_of_learning","specialty_school","driving_school"],"alternates":null},"version":9}},
{"id":"9d6e785c-128e-49b0-9954-fbf597651bc4","type":"Feature","geometry":{"type":"Point","coordinates":[-87.37846151,21.52480018]},"properties":{"categories":{"primary":"swimwear_store","alternate":["clothing_store","bar"]},"confidence":0.4641016125679016,"socials":["https://www.facebook.com/1775444942784085"],"brand":{"wikidata":null,"names":{"primary":null,"common":null,"rules":null}},"addresses":[{"freeform":"Av. Damero 310","locality":"Lázaro Cárdenas","postcode":"77310","region":null,"country":"MX"}],"names":{"primary":"El Trikini","common":null,"rules":null},"sources":[{"property":"","dataset":"meta","license":"CDLA-Permissive-2.0","record_id":"1775444942784085","update_time":"2026-04-27T00:00:00.000Z","confidence":0.4641016125679016,"between":null},{"property":"/properties/confidence","dataset":"Overture","license":"CDLA-Permissive-2.0","record_id":null,"update_time":"2026-06-11T11:57:15Z","confidence":null,"between":null}],"basic_category":"sporting_goods_store","taxonomy":{"primary":"swimwear_store","hierarchy":["shopping","specialty_store","sporting_goods_store","swimwear_store"],"alternates":null},"version":8}},
{"id":"7a2c0f86-b615-4b21-aaaf-c0e5c9d0100a","type":"Feature","geometry":{"type":"Point","coordinates":[-87.37863309,21.52462917]},"properties":{"categories":{"primary":"hotel","alternate":["accommodation","lodge"]},"confidence":0.9852885603904724,"websites":["http://hotelitovillasholbox.com/"],"emails":["hotelitovillasholbox@gmail.com"],"socials":["https://www.facebook.com/110358923904675"],"phones":["+529843222246"],"brand":{"wikidata":null,"names":{"primary":null,"common":null,"rules":null}},"addresses":[{"freeform":"Av. Damero s/n","locality":"Lázaro Cárdenas","postcode":"77310","region":null,"country":"MX"}],"names":{"primary":"Hotelito Villas Holbox","common":null,"rules":null},"sources":[{"property":"","dataset":"meta","license":"CDLA-Permissive-2.0","record_id":"110358923904675","update_time":"2026-04-27T00:00:00.000Z","confidence":0.9852885603904724,"between":null},{"property":"/properties/confidence","dataset":"Overture","license":"CDLA-Permissive-2.0","record_id":null,"update_time":"2026-06-11T11:57:15Z","confidence":null,"between":null}],"basic_category":"hotel","taxonomy":{"primary":"hotel","hierarchy":["lodging","hotel"],"alternates":null},"version":3}},
{"id":"6118163c-23ef-4619-bb12-3037aa6bd8c9","type":"Feature","geometry":{"type":"Point","coordinates":[-87.37866984,21.52457983]},"properties":{"categories":{"primary":"cafe","alternate":["coffee_shop","restaurant"]},"confidence":0.6092907786369324,"socials":["https://www.facebook.com/146011149275837"],"phones":["+523318635683"],"brand":{"wikidata":null,"names":{"primary":null,"common":null,"rules":null}},"addresses":[{"freeform":"Av. Damero 310","locality":"Lázaro Cárdenas","postcode":"77310","region":null,"country":"MX"}],"names":{"primary":"Tierra Mia Juice and Coffee","common":null,"rules":null},"sources":[{"property":"","dataset":"meta","license":"CDLA-Permissive-2.0","record_id":"146011149275837","update_time":"2026-04-27T00:00:00.000Z","confidence":0.6092907786369324,"between":null},{"property":"/properties/confidence","dataset":"Overture","license":"CDLA-Permissive-2.0","record_id":null,"update_time":"2026-06-11T11:57:15Z","confidence":null,"between":null}],"basic_category":"cafe","taxonomy":{"primary":"cafe","hierarchy":["food_and_drink","casual_eatery","cafe"],"alternates":null},"version":2}},
{"id":"425a862b-7639-47db-a5c8-18bfec4042a4","type":"Feature","geometry":{"type":"Point","coordinates":[-87.37847658,21.52464464]},"properties":{"categories":{"primary":"bakery","alternate":null},"confidence":0.9443520903587341,"emails":["publicidadvivazapataholbox@gmail.com"],"socials":["https://www.facebook.com/107306799044661"],"phones":["+529993548953"],"brand":{"wikidata":null,"names":{"primary":null,"common":null,"rules":null}},"addresses":[{"freeform":"Av. Damero entre Palomino y Carito","locality":"Lázaro Cárdenas","postcode":"77310","region":null,"country":"MX"}],"names":{"primary":"Panadería Mexicana Rosaura","common":null,"rules":null},"sources":[{"property":"","dataset":"meta","license":"CDLA-Permissive-2.0","record_id":"107306799044661","update_time":"2026-04-27T00:00:00.000Z","confidence":0.9443520903587341,"between":null},{"property":"/properties/confidence","dataset":"Overture","license":"CDLA-Permissive-2.0","record_id":null,"update_time":"2026-06-11T11:57:15Z","confidence":null,"between":null}],"basic_category":"casual_eatery","taxonomy":{"primary":"bakery","hierarchy":["food_and_drink","casual_eatery","bakery"],"alternates":null},"version":10}},
{"id":"9ba1f10d-e3c2-4816-9650-fe6cbadc0307","type":"Feature","geometry":{"type":"Point","coordinates":[-87.37839323282242,21.5246776085187]},"properties":{"categories":{"primary":"sightseeing_tour_agency","alternate":["travel_agents","business_to_business","travel"]},"confidence":0.85,"websites":["http://www.vipholbox.com/"],"phones":["9848752107"],"addresses":[{"freeform":"Calle Igualdad x Bravo","locality":"Isla Holbox","postcode":"77310","region":"Quintana Roo","country":"MX"}],"names":{"primary":"VIP Holbox Experience","common":null,"rules":null},"sources":[{"property":"","dataset":"Microsoft","license":"CDLA-Permissive-2.0","record_id":"844424931303039","update_time":"2020-10-18T19:35:56.390Z","confidence":0.85,"between":null},{"property":"/properties/confidence","dataset":"Overture","license":"CDLA-Permissive-2.0","record_id":null,"update_time":"2026-06-11T11:57:15Z","confidence":null,"between":null}],"basic_category":"travel_service","taxonomy":{"primary":"sightseeing_tour_agency","hierarchy":["travel_and_transportation","travel_service","tour_operator","sightseeing_tour_agency"],"alternates":null},"version":7}},
{"id":"c409e6e4-f470-4518-89c1-bf5f8e02a03d","type":"Feature","geometry":{"type":"Point","coordinates":[-87.37848857,21.52472097]},"properties":{"categories":{"primary":"shipping_center","alternate":["transportation","tours"]},"confidence":0.3799922466278076,"websites":["http://transfercoralholbox.com/"],"emails":["info@transfercoralholbox.com"],"socials":["https://www.facebook.com/101434745486335"],"phones":["+529848752104"],"brand":{"wikidata":null,"names":{"primary":null,"common":null,"rules":null}},"addresses":[{"freeform":"calle damero x carito","locality":"Lázaro Cárdenas","postcode":"77310","region":null,"country":"MX"}],"names":{"primary":"Transfer Holbox","common":null,"rules":null},"sources":[{"property":"","dataset":"meta","license":"CDLA-Permissive-2.0","record_id":"101434745486335","update_time":"2026-04-27T00:00:00.000Z","confidence":0.3799922466278076,"between":null},{"property":"/properties/confidence","dataset":"Overture","license":"CDLA-Permissive-2.0","record_id":null,"update_time":"2026-06-11T11:57:15Z","confidence":null,"between":null}],"basic_category":"shipping_or_delivery_service","taxonomy":{"primary":"shipping_center","hierarchy":["services_and_business","shipping_or_delivery_service","shipping_center"],"alternates":null},"version":8}},
{"id":"bdd32698-2c72-45e1-bd4a-9ce5c5bdcbe9","type":"Feature","geometry":{"type":"Point","coordinates":[-87.37847718,21.524719]},"properties":{"categories":{"primary":"bar","alternate":["restaurant","latin_american_restaurant"]},"confidence":0.9859409928321838,"emails":["aromaholboch@gmail.com"],"socials":["https://www.facebook.com/103317138414440"],"phones":["+529842492156"],"brand":{"wikidata":null,"names":{"primary":null,"common":null,"rules":null}},"addresses":[{"freeform":"Av. Damero","locality":"Lázaro Cárdenas","postcode":"77310","region":null,"country":"MX"}],"names":{"primary":"Azotea Catorce","common":null,"rules":null},"sources":[{"property":"","dataset":"meta","license":"CDLA-Permissive-2.0","record_id":"103317138414440","update_time":"2026-04-27T00:00:00.000Z","confidence":0.9859409928321838,"between":null},{"property":"/properties/confidence","dataset":"Overture","license":"CDLA-Permissive-2.0","record_id":null,"update_time":"2026-06-11T11:57:15Z","confidence":null,"between":null}],"basic_category":"bar","taxonomy":{"primary":"bar","hierarchy":["food_and_drink","alcoholic_beverage_venue","bar"],"alternates":null},"version":10}},
{"id":"edf0b619-637a-42e2-a94a-5df198e261a5","type":"Feature","geometry":{"type":"Point","coordinates":[-87.37546904,21.52483347]},"properties":{"categories":{"primary":"breakfast_and_brunch_restaurant","alternate":["restaurant","diner"]},"confidence":0.9168795347213745,"emails":["biluholbox@gmail.com"],"socials":["https://www.facebook.com/102852775831114"],"brand":{"wikidata":null,"names":{"primary":null,"common":null,"rules":null}},"addresses":[{"freeform":"C. P.º Kuka","locality":"Lázaro Cárdenas","postcode":"77310","region":null,"country":"MX"}],"names":{"primary":"Bilú","common":null,"rules":null},"sources":[{"property":"","dataset":"meta","license":"CDLA-Permissive-2.0","record_id":"102852775831114","update_time":"2026-04-27T00:00:00.000Z","confidence":0.9168795347213745,"between":null},{"property":"/properties/confidence","dataset":"Overture","license":"CDLA-Permissive-2.0","record_id":null,"update_time":"2026-06-11T11:57:15Z","confidence":null,"between":null}],"basic_category":"restaurant","taxonomy":{"primary":"breakfast_and_brunch_restaurant","hierarchy":["food_and_drink","restaurant","breakfast_and_brunch_restaurant"],"alternates":null},"version":7}},
{"id":"ec075ee2-764e-448e-a4df-9e6ca62c5787","type":"Feature","geometry":{"type":"Point","coordinates":[-87.3752,21.52483]},"properties":{"categories":{"primary":"hotel","alternate":null},"confidence":0.328778475522995,"websites":["https://aldeakuka.mx/"],"socials":["https://www.facebook.com/606939049167353"],"phones":["+529842399556"],"brand":{"wikidata":null,"names":{"primary":"Aldea Kuká","common":null,"rules":null}},"addresses":[{"freeform":"Calle Paseo Kuka , Holbox Quintana roo ","locality":"Lázaro Cárdenas","postcode":"77310","region":null,"country":"MX"}],"names":{"primary":"Rh Hotel Aldea Kuka ","common":null,"rules":null},"sources":[{"property":"","dataset":"meta","license":"CDLA-Permissive-2.0","record_id":"606939049167353","update_time":"2026-04-27T00:00:00.000Z","confidence":0.328778475522995,"between":null},{"property":"/properties/confidence","dataset":"Overture","license":"CDLA-Permissive-2.0","record_id":null,"update_time":"2026-06-11T11:57:15Z","confidence":null,"between":null}],"basic_category":"hotel","taxonomy":{"primary":"hotel","hierarchy":["lodging","hotel"],"alternates":null},"version":2}},
{"id":"6d3f12fa-2391-4530-88f4-b2ab2f70ca31","type":"Feature","geometry":{"type":"Point","coordinates":[-87.37544,21.524920167618]},"properties":{"categories":{"primary":"record_label","alternate":["arts_and_entertainment"]},"confidence":0.05478229746222496,"websites":["https://youtube.com/@elchhoperrr101oficial?si=nIbzP6RHMlWB-9p9"],"emails":["elchhoperrr101oficial@gmail.com"],"socials":["https://www.facebook.com/120552515268722"],"brand":{"wikidata":null,"names":{"primary":null,"common":null,"rules":null}},"addresses":[{"freeform":null,"locality":"Lázaro Cárdenas","postcode":null,"region":null,"country":"MX"}],"names":{"primary":"El Chhoperrr101","common":null,"rules":null},"sources":[{"property":"","dataset":"meta","license":"CDLA-Permissive-2.0","record_id":"120552515268722","update_time":"2026-04-27T00:00:00.000Z","confidence":0.05478229746222496,"between":null},{"property":"/properties/confidence","dataset":"Overture","license":"CDLA-Permissive-2.0","record_id":null,"update_time":"2026-06-11T11:57:15Z","confidence":null,"between":null}],"basic_category":"media_service","taxonomy":{"primary":"record_label","hierarchy":["services_and_business","media_service","record_label"],"alternates":null},"version":1}},
{"id":"f3126c14-2d47-4e24-a96a-d9d224b340f5","type":"Feature","geometry":{"type":"Point","coordinates":[-87.37628525,21.52503438]},"properties":{"categories":{"primary":"sightseeing_tour_agency","alternate":["tours"]},"confidence":0.34021836519241333,"websites":["https://wa.me/5219841689929?text=Me+gustar%C3%ADa+saber+la+informcion+sobre+los+tours+en+holbox"],"emails":["peche_1983@hotmail.com"],"socials":["https://www.facebook.com/1899681870299933"],"phones":["+529841257597"],"brand":{"wikidata":null,"names":{"primary":null,"common":null,"rules":null}},"addresses":[{"freeform":"C. Jerónimo de Aguilar sn Isla Holbox Holbox Q.R MX","locality":"Lázaro Cárdenas","postcode":"77310","region":null,"country":"MX"}],"names":{"primary":"Isla Holbox Gemelas Tours","common":null,"rules":null},"sources":[{"property":"","dataset":"meta","license":"CDLA-Permissive-2.0","record_id":"1899681870299933","update_time":"2026-04-27T00:00:00.000Z","confidence":0.34021836519241333,"between":null},{"property":"/properties/confidence","dataset":"Overture","license":"CDLA-Permissive-2.0","record_id":null,"update_time":"2026-06-11T11:57:15Z","confidence":null,"between":null}],"basic_category":"travel_service","taxonomy":{"primary":"sightseeing_tour_agency","hierarchy":["travel_and_transportation","travel_service","tour_operator","sightseeing_tour_agency"],"alternates":null},"version":9}},
{"id":"6523d406-79be-4fb4-95f1-dbfd6bc3ff28","type":"Feature","geometry":{"type":"Point","coordinates":[-87.374997138977,21.525255997394]},"properties":{"categories":{"primary":"holiday_rental_home","alternate":["hotel","accommodation"]},"confidence":0.5461193323135376,"websites":["https://ardentia.mx/"],"emails":["info@ardentia.mx"],"socials":["https://www.facebook.com/103049565028277"],"brand":{"wikidata":null,"names":{"primary":"Ardentia","common":null,"rules":null}},"addresses":[{"freeform":"Avenida Paseo Kuka s/n entre calles San Pedro Y Jurel","locality":"Lázaro Cárdenas","postcode":"77310","region":null,"country":"MX"}],"names":{"primary":"Ardentía Apartments","common":null,"rules":null},"sources":[{"property":"","dataset":"meta","license":"CDLA-Permissive-2.0","record_id":"103049565028277","update_time":"2026-04-27T00:00:00.000Z","confidence":0.5461193323135376,"between":null},{"property":"/properties/confidence","dataset":"Overture","license":"CDLA-Permissive-2.0","record_id":null,"update_time":"2026-06-11T11:57:15Z","confidence":null,"between":null}],"basic_category":"private_lodging","taxonomy":{"primary":"holiday_rental_home","hierarchy":["lodging","private_lodging","holiday_rental_home"],"alternates":null},"version":8}},
{"id":"cba4d5a9-24db-410c-af4a-4548d3d68768","type":"Feature","geometry":{"type":"Point","coordinates":[-87.37449929,21.52531695]},"properties":{"categories":{"primary":"hotel","alternate":["lodge","accommodation"]},"confidence":0.9230265021324158,"websites":["https://www.booking.com/Share-lx79Z5"],"emails":["frequencyhhotel1@hotmail.com"],"socials":["https://www.facebook.com/208237233363134"],"phones":["+526562681898"],"brand":{"wikidata":null,"names":{"primary":null,"common":null,"rules":null}},"addresses":[{"freeform":"Calle 15 84","locality":"Mérida","postcode":"97208","region":null,"country":"MX"}],"names":{"primary":"Frequency","common":null,"rules":null},"sources":[{"property":"","dataset":"meta","license":"CDLA-Permissive-2.0","record_id":"208237233363134","update_time":"2026-04-27T00:00:00.000Z","confidence":0.9230265021324158,"between":null},{"property":"/properties/confidence","dataset":"Overture","license":"CDLA-Permissive-2.0","record_id":null,"update_time":"2026-06-11T11:57:15Z","confidence":null,"between":null}],"basic_category":"hotel","taxonomy":{"primary":"hotel","hierarchy":["lodging","hotel"],"alternates":null},"version":11}},
{"id":"a254264e-b1a1-4f4a-bc6b-f6ad7fac22f2","type":"Feature","geometry":{"type":"Point","coordinates":[-87.37420669,21.52532403]},"properties":{"categories":{"primary":"hotel","alternate":["lodge","accommodation"]},"confidence":0.976865291595459,"websites":["https://villaspalmar.com.mx/"],"emails":["villaspalmar.holbox@gmail.com"],"socials":["https://www.facebook.com/1124201761091710"],"phones":["+529841964753"],"brand":{"wikidata":null,"names":{"primary":null,"common":null,"rules":null}},"addresses":[{"freeform":"Calle Jurel, C. P.º Kuka entre esquina","locality":"Lázaro Cárdenas","postcode":"77310","region":null,"country":"MX"}],"names":{"primary":"Villas Palmar","common":null,"rules":null},"sources":[{"property":"","dataset":"meta","license":"CDLA-Permissive-2.0","record_id":"1124201761091710","update_time":"2026-04-27T00:00:00.000Z","confidence":0.976865291595459,"between":null},{"property":"/properties/confidence","dataset":"Overture","license":"CDLA-Permissive-2.0","record_id":null,"update_time":"2026-06-11T11:57:15Z","confidence":null,"between":null}],"basic_category":"hotel","taxonomy":{"primary":"hotel","hierarchy":["lodging","hotel"],"alternates":null},"version":11}},
{"id":"f9499493-bfa9-477e-a481-f277f383f520","type":"Feature","geometry":{"type":"Point","coordinates":[-87.3749158,21.52551042]},"properties":{"categories":{"primary":"tours","alternate":["travel_company","canoe_and_kayak_hire_service"]},"confidence":0.5960391163825989,"websites":["http://kayakholboxntravels.com/"],"emails":["r2ri2_@hotmail.com"],"socials":["https://www.facebook.com/112802423618661"],"phones":["+529982280151"],"brand":{"wikidata":null,"names":{"primary":null,"common":null,"rules":null}},"addresses":[{"freeform":"Paseo Kuka, calle Jurel Calle jurel, C. P.º Kuka","locality":"Lázaro Cárdenas","postcode":"77310","region":null,"country":"MX"}],"names":{"primary":"Kayaking Holbox","common":null,"rules":null},"sources":[{"property":"","dataset":"meta","license":"CDLA-Permissive-2.0","record_id":"112802423618661","update_time":"2026-04-27T00:00:00.000Z","confidence":0.5960391163825989,"between":null},{"property":"/properties/confidence","dataset":"Overture","license":"CDLA-Permissive-2.0","record_id":null,"update_time":"2026-06-11T11:57:15Z","confidence":null,"between":null}],"basic_category":"travel_service","taxonomy":{"primary":"tour_operator","hierarchy":["travel_and_transportation","travel_service","tour_operator"],"alternates":null},"version":11}},
{"id":"d88f9e6f-a1c5-45ea-8c33-3c7ab2fac7e2","type":"Feature","geometry":{"type":"Point","coordinates":[-87.37480604,21.5255841]},"properties":{"categories":{"primary":"restaurant","alternate":["bar","mexican_restaurant"]},"confidence":0.9901490211486816,"emails":["contactoholboxpiedrasanta@gmail.com"],"socials":["https://www.facebook.com/101247017969686"],"phones":["+529842173219"],"brand":{"wikidata":null,"names":{"primary":null,"common":null,"rules":null}},"addresses":[{"freeform":"Paseo Kuka, Calle Jurel esquina","locality":"Lázaro Cárdenas","postcode":"77310","region":null,"country":"MX"}],"names":{"primary":"Piedrasanta Holbox","common":null,"rules":null},"sources":[{"property":"","dataset":"meta","license":"CDLA-Permissive-2.0","record_id":"101247017969686","update_time":"2026-04-27T00:00:00.000Z","confidence":0.9901490211486816,"between":null},{"property":"/properties/confidence","dataset":"Overture","license":"CDLA-Permissive-2.0","record_id":null,"update_time":"2026-06-11T11:57:15Z","confidence":null,"between":null}],"basic_category":"restaurant","taxonomy":{"primary":"restaurant","hierarchy":["food_and_drink","restaurant"],"alternates":null},"version":9}},
{"id":"7f26f734-83da-4389-92db-ada3d5d54915","type":"Feature","geometry":{"type":"Point","coordinates":[-87.37442315,21.52563201]},"properties":{"categories":{"primary":"boat_tours","alternate":["tours","professional_services"]},"confidence":0.5906769037246704,"emails":["turisticamaquiemli@gmail.com"],"socials":["https://www.facebook.com/109579627879438"],"phones":["+529841963018"],"brand":{"wikidata":null,"names":{"primary":null,"common":null,"rules":null}},"addresses":[{"freeform":"CALLE PASEO KUKA, Calle Jurel","locality":"Lázaro Cárdenas","postcode":"77310","region":null,"country":"MX"}],"names":{"primary":"Turistica Maquiemli","common":null,"rules":null},"sources":[{"property":"","dataset":"meta","license":"CDLA-Permissive-2.0","record_id":"109579627879438","update_time":"2026-04-27T00:00:00.000Z","confidence":0.5906769037246704,"between":null},{"property":"/properties/confidence","dataset":"Overture","license":"CDLA-Permissive-2.0","record_id":null,"update_time":"2026-06-11T11:57:15Z","confidence":null,"between":null}],"basic_category":"travel_service","taxonomy":{"primary":"boat_tour","hierarchy":["travel_and_transportation","travel_service","tour_operator","boat_tour"],"alternates":null},"version":8}},
{"id":"fa66d781-3eee-49eb-85ea-12e06ea4cc82","type":"Feature","geometry":{"type":"Point","coordinates":[-87.37505286,21.52501102]},"properties":{"categories":{"primary":"pentecostal_church","alternate":["religious_organization","island"]},"confidence":0.6036466360092163,"socials":["https://www.facebook.com/555780684856470"],"brand":{"wikidata":null,"names":{"primary":null,"common":null,"rules":null}},"addresses":[{"freeform":"C. San Pedro","locality":"Lázaro Cárdenas","postcode":"77310","region":null,"country":"MX"}],"names":{"primary":"Templo Bethel","common":null,"rules":null},"sources":[{"property":"","dataset":"meta","license":"CDLA-Permissive-2.0","record_id":"555780684856470","update_time":"2026-04-27T00:00:00.000Z","confidence":0.6036466360092163,"between":null},{"property":"/properties/confidence","dataset":"Overture","license":"CDLA-Permissive-2.0","record_id":null,"update_time":"2026-06-11T11:57:15Z","confidence":null,"between":null}],"basic_category":"christian_place_of_worship","taxonomy":{"primary":"pentecostal_place_of_worship","hierarchy":["cultural_and_historic","religious_organization","place_of_worship","christian_place_of_worship","protestant_place_of_worship","pentecostal_place_of_worship"],"alternates":null},"version":8}},
{"id":"9dd155b1-a5da-4f6a-a3ba-5c4784c30411","type":"Feature","geometry":{"type":"Point","coordinates":[-87.37172171564075,21.528721884189153]},"properties":{"categories":{"primary":"holiday_rental_home","alternate":["hotel","retirement_home"]},"confidence":0.868272066116333,"emails":["emiliogt85@gmail.com"],"socials":["https://www.facebook.com/275604879578456"],"brand":{"wikidata":null,"names":{"primary":null,"common":null,"rules":null}},"addresses":[{"freeform":"Holbox Island","locality":"Lázaro Cárdenas","postcode":"77310","region":null,"country":"MX"}],"names":{"primary":"Villa Moopich","common":null,"rules":null},"sources":[{"property":"","dataset":"meta","license":"CDLA-Permissive-2.0","record_id":"275604879578456","update_time":"2026-04-27T00:00:00.000Z","confidence":0.868272066116333,"between":null},{"property":"/properties/confidence","dataset":"Overture","license":"CDLA-Permissive-2.0","record_id":null,"update_time":"2026-06-11T11:57:15Z","confidence":null,"between":null}],"basic_category":"private_lodging","taxonomy":{"primary":"holiday_rental_home","hierarchy":["lodging","private_lodging","holiday_rental_home"],"alternates":null},"version":8}},
{"id":"570f9efd-9d83-4dd4-b54e-9227c0d59851","type":"Feature","geometry":{"type":"Point","coordinates":[-87.37156677,21.52882789]},"properties":{"categories":{"primary":"hotel","alternate":["professional_services","holiday_rental_home"]},"confidence":0.3575109541416168,"socials":["https://www.facebook.com/411047166017923"],"brand":{"wikidata":null,"names":{"primary":null,"common":null,"rules":null}},"addresses":[{"freeform":"Av. Damero con","locality":"Lázaro Cárdenas","postcode":"77310","region":null,"country":"MX"}],"names":{"primary":"Ventana al Paraiso","common":null,"rules":null},"sources":[{"property":"","dataset":"meta","license":"CDLA-Permissive-2.0","record_id":"411047166017923","update_time":"2026-04-27T00:00:00.000Z","confidence":0.3575109541416168,"between":null},{"property":"/properties/confidence","dataset":"Overture","license":"CDLA-Permissive-2.0","record_id":null,"update_time":"2026-06-11T11:57:15Z","confidence":null,"between":null}],"basic_category":"hotel","taxonomy":{"primary":"hotel","hierarchy":["lodging","hotel"],"alternates":null},"version":8}},
{"id":"242c27c8-918c-4419-a6ac-f6b42bbfaefc","type":"Feature","geometry":{"type":"Point","coordinates":[-87.37126831,21.52903542]},"properties":{"categories":{"primary":"accommodation","alternate":["hotel","lodge"]},"confidence":0.8550314903259277,"websites":["https://www.blueholboxhotel.com/"],"emails":["reservas@blueholboxhotel.com"],"socials":["https://www.facebook.com/314811879384269"],"phones":["+529842108096"],"brand":{"wikidata":null,"names":{"primary":null,"common":null,"rules":null}},"addresses":[{"freeform":"Beach front","locality":"Lázaro Cárdenas","postcode":"77310","region":null,"country":"MX"}],"names":{"primary":"Blue Holbox","common":null,"rules":null},"sources":[{"property":"","dataset":"meta","license":"CDLA-Permissive-2.0","record_id":"314811879384269","update_time":"2026-04-27T00:00:00.000Z","confidence":0.8550314903259277,"between":null},{"property":"/properties/confidence","dataset":"Overture","license":"CDLA-Permissive-2.0","record_id":null,"update_time":"2026-06-11T11:57:15Z","confidence":null,"between":null}],"basic_category":"lodging","taxonomy":{"primary":"lodging","hierarchy":["lodging"],"alternates":null},"version":10}},
{"id":"28c0a098-2b8e-4e1b-9596-149f2907f124","type":"Feature","geometry":{"type":"Point","coordinates":[-87.367434,21.523841]},"properties":{"categories":{"primary":"active_life","alternate":["attractions_and_activities","arts_and_entertainment"]},"confidence":0.43721404671669006,"websites":["http://www.holboxkiteboarding.com/"],"emails":["patrick@islaholbox.eu"],"socials":["https://www.facebook.com/477958235727726"],"phones":["+529848752129"],"brand":{"wikidata":null,"names":{"primary":"Holbox Kiteboarding","common":null,"rules":null}},"addresses":[{"freeform":"Mza 1 Calle Igualdad Lote 2","locality":null,"postcode":"77310","region":null,"country":"MX"}],"names":{"primary":"Holbox Kiteboarding School by Casa las Tortugas","common":null,"rules":null},"sources":[{"property":"","dataset":"meta","license":"CDLA-Permissive-2.0","record_id":"477958235727726","update_time":"2026-04-27T00:00:00.000Z","confidence":0.43721404671669006,"between":null},{"property":"/properties/confidence","dataset":"Overture","license":"CDLA-Permissive-2.0","record_id":null,"update_time":"2026-06-11T11:57:15Z","confidence":null,"between":null}],"taxonomy":{"primary":"sports_and_recreation","hierarchy":["sports_and_recreation"],"alternates":null},"version":5}},
{"id":"f35f9903-06ce-4bcb-a88f-8e0b7143d579","type":"Feature","geometry":{"type":"Point","coordinates":[-87.362251281738,21.521593084486]},"properties":{"categories":{"primary":"boat_service_and_repair","alternate":null},"confidence":0.7146787643432617,"emails":["reservaciones@marinasunriseholbox.com"],"socials":["https://www.facebook.com/1814192538797104"],"phones":["+529841352769"],"brand":{"wikidata":null,"names":{"primary":null,"common":null,"rules":null}},"addresses":[{"freeform":"Calle Esmedregal esquina calle Caleta","locality":"Holbox","postcode":"77310","region":null,"country":"MX"}],"names":{"primary":"Marina Sunrise","common":null,"rules":null},"sources":[{"property":"","dataset":"meta","license":"CDLA-Permissive-2.0","record_id":"1814192538797104","update_time":"2026-04-27T00:00:00.000Z","confidence":0.7146787643432617,"between":null},{"property":"/properties/confidence","dataset":"Overture","license":"CDLA-Permissive-2.0","record_id":null,"update_time":"2026-06-11T11:57:15Z","confidence":null,"between":null}],"basic_category":"vehicle_service","taxonomy":{"primary":"boat_service","hierarchy":["travel_and_transportation","vehicle_service","boat_service"],"alternates":null},"version":5}},
{"id":"63dabb10-77eb-4e8e-83f8-2ad7a93f047c","type":"Feature","geometry":{"type":"Point","coordinates":[-87.3752867,21.5195502]},"properties":{"categories":{"primary":"travel","alternate":null},"confidence":0.85,"websites":["https://www.9hermanos.com/"],"phones":["9841087514"],"addresses":[{"freeform":"Paseo de la Caleta s/n","locality":"Holbox","postcode":"77310","region":"","country":"MX"}],"names":{"primary":"Holbox Ferry","common":null,"rules":null},"sources":[{"property":"","dataset":"Microsoft","license":"CDLA-Permissive-2.0","record_id":"1688849865861911","update_time":"2025-08-05T12:07:52.330Z","confidence":0.85,"between":null},{"property":"/properties/confidence","dataset":"Overture","license":"CDLA-Permissive-2.0","record_id":null,"update_time":"2026-06-11T11:57:15Z","confidence":null,"between":null}],"basic_category":"travel_service","taxonomy":{"primary":"travel_service","hierarchy":["travel_and_transportation","travel_service"],"alternates":null},"version":7}},
{"id":"d5328688-a651-48c2-8ac9-25c1fd207684","type":"Feature","geometry":{"type":"Point","coordinates":[-87.37542361021,21.519434717224]},"properties":{"categories":{"primary":"convenience_store","alternate":["beer_garden"]},"confidence":0.906379759311676,"emails":["minisuper.elcachorro@hotmail.com"],"socials":["https://www.facebook.com/112604457264063"],"phones":["+529842555732"],"brand":{"wikidata":null,"names":{"primary":null,"common":null,"rules":null}},"addresses":[{"freeform":"calle caleta fiscal","locality":"Lázaro Cárdenas","postcode":"77310","region":null,"country":"MX"}],"names":{"primary":"Minisuper El Cachorro Holbox","common":null,"rules":null},"sources":[{"property":"","dataset":"meta","license":"CDLA-Permissive-2.0","record_id":"112604457264063","update_time":"2026-04-27T00:00:00.000Z","confidence":0.906379759311676,"between":null},{"property":"/properties/confidence","dataset":"Overture","license":"CDLA-Permissive-2.0","record_id":null,"update_time":"2026-06-11T11:57:15Z","confidence":null,"between":null}],"basic_category":"convenience_store","taxonomy":{"primary":"convenience_store","hierarchy":["shopping","convenience_store"],"alternates":null},"version":8}},
{"id":"748b57fc-c591-40a7-a68f-9cf3e0c05197","type":"Feature","geometry":{"type":"Point","coordinates":[-87.375189,21.519418]},"properties":{"categories":{"primary":"pier","alternate":["ferry_boat_company"]},"confidence":0.8037737607955933,"socials":["https://www.facebook.com/432225086839621"],"brand":{"wikidata":null,"names":{"primary":null,"common":null,"rules":null}},"addresses":[{"freeform":"","locality":"Lázaro Cárdenas","postcode":"","region":null,"country":"MX"}],"names":{"primary":"Muelle Holbox","common":null,"rules":null},"sources":[{"property":"","dataset":"meta","license":"CDLA-Permissive-2.0","record_id":"432225086839621","update_time":"2026-04-27T00:00:00.000Z","confidence":0.8037737607955933,"between":null},{"property":"/properties/confidence","dataset":"Overture","license":"CDLA-Permissive-2.0","record_id":null,"update_time":"2026-06-11T11:57:15Z","confidence":null,"between":null}],"basic_category":"pier","taxonomy":{"primary":"pier","hierarchy":["geographic_entities","built_feature","pier"],"alternates":null},"version":1}},
{"id":"bea6f674-dc2a-4ac5-8d8e-627f8708e983","type":"Feature","geometry":{"type":"Point","coordinates":[-87.37553358078,21.519357364739]},"properties":{"categories":{"primary":"campground","alternate":["hotel","hostel"]},"confidence":0.7243372201919556,"emails":["glampingholboxsunset@gmail.com"],"socials":["https://www.facebook.com/295983560830384"],"phones":["+529841435270"],"brand":{"wikidata":null,"names":{"primary":null,"common":null,"rules":null}},"addresses":[{"freeform":"Playa entre calle Palominos y Nicolas Bravo","locality":"Lázaro Cárdenas","postcode":"77310","region":null,"country":"MX"}],"names":{"primary":"Glamping Holbox Sunset","common":null,"rules":null},"sources":[{"property":"","dataset":"meta","license":"CDLA-Permissive-2.0","record_id":"295983560830384","update_time":"2026-04-27T00:00:00.000Z","confidence":0.7243372201919556,"between":null},{"property":"/properties/confidence","dataset":"Overture","license":"CDLA-Permissive-2.0","record_id":null,"update_time":"2026-06-11T11:57:15Z","confidence":null,"between":null}],"basic_category":"campground","taxonomy":{"primary":"campground","hierarchy":["lodging","campground"],"alternates":null},"version":9}},
{"id":"e50fe839-a2f1-4ff9-95c6-526efd26c083","type":"Feature","geometry":{"type":"Point","coordinates":[-87.37656,21.519063141823]},"properties":{"categories":{"primary":"hotel","alternate":null},"confidence":0.5385688543319702,"emails":["joseh617632@gmail.com"],"socials":["https://www.facebook.com/101294662544151"],"phones":["+529981041318"],"brand":{"wikidata":null,"names":{"primary":null,"common":null,"rules":null}},"addresses":[{"freeform":null,"locality":"Lázaro Cárdenas","postcode":null,"region":null,"country":"MX"}],"names":{"primary":"Villas Mora","common":null,"rules":null},"sources":[{"property":"","dataset":"meta","license":"CDLA-Permissive-2.0","record_id":"101294662544151","update_time":"2026-04-27T00:00:00.000Z","confidence":0.5385688543319702,"between":null},{"property":"/properties/confidence","dataset":"Overture","license":"CDLA-Permissive-2.0","record_id":null,"update_time":"2026-06-11T11:57:15Z","confidence":null,"between":null}],"basic_category":"hotel","taxonomy":{"primary":"hotel","hierarchy":["lodging","hotel"],"alternates":null},"version":2}},
{"id":"d3e12769-8523-4095-ae29-fa013ec8b6cc","type":"Feature","geometry":{"type":"Point","coordinates":[-87.377979151313,21.518418292924]},"properties":{"categories":{"primary":"storage_facility","alternate":["superstore","shipping_center"]},"confidence":0.5308803915977478,"websites":["http://120box.mx/"],"socials":["https://www.facebook.com/108998651843077"],"phones":["+529841864435"],"brand":{"wikidata":null,"names":{"primary":null,"common":null,"rules":null}},"addresses":[{"freeform":"Calle Zazil ha, esq calle Lisa","locality":"Lázaro Cárdenas","postcode":"77310","region":null,"country":"MX"}],"names":{"primary":"1.20 BOX Logistics","common":null,"rules":null},"sources":[{"property":"","dataset":"meta","license":"CDLA-Permissive-2.0","record_id":"108998651843077","update_time":"2026-04-27T00:00:00.000Z","confidence":0.5308803915977478,"between":null},{"property":"/properties/confidence","dataset":"Overture","license":"CDLA-Permissive-2.0","record_id":null,"update_time":"2026-06-11T11:57:15Z","confidence":null,"between":null}],"basic_category":"storage_facility","taxonomy":{"primary":"storage_facility","hierarchy":["services_and_business","storage_facility"],"alternates":null},"version":8}},
{"id":"47f105f8-4083-4168-95c9-1fe8142008be","type":"Feature","geometry":{"type":"Point","coordinates":[-87.37917035,21.51849098]},"properties":{"categories":{"primary":"hotel","alternate":["accommodation","lodge"]},"confidence":0.9641156196594238,"websites":["https://www.misuenosholbox.com/"],"emails":["hello@misuenosholbox.com"],"socials":["https://www.facebook.com/265823017633290"],"phones":["+529841329103"],"brand":{"wikidata":null,"names":{"primary":null,"common":null,"rules":null}},"addresses":[{"freeform":"C. Gonzalo Guerrero 56","locality":"Lázaro Cárdenas","postcode":"77310","region":null,"country":"MX"}],"names":{"primary":"Mis Sueños Holbox","common":null,"rules":null},"sources":[{"property":"","dataset":"meta","license":"CDLA-Permissive-2.0","record_id":"265823017633290","update_time":"2026-04-27T00:00:00.000Z","confidence":0.9641156196594238,"between":null},{"property":"/properties/confidence","dataset":"Overture","license":"CDLA-Permissive-2.0","record_id":null,"update_time":"2026-06-11T11:57:15Z","confidence":null,"between":null}],"basic_category":"hotel","taxonomy":{"primary":"hotel","hierarchy":["lodging","hotel"],"alternates":null},"version":11}},
{"id":"61f81f4a-fc07-43c6-899c-3f758dac70ae","type":"Feature","geometry":{"type":"Point","coordinates":[-87.378700256348,21.518199291593]},"properties":{"categories":{"primary":"distillery","alternate":null},"confidence":0.7913060188293457,"websites":["https://www.trapichar.com/solferinonative"],"emails":["info@solferinogin.com"],"socials":["https://www.facebook.com/100914938869139"],"phones":["+529841209685"],"brand":{"wikidata":null,"names":{"primary":null,"common":null,"rules":null}},"addresses":[{"freeform":"Carretera Kantunilkin-Chiquilá SN","locality":"Lázaro Cárdenas","postcode":"77330","region":null,"country":"MX"}],"names":{"primary":"Destilería Solferino Native","common":null,"rules":null},"sources":[{"property":"","dataset":"meta","license":"CDLA-Permissive-2.0","record_id":"100914938869139","update_time":"2026-04-27T00:00:00.000Z","confidence":0.7913060188293457,"between":null},{"property":"/properties/confidence","dataset":"Overture","license":"CDLA-Permissive-2.0","record_id":null,"update_time":"2026-06-11T11:57:15Z","confidence":null,"between":null}],"basic_category":"distillery","taxonomy":{"primary":"distillery","hierarchy":["food_and_drink","alcoholic_beverage_venue","distillery"],"alternates":null},"version":7}},
{"id":"b5855871-b3bf-4773-86f8-c19628077255","type":"Feature","geometry":{"type":"Point","coordinates":[-87.3787,21.5182]},"properties":{"categories":{"primary":"resort","alternate":null},"confidence":0.49696463346481323,"socials":["https://www.facebook.com/727281053794215"],"brand":{"wikidata":null,"names":{"primary":null,"common":null,"rules":null}},"addresses":[{"freeform":"C. Mantaraya","locality":"Lázaro Cárdenas","postcode":"77310","region":null,"country":"MX"}],"names":{"primary":"Delek Holbox","common":null,"rules":null},"sources":[{"property":"","dataset":"meta","license":"CDLA-Permissive-2.0","record_id":"727281053794215","update_time":"2026-04-27T00:00:00.000Z","confidence":0.49696463346481323,"between":null},{"property":"/properties/confidence","dataset":"Overture","license":"CDLA-Permissive-2.0","record_id":null,"update_time":"2026-06-11T11:57:15Z","confidence":null,"between":null}],"basic_category":"resort","taxonomy":{"primary":"resort","hierarchy":["lodging","resort"],"alternates":null},"version":2}},
{"id":"de951d49-a0b9-4375-8aa9-62d17e4ff50a","type":"Feature","geometry":{"type":"Point","coordinates":[-87.37917222,21.51795224]},"properties":{"categories":{"primary":"hotel","alternate":["accommodation","lodge"]},"confidence":0.8471340537071228,"websites":["https://goo.gl/maps/CN7r23qj86U4JoyA8"],"emails":["ecocoholbox@gmail.com"],"socials":["https://www.facebook.com/114157060283193"],"phones":["+529843139923"],"brand":{"wikidata":null,"names":{"primary":null,"common":null,"rules":null}},"addresses":[{"freeform":"https://goo.gl/maps/gj2RijUpeofimYd79, C. Zazil Ha","locality":"Lázaro Cárdenas","postcode":"77310","region":null,"country":"MX"}],"names":{"primary":"Ecoco Holbox","common":null,"rules":null},"sources":[{"property":"","dataset":"meta","license":"CDLA-Permissive-2.0","record_id":"114157060283193","update_time":"2026-04-27T00:00:00.000Z","confidence":0.8471340537071228,"between":null},{"property":"/properties/confidence","dataset":"Overture","license":"CDLA-Permissive-2.0","record_id":null,"update_time":"2026-06-11T11:57:15Z","confidence":null,"between":null}],"basic_category":"hotel","taxonomy":{"primary":"hotel","hierarchy":["lodging","hotel"],"alternates":null},"version":10}},
{"id":"a0249989-c442-40da-b229-6edc6df66ccd","type":"Feature","geometry":{"type":"Point","coordinates":[-87.38326667,21.51815185]},"properties":{"categories":{"primary":"cabin","alternate":["lodge","accommodation"]},"confidence":0.8125120401382446,"emails":["jimenezsantanad@gmail.com"],"socials":["https://www.facebook.com/105355604617202"],"phones":["+529992584004"],"brand":{"wikidata":null,"names":{"primary":null,"common":null,"rules":null}},"addresses":[{"freeform":"Cerca del mercadito y aeródromo, Av. Damero","locality":"Lázaro Cárdenas","postcode":"77310","region":null,"country":"MX"}],"names":{"primary":"Cabañas el Manatí","common":null,"rules":null},"sources":[{"property":"","dataset":"meta","license":"CDLA-Permissive-2.0","record_id":"105355604617202","update_time":"2026-04-27T00:00:00.000Z","confidence":0.8125120401382446,"between":null},{"property":"/properties/confidence","dataset":"Overture","license":"CDLA-Permissive-2.0","record_id":null,"update_time":"2026-06-11T11:57:15Z","confidence":null,"between":null}],"basic_category":"lodging","taxonomy":{"primary":"cabin","hierarchy":["lodging","cabin"],"alternates":null},"version":8}},
{"id":"94f3af32-f0a8-4d03-9ceb-55ebfc9aa58e","type":"Feature","geometry":{"type":"Point","coordinates":[-87.38166856,21.5185476]},"properties":{"categories":{"primary":"cottage","alternate":["cabin","lodge"]},"confidence":0.9656593203544617,"websites":["https://arumaha.com.mx/"],"emails":["rece@arumaha.com.mx"],"socials":["https://www.facebook.com/100621782098767"],"phones":["+529981194021"],"brand":{"wikidata":null,"names":{"primary":null,"common":null,"rules":null}},"addresses":[{"freeform":"Aeródromo de Holbox, C. Erizo 3","locality":"Lázaro Cárdenas","postcode":"77310","region":null,"country":"MX"}],"names":{"primary":"Aruma Ha","common":null,"rules":null},"sources":[{"property":"","dataset":"meta","license":"CDLA-Permissive-2.0","record_id":"100621782098767","update_time":"2026-04-27T00:00:00.000Z","confidence":0.9656593203544617,"between":null},{"property":"/properties/confidence","dataset":"Overture","license":"CDLA-Permissive-2.0","record_id":null,"update_time":"2026-06-11T11:57:15Z","confidence":null,"between":null}],"basic_category":"lodging","taxonomy":{"primary":"cottage","hierarchy":["lodging","cottage"],"alternates":null},"version":10}},
{"id":"5b7556e9-6a52-45f6-a611-84aef19349cd","type":"Feature","geometry":{"type":"Point","coordinates":[-87.38305904,21.51859829]},"properties":{"confidence":0.09072254598140717,"socials":["https://www.facebook.com/114868320699536"],"brand":{"wikidata":null,"names":{"primary":null,"common":null,"rules":null}},"addresses":[{"freeform":"","locality":"Lázaro Cárdenas","postcode":"","region":null,"country":"MX"}],"names":{"primary":"1Tiburon Tigre Squalos Place","common":null,"rules":null},"sources":[{"property":"","dataset":"meta","license":"CDLA-Permissive-2.0","record_id":"114868320699536","update_time":"2026-04-27T00:00:00.000Z","confidence":0.09072254598140717,"between":null},{"property":"/properties/confidence","dataset":"Overture","license":"CDLA-Permissive-2.0","record_id":null,"update_time":"2026-06-11T11:57:15Z","confidence":null,"between":null}],"version":1}},
{"id":"5bb14c2d-9e8c-44f6-bcf2-a8188b7fb045","type":"Feature","geometry":{"type":"Point","coordinates":[-87.37960926,21.51876403]},"properties":{"categories":{"primary":"hotel","alternate":["service_apartments","holiday_rental_home"]},"confidence":0.765588104724884,"emails":["sanyamaholbox@gmail.com"],"socials":["https://www.facebook.com/166261903950399"],"phones":["+529841815831"],"brand":{"wikidata":null,"names":{"primary":null,"common":null,"rules":null}},"addresses":[{"freeform":"C. Hernán Cortés MZ 0052","locality":"Lázaro Cárdenas","postcode":"77310","region":null,"country":"MX"}],"names":{"primary":"Sanyama Holbox","common":null,"rules":null},"sources":[{"property":"","dataset":"meta","license":"CDLA-Permissive-2.0","record_id":"166261903950399","update_time":"2026-04-27T00:00:00.000Z","confidence":0.765588104724884,"between":null},{"property":"/properties/confidence","dataset":"Overture","license":"CDLA-Permissive-2.0","record_id":null,"update_time":"2026-06-11T11:57:15Z","confidence":null,"between":null}],"basic_category":"hotel","taxonomy":{"primary":"hotel","hierarchy":["lodging","hotel"],"alternates":null},"version":10}},
{"id":"a27d20e5-8ea3-4a9d-957f-b50511732a37","type":"Feature","geometry":{"type":"Point","coordinates":[-87.37889437,21.51925399]},"properties":{"categories":{"primary":"naturopathic_holistic","alternate":["counseling_and_mental_health"]},"confidence":0.2804115414619446,"emails":["loisi_77@yahoo.com.mx"],"socials":["https://www.facebook.com/144862726324005"],"phones":["+523311448874"],"brand":{"wikidata":null,"names":{"primary":null,"common":null,"rules":null}},"addresses":[{"freeform":"","locality":"Lázaro Cárdenas","postcode":"77310","region":null,"country":"MX"}],"names":{"primary":"Mi Armonia","common":null,"rules":null},"sources":[{"property":"","dataset":"meta","license":"CDLA-Permissive-2.0","record_id":"144862726324005","update_time":"2026-04-27T00:00:00.000Z","confidence":0.2804115414619446,"between":null},{"property":"/properties/confidence","dataset":"Overture","license":"CDLA-Permissive-2.0","record_id":null,"update_time":"2026-06-11T11:57:15Z","confidence":null,"between":null}],"basic_category":"complementary_and_alternative_medicine","taxonomy":{"primary":"naturopathic_medicine","hierarchy":["health_care","outpatient_care_facility","complementary_and_alternative_medicine","naturopathic_medicine"],"alternates":null},"version":8}},
{"id":"3e314247-e6c5-4417-a325-111bdc16bd21","type":"Feature","geometry":{"type":"Point","coordinates":[-87.380561,21.51923025]},"properties":{"categories":{"primary":"hotel","alternate":["lodge","inn"]},"confidence":0.9434649348258972,"websites":["http://www.casasofiaholbox.com/"],"emails":["casasofiaholbox@gmail.com"],"socials":["https://www.facebook.com/283518302121293"],"phones":["+529841089850"],"brand":{"wikidata":null,"names":{"primary":null,"common":null,"rules":null}},"addresses":[{"freeform":"","locality":"Lázaro Cárdenas","postcode":"","region":null,"country":"MX"}],"names":{"primary":"Casa Sofia Holbox","common":null,"rules":null},"sources":[{"property":"","dataset":"meta","license":"CDLA-Permissive-2.0","record_id":"283518302121293","update_time":"2026-04-27T00:00:00.000Z","confidence":0.9434649348258972,"between":null},{"property":"/properties/confidence","dataset":"Overture","license":"CDLA-Permissive-2.0","record_id":null,"update_time":"2026-06-11T11:57:15Z","confidence":null,"between":null}],"basic_category":"hotel","taxonomy":{"primary":"hotel","hierarchy":["lodging","hotel"],"alternates":null},"version":10}},
{"id":"a10e7b64-fe62-47b2-a6a8-6c71dc55b39a","type":"Feature","geometry":{"type":"Point","coordinates":[-87.3818741,21.51965677]},"properties":{"categories":{"primary":"campground","alternate":["cabin","lodge"]},"confidence":0.9642274379730225,"emails":["kin.camping.holbox@gmail.com"],"socials":["https://www.facebook.com/108691671017118"],"phones":["+529842392402"],"brand":{"wikidata":null,"names":{"primary":null,"common":null,"rules":null}},"addresses":[{"freeform":"Calle Boquinete entre porfirio diaz, Av. San Jerónimo y","locality":"Lázaro Cárdenas","postcode":"77310","region":null,"country":"MX"}],"names":{"primary":"Kin camping","common":null,"rules":null},"sources":[{"property":"","dataset":"meta","license":"CDLA-Permissive-2.0","record_id":"108691671017118","update_time":"2026-04-27T00:00:00.000Z","confidence":0.9642274379730225,"between":null},{"property":"/properties/confidence","dataset":"Overture","license":"CDLA-Permissive-2.0","record_id":null,"update_time":"2026-06-11T11:57:15Z","confidence":null,"between":null}],"basic_category":"campground","taxonomy":{"primary":"campground","hierarchy":["lodging","campground"],"alternates":null},"version":10}},
{"id":"6a3f1d89-aa38-4712-b271-39c43ee1c392","type":"Feature","geometry":{"type":"Point","coordinates":[-87.38199527,21.51949212]},"properties":{"categories":{"primary":"hotel","alternate":["accommodation","lodge"]},"confidence":0.9684573411941528,"socials":["https://www.facebook.com/102593988561543"],"phones":["+529843104406"],"brand":{"wikidata":null,"names":{"primary":null,"common":null,"rules":null}},"addresses":[{"freeform":"esquina con, Porfirio Diaz, C. Chabelita","locality":"Lázaro Cárdenas","postcode":"77310","region":null,"country":"MX"}],"names":{"primary":"Isla Bonita","common":null,"rules":null},"sources":[{"property":"","dataset":"meta","license":"CDLA-Permissive-2.0","record_id":"102593988561543","update_time":"2026-04-27T00:00:00.000Z","confidence":0.9684573411941528,"between":null},{"property":"/properties/confidence","dataset":"Overture","license":"CDLA-Permissive-2.0","record_id":null,"update_time":"2026-06-11T11:57:15Z","confidence":null,"between":null}],"basic_category":"hotel","taxonomy":{"primary":"hotel","hierarchy":["lodging","hotel"],"alternates":null},"version":10}},
{"id":"13255df8-7653-4b2b-9980-f104c17b4f05","type":"Feature","geometry":{"type":"Point","coordinates":[-87.38357337,21.51973978]},"properties":{"categories":{"primary":"cabin","alternate":["cottage","lodge"]},"confidence":0.9399222731590271,"websites":["https://www.instagram.com/laaldeaholbox/"],"emails":["aldeaholbox@gmail.com"],"socials":["https://www.facebook.com/1991901770865318"],"phones":["+529981168041"],"brand":{"wikidata":null,"names":{"primary":null,"common":null,"rules":null}},"addresses":[{"freeform":"Calle Chabelita Holbox Quintana Roo Isla, Quintana Roo","locality":"Lázaro Cárdenas","postcode":"77310","region":null,"country":"MX"}],"names":{"primary":"La Aldea Holbox","common":null,"rules":null},"sources":[{"property":"","dataset":"meta","license":"CDLA-Permissive-2.0","record_id":"1991901770865318","update_time":"2026-04-27T00:00:00.000Z","confidence":0.9399222731590271,"between":null},{"property":"/properties/confidence","dataset":"Overture","license":"CDLA-Permissive-2.0","record_id":null,"update_time":"2026-06-11T11:57:15Z","confidence":null,"between":null}],"basic_category":"lodging","taxonomy":{"primary":"cabin","hierarchy":["lodging","cabin"],"alternates":null},"version":8}},
{"id":"d710cbcb-ca4e-4a21-bc3f-3f1886e13ad2","type":"Feature","geometry":{"type":"Point","coordinates":[-87.38424273,21.51962701]},"properties":{"categories":{"primary":"beach_resort","alternate":["resort","accommodation"]},"confidence":0.7732183933258057,"websites":["http://coccolobaholbox.com/"],"emails":["info@coccolobaholbox.com"],"socials":["https://www.facebook.com/109220928815639"],"phones":["+529841640451"],"brand":{"wikidata":null,"names":{"primary":null,"common":null,"rules":null}},"addresses":[{"freeform":"Av. Pedro Joaquín Coldwell","locality":"Lázaro Cárdenas","postcode":"77310","region":null,"country":"MX"}],"names":{"primary":"Coccoloba Holbox","common":null,"rules":null},"sources":[{"property":"","dataset":"meta","license":"CDLA-Permissive-2.0","record_id":"109220928815639","update_time":"2026-04-27T00:00:00.000Z","confidence":0.7732183933258057,"between":null},{"property":"/properties/confidence","dataset":"Overture","license":"CDLA-Permissive-2.0","record_id":null,"update_time":"2026-06-11T11:57:15Z","confidence":null,"between":null}],"basic_category":"resort","taxonomy":{"primary":"beach_resort","hierarchy":["lodging","resort","beach_resort"],"alternates":null},"version":11}},
{"id":"db0e0f92-800f-483e-a106-a23163341cf8","type":"Feature","geometry":{"type":"Point","coordinates":[-87.38517608,21.51930319]},"properties":{"categories":{"primary":"restaurant","alternate":null},"confidence":0.85,"websites":[""],"phones":["9841790804"],"addresses":[{"freeform":"Av. Pedro Joaquín Coldwell","locality":"Holbox","postcode":"77310","region":"","country":"MX"}],"names":{"primary":"Rooftop HX","common":null,"rules":null},"sources":[{"property":"","dataset":"Microsoft","license":"CDLA-Permissive-2.0","record_id":"562949964492270","update_time":"2023-03-07T01:12:43.157Z","confidence":0.85,"between":null},{"property":"/properties/confidence","dataset":"Overture","license":"CDLA-Permissive-2.0","record_id":null,"update_time":"2026-06-11T11:57:15Z","confidence":null,"between":null}],"basic_category":"restaurant","taxonomy":{"primary":"restaurant","hierarchy":["food_and_drink","restaurant"],"alternates":null},"version":6}},
{"id":"fa5b43ee-ae03-4ff4-8954-c2599f515a69","type":"Feature","geometry":{"type":"Point","coordinates":[-87.38517608,21.51930319]},"properties":{"categories":{"primary":"guest_house","alternate":["resort","hotel"]},"confidence":0.85,"websites":["https://www.casamargot.com.mx/es/"],"phones":["9841645899"],"addresses":[{"freeform":"Avenida Pedro Joaquín Coldwell","locality":"Holbox","postcode":"77310","region":"Quintana Roo","country":"MX"}],"names":{"primary":"Hotel Casa Margot","common":null,"rules":null},"sources":[{"property":"","dataset":"Microsoft","license":"CDLA-Permissive-2.0","record_id":"2251799819724466","update_time":"2021-07-15T13:00:02.730Z","confidence":0.85,"between":null},{"property":"/properties/confidence","dataset":"Overture","license":"CDLA-Permissive-2.0","record_id":null,"update_time":"2026-06-11T11:57:15Z","confidence":null,"between":null}],"basic_category":"private_lodging","taxonomy":{"primary":"guest_house","hierarchy":["lodging","private_lodging","guest_house"],"alternates":null},"version":5}},
{"id":"656867f5-7ae2-424e-9aa9-97886ab116a1","type":"Feature","geometry":{"type":"Point","coordinates":[-87.38532806,21.51933662]},"properties":{"categories":{"primary":"hotel","alternate":["accommodation","beach_resort"]},"confidence":0.9044088125228882,"websites":["https://www.casavainillaholbox.com/"],"emails":["vainilla.bb.holboxisland@gmail.com"],"socials":["https://www.facebook.com/105953694545132"],"phones":["+529841883216"],"brand":{"wikidata":null,"names":{"primary":null,"common":null,"rules":null}},"addresses":[{"freeform":"Avenida Joaquin Coldwell, C. Caguama esq","locality":"Lázaro Cárdenas","postcode":"77310","region":null,"country":"MX"}],"names":{"primary":"Casa Vainilla","common":null,"rules":null},"sources":[{"property":"","dataset":"meta","license":"CDLA-Permissive-2.0","record_id":"105953694545132","update_time":"2026-04-27T00:00:00.000Z","confidence":0.9044088125228882,"between":null},{"property":"/properties/confidence","dataset":"Overture","license":"CDLA-Permissive-2.0","record_id":null,"update_time":"2026-06-11T11:57:15Z","confidence":null,"between":null}],"basic_category":"hotel","taxonomy":{"primary":"hotel","hierarchy":["lodging","hotel"],"alternates":null},"version":10}},
{"id":"ca91b158-285d-4dfd-8ac1-312ead0da8ed","type":"Feature","geometry":{"type":"Point","coordinates":[-87.38421762,21.51896504]},"properties":{"categories":{"primary":"holiday_rental_home","alternate":["resort","lodge"]},"confidence":0.2937673330307007,"websites":["http://www.coco-lou.com/"],"emails":["reservations@coco-lou.com"],"socials":["https://www.facebook.com/943298478875485"],"phones":["+529842031226"],"brand":{"wikidata":null,"names":{"primary":null,"common":null,"rules":null}},"addresses":[{"freeform":"C. Xcalak entre Avenida Pedro Joaquin Coldwell y Calle Sabalo","locality":"Lázaro Cárdenas","postcode":"77310","region":null,"country":"MX"}],"names":{"primary":"Coco Lou","common":null,"rules":null},"sources":[{"property":"","dataset":"meta","license":"CDLA-Permissive-2.0","record_id":"943298478875485","update_time":"2026-04-27T00:00:00.000Z","confidence":0.2937673330307007,"between":null},{"property":"/properties/confidence","dataset":"Overture","license":"CDLA-Permissive-2.0","record_id":null,"update_time":"2026-06-11T11:57:15Z","confidence":null,"between":null}],"basic_category":"private_lodging","taxonomy":{"primary":"holiday_rental_home","hierarchy":["lodging","private_lodging","holiday_rental_home"],"alternates":null},"version":2}},
{"id":"7dfcf81d-7247-49a7-a51c-3ca6079e8541","type":"Feature","geometry":{"type":"Point","coordinates":[-87.386302,21.519228]},"properties":{"categories":{"primary":"cafe","alternate":null},"confidence":0.77,"websites":["http://casacerezaholbox.com"],"phones":["984 135 5525"],"addresses":[{"freeform":"Calle Erizo 3","locality":"Holbox","postcode":null,"region":"QUINTANA ROO","country":"MX"}],"names":{"primary":"Café del Mar","common":null,"rules":null},"sources":[{"property":"","dataset":"Foursquare","license":"Apache-2.0","record_id":"52bf07c611d2b0572a3bed82","update_time":"2026-03-21T00:00:00.000","confidence":0.77,"between":null},{"property":"/properties/confidence","dataset":"Overture","license":"CDLA-Permissive-2.0","record_id":null,"update_time":"2026-06-11T11:57:15Z","confidence":null,"between":null}],"basic_category":"cafe","taxonomy":{"primary":"cafe","hierarchy":["food_and_drink","casual_eatery","cafe"],"alternates":null},"version":4}},
{"id":"d1bb9251-6075-49f1-9384-95c490a8ffa9","type":"Feature","geometry":{"type":"Point","coordinates":[-87.38730354,21.51920009]},"properties":{"categories":{"primary":"holiday_rental_home","alternate":["cottage","lodge"]},"confidence":0.6548396944999695,"emails":["casalibelulaholbox@yahoo.com"],"socials":["https://www.facebook.com/200442543833476"],"phones":["+12106187040"],"brand":{"wikidata":null,"names":{"primary":null,"common":null,"rules":null}},"addresses":[{"freeform":"Calle paseo carey, C. Estrella de Mar esquina","locality":"Lázaro Cárdenas","postcode":"77310","region":null,"country":"MX"}],"names":{"primary":"Casa Libelula","common":null,"rules":null},"sources":[{"property":"","dataset":"meta","license":"CDLA-Permissive-2.0","record_id":"200442543833476","update_time":"2026-04-27T00:00:00.000Z","confidence":0.6548396944999695,"between":null},{"property":"/properties/confidence","dataset":"Overture","license":"CDLA-Permissive-2.0","record_id":null,"update_time":"2026-06-11T11:57:15Z","confidence":null,"between":null}],"basic_category":"private_lodging","taxonomy":{"primary":"holiday_rental_home","hierarchy":["lodging","private_lodging","holiday_rental_home"],"alternates":null},"version":10}},
{"id":"c37b96c7-e21c-4761-b9ce-232984f62618","type":"Feature","geometry":{"type":"Point","coordinates":[-87.38631054,21.51871365]},"properties":{"categories":{"primary":"hotel","alternate":["accommodation","inn"]},"confidence":0.2630026042461395,"socials":["https://www.facebook.com/105378150985430"],"brand":{"wikidata":null,"names":{"primary":null,"common":null,"rules":null}},"addresses":[{"freeform":"Calle Caguama Entre calle Estrella de Mar, C. Erizo y","locality":"Lázaro Cárdenas","postcode":"77310","region":null,"country":"MX"}],"names":{"primary":"Casa de tus Sueños Holbox","common":null,"rules":null},"sources":[{"property":"","dataset":"meta","license":"CDLA-Permissive-2.0","record_id":"105378150985430","update_time":"2026-04-27T00:00:00.000Z","confidence":0.2630026042461395,"between":null},{"property":"/properties/confidence","dataset":"Overture","license":"CDLA-Permissive-2.0","record_id":null,"update_time":"2026-06-11T11:57:15Z","confidence":null,"between":null}],"basic_category":"hotel","taxonomy":{"primary":"hotel","hierarchy":["lodging","hotel"],"alternates":null},"version":8}},
{"id":"ab6e6e27-a070-4a76-8328-5b3ab491bbd7","type":"Feature","geometry":{"type":"Point","coordinates":[-87.38691401,21.51885377]},"properties":{"categories":{"primary":"hotel","alternate":["accommodation","lodge"]},"confidence":0.8615317344665527,"websites":["http://www.hotelcasaastral.com/"],"emails":["sales@nahhotels.com"],"socials":["https://www.facebook.com/275045257638810"],"phones":["+529841576132"],"brand":{"wikidata":null,"names":{"primary":null,"common":null,"rules":null}},"addresses":[{"freeform":"Caguama","locality":"Lázaro Cárdenas","postcode":"77710","region":null,"country":"MX"}],"names":{"primary":"Casa Astral Luxury Hotel","common":null,"rules":null},"sources":[{"property":"","dataset":"meta","license":"CDLA-Permissive-2.0","record_id":"275045257638810","update_time":"2026-04-27T00:00:00.000Z","confidence":0.8615317344665527,"between":null},{"property":"/properties/confidence","dataset":"Overture","license":"CDLA-Permissive-2.0","record_id":null,"update_time":"2026-06-11T11:57:15Z","confidence":null,"between":null}],"basic_category":"hotel","taxonomy":{"primary":"hotel","hierarchy":["lodging","hotel"],"alternates":null},"version":9}},
{"id":"81347c89-d993-42b4-9a11-e21b7cace10e","type":"Feature","geometry":{"type":"Point","coordinates":[-87.3863892,21.5193521]},"properties":{"categories":{"primary":"travel","alternate":null},"confidence":0.85,"websites":["https://www.rivair.mx/"],"phones":["9841320452"],"addresses":[{"freeform":"Calle Erizo 3","locality":"Holbox","postcode":"77310","region":"Quintana Roo","country":"MX"}],"names":{"primary":"Aeródromo de Holbox","common":null,"rules":null},"sources":[{"property":"","dataset":"Microsoft","license":"CDLA-Permissive-2.0","record_id":"1970324842278832","update_time":"2024-12-12T19:16:58.890Z","confidence":0.85,"between":null},{"property":"/properties/confidence","dataset":"Overture","license":"CDLA-Permissive-2.0","record_id":null,"update_time":"2026-06-11T11:57:15Z","confidence":null,"between":null}],"basic_category":"travel_service","taxonomy":{"primary":"travel_service","hierarchy":["travel_and_transportation","travel_service"],"alternates":null},"version":7}},
{"id":"31d228ca-72bc-47a8-8593-46b77ba22bd0","type":"Feature","geometry":{"type":"Point","coordinates":[-87.38662483,21.51952622]},"properties":{"categories":{"primary":"holiday_rental_home","alternate":["cottage","lodge"]},"confidence":0.8959448337554932,"websites":["http://casa-luz-isla-holbox-mx.book.direct/"],"emails":["casaluzbeachfront@gmail.com"],"socials":["https://www.facebook.com/113403615714618"],"phones":["+529843165036"],"brand":{"wikidata":null,"names":{"primary":null,"common":null,"rules":null}},"addresses":[{"freeform":"Chimayes, Erizo Final, SM Mz LT 8","locality":"Lázaro Cárdenas","postcode":"77310","region":null,"country":"MX"}],"names":{"primary":"Casa Luz","common":null,"rules":null},"sources":[{"property":"","dataset":"meta","license":"CDLA-Permissive-2.0","record_id":"113403615714618","update_time":"2026-04-27T00:00:00.000Z","confidence":0.8959448337554932,"between":null},{"property":"/properties/confidence","dataset":"Overture","license":"CDLA-Permissive-2.0","record_id":null,"update_time":"2026-06-11T11:57:15Z","confidence":null,"between":null}],"basic_category":"private_lodging","taxonomy":{"primary":"holiday_rental_home","hierarchy":["lodging","private_lodging","holiday_rental_home"],"alternates":null},"version":3}},
{"id":"b6a45f3f-ad4d-48f9-9350-8504f2ed3aba","type":"Feature","geometry":{"type":"Point","coordinates":[-87.386697,21.51968448]},"properties":{"categories":{"primary":"cafe","alternate":["restaurant","bar_and_grill_restaurant"]},"confidence":0.6147721409797668,"websites":["http://casacerezaholbox.com"],"socials":["https://www.facebook.com/439105519766298"],"phones":["+529841355525"],"brand":{"wikidata":null,"names":{"primary":null,"common":null,"rules":null}},"addresses":[{"freeform":"P.º Carey entre Calle Erizo y Calle Estrella de mar","locality":"Lázaro Cárdenas","postcode":"77310","region":null,"country":"MX"}],"names":{"primary":"Café del mar","common":null,"rules":null},"sources":[{"property":"","dataset":"meta","license":"CDLA-Permissive-2.0","record_id":"439105519766298","update_time":"2026-04-27T00:00:00.000Z","confidence":0.6147721409797668,"between":null},{"property":"/properties/confidence","dataset":"Overture","license":"CDLA-Permissive-2.0","record_id":null,"update_time":"2026-06-11T11:57:15Z","confidence":null,"between":null}],"basic_category":"cafe","taxonomy":{"primary":"cafe","hierarchy":["food_and_drink","casual_eatery","cafe"],"alternates":null},"version":8}},
{"id":"a02d120a-c1a9-4e8b-ba82-8d36707dffdf","type":"Feature","geometry":{"type":"Point","coordinates":[-87.38662885,21.51967867]},"properties":{"categories":{"primary":"tours","alternate":["travel_services","sightseeing_tour_agency"]},"confidence":0.249858096241951,"websites":["http://www.toursholbox.com/"],"emails":["javiloeza.lemus@gmail.com"],"socials":["https://www.facebook.com/101616038804174"],"phones":["+529983099319"],"brand":{"wikidata":null,"names":{"primary":null,"common":null,"rules":null}},"addresses":[{"freeform":"C. Erizo","locality":"Lázaro Cárdenas","postcode":"77310","region":null,"country":"MX"}],"names":{"primary":"Toursholbox","common":null,"rules":null},"sources":[{"property":"","dataset":"meta","license":"CDLA-Permissive-2.0","record_id":"101616038804174","update_time":"2026-04-27T00:00:00.000Z","confidence":0.249858096241951,"between":null},{"property":"/properties/confidence","dataset":"Overture","license":"CDLA-Permissive-2.0","record_id":null,"update_time":"2026-06-11T11:57:15Z","confidence":null,"between":null}],"basic_category":"travel_service","taxonomy":{"primary":"tour_operator","hierarchy":["travel_and_transportation","travel_service","tour_operator"],"alternates":null},"version":1}},
{"id":"92a1b4bd-3ae6-4b2a-97b0-56a0382db447","type":"Feature","geometry":{"type":"Point","coordinates":[-87.38629622,21.51975335]},"properties":{"categories":{"primary":"hotel","alternate":["accommodation","lodge"]},"confidence":0.7594902515411377,"websites":["http://www.casatakywara.com"],"emails":["reservacionescasatakywara@hotmail.com"],"socials":["https://www.facebook.com/918715674999091"],"phones":["+529982679836"],"brand":{"wikidata":null,"names":{"primary":"Casa Takywara","common":null,"rules":null}},"addresses":[{"freeform":"Paseo Carey s/n","locality":"Lázaro Cárdenas","postcode":"77310","region":null,"country":"MX"}],"names":{"primary":"Hotel Casa Takywara","common":null,"rules":null},"sources":[{"property":"","dataset":"meta","license":"CDLA-Permissive-2.0","record_id":"918715674999091","update_time":"2026-04-27T00:00:00.000Z","confidence":0.7594902515411377,"between":null},{"property":"/properties/confidence","dataset":"Overture","license":"CDLA-Permissive-2.0","record_id":null,"update_time":"2026-06-11T11:57:15Z","confidence":null,"between":null}],"basic_category":"hotel","taxonomy":{"primary":"hotel","hierarchy":["lodging","hotel"],"alternates":null},"version":10}},
{"id":"12db8028-a484-4fa8-aee2-f568bd4067a8","type":"Feature","geometry":{"type":"Point","coordinates":[-87.38880978,21.51805761]},"properties":{"categories":{"primary":"bar","alternate":["restaurant","caribbean_restaurant"]},"confidence":0.40827128291130066,"socials":["https://www.facebook.com/101011855612253"],"phones":["+529842761765"],"brand":{"wikidata":null,"names":{"primary":null,"common":null,"rules":null}},"addresses":[{"freeform":"C. Charal","locality":"Lázaro Cárdenas","postcode":"77310","region":null,"country":"MX"}],"names":{"primary":"Carolinda Beach Club","common":null,"rules":null},"sources":[{"property":"","dataset":"meta","license":"CDLA-Permissive-2.0","record_id":"101011855612253","update_time":"2026-04-27T00:00:00.000Z","confidence":0.40827128291130066,"between":null},{"property":"/properties/confidence","dataset":"Overture","license":"CDLA-Permissive-2.0","record_id":null,"update_time":"2026-06-11T11:57:15Z","confidence":null,"between":null}],"basic_category":"bar","taxonomy":{"primary":"bar","hierarchy":["food_and_drink","alcoholic_beverage_venue","bar"],"alternates":null},"version":9}},
{"id":"b11125d1-156d-4794-84e7-92fa46ab0a05","type":"Feature","geometry":{"type":"Point","coordinates":[-87.38607132,21.51784366]},"properties":{"categories":{"primary":"hotel","alternate":["lodge","inn"]},"confidence":0.5526621341705322,"socials":["https://www.facebook.com/630602977125279"],"phones":["+529983541847"],"brand":{"wikidata":null,"names":{"primary":null,"common":null,"rules":null}},"addresses":[{"freeform":"C. Estrella de Mar MZ 68 zona 2","locality":"Lázaro Cárdenas","postcode":"77310","region":null,"country":"MX"}],"names":{"primary":"Why Knot","common":null,"rules":null},"sources":[{"property":"","dataset":"meta","license":"CDLA-Permissive-2.0","record_id":"630602977125279","update_time":"2026-04-27T00:00:00.000Z","confidence":0.5526621341705322,"between":null},{"property":"/properties/confidence","dataset":"Overture","license":"CDLA-Permissive-2.0","record_id":null,"update_time":"2026-06-11T11:57:15Z","confidence":null,"between":null}],"basic_category":"hotel","taxonomy":{"primary":"hotel","hierarchy":["lodging","hotel"],"alternates":null},"version":10}},
{"id":"316df884-6460-4645-bf66-ab2a495731f8","type":"Feature","geometry":{"type":"Point","coordinates":[-87.38805163,21.51844718]},"properties":{"categories":{"primary":"holiday_rental_home","alternate":["cottage","lodge"]},"confidence":0.9687636494636536,"websites":["https://hotels.cloudbeds.com/reservation/bvzNvn"],"emails":["chobyshouse2018@gmail.com"],"socials":["https://www.facebook.com/2881698428722976"],"phones":["+529982464523"],"brand":{"wikidata":null,"names":{"primary":null,"common":null,"rules":null}},"addresses":[{"freeform":"","locality":"Lázaro Cárdenas","postcode":"77310","region":null,"country":"MX"}],"names":{"primary":"Choby's House Holbox","common":null,"rules":null},"sources":[{"property":"","dataset":"meta","license":"CDLA-Permissive-2.0","record_id":"2881698428722976","update_time":"2026-04-27T00:00:00.000Z","confidence":0.9687636494636536,"between":null},{"property":"/properties/confidence","dataset":"Overture","license":"CDLA-Permissive-2.0","record_id":null,"update_time":"2026-06-11T11:57:15Z","confidence":null,"between":null}],"basic_category":"private_lodging","taxonomy":{"primary":"holiday_rental_home","hierarchy":["lodging","private_lodging","holiday_rental_home"],"alternates":null},"version":8}},
{"id":"38118d04-fbb5-4220-84f3-b0b884b7ec79","type":"Feature","geometry":{"type":"Point","coordinates":[-87.38590836,21.51812988]},"properties":{"categories":{"primary":"holiday_rental_home","alternate":["cottage","accommodation"]},"confidence":0.6313099265098572,"websites":["http://casapazholbox.com/"],"emails":["casapazholbox@gmail.com"],"socials":["https://www.facebook.com/463044304203891"],"phones":["+529841313507"],"brand":{"wikidata":null,"names":{"primary":null,"common":null,"rules":null}},"addresses":[{"freeform":"Av. Pedro Joaquín Coldwell","locality":"Lázaro Cárdenas","postcode":"77310","region":null,"country":"MX"}],"names":{"primary":"Casa Paz","common":null,"rules":null},"sources":[{"property":"","dataset":"meta","license":"CDLA-Permissive-2.0","record_id":"463044304203891","update_time":"2026-04-27T00:00:00.000Z","confidence":0.6313099265098572,"between":null},{"property":"/properties/confidence","dataset":"Overture","license":"CDLA-Permissive-2.0","record_id":null,"update_time":"2026-06-11T11:57:15Z","confidence":null,"between":null}],"basic_category":"private_lodging","taxonomy":{"primary":"holiday_rental_home","hierarchy":["lodging","private_lodging","holiday_rental_home"],"alternates":null},"version":10}},
{"id":"1c1ef9bb-fed4-406b-b47a-418e3c6c3db2","type":"Feature","geometry":{"type":"Point","coordinates":[-87.38570874,21.51856795]},"properties":{"categories":{"primary":"service_apartments","alternate":["landmark_and_historical_building","holiday_rental_home"]},"confidence":0.9816024899482727,"emails":["rodrigo@thespotcompany.com.mx"],"socials":["https://www.facebook.com/132266150731259"],"phones":["+529982584622"],"brand":{"wikidata":null,"names":{"primary":null,"common":null,"rules":null}},"addresses":[{"freeform":"Calle Erizo Avenida Pedro Joaquín Coldwell con","locality":"Lázaro Cárdenas","postcode":"77310","region":null,"country":"MX"}],"names":{"primary":"Holbox Deluxe Apartments","common":null,"rules":null},"sources":[{"property":"","dataset":"meta","license":"CDLA-Permissive-2.0","record_id":"132266150731259","update_time":"2026-04-27T00:00:00.000Z","confidence":0.9816024899482727,"between":null},{"property":"/properties/confidence","dataset":"Overture","license":"CDLA-Permissive-2.0","record_id":null,"update_time":"2026-06-11T11:57:15Z","confidence":null,"between":null}],"basic_category":"lodging","taxonomy":{"primary":"service_apartment","hierarchy":["lodging","service_apartment"],"alternates":null},"version":9}},
{"id":"64459095-34d5-495b-88fe-07376fef007c","type":"Feature","geometry":{"type":"Point","coordinates":[-87.385868,21.517901]},"properties":{"categories":{"primary":"massage_therapy","alternate":null},"confidence":0.77,"websites":["https://maps.app.goo.gl/AJYiYMqw3ExhX5P59"],"socials":["https://www.instagram.com/healingmassageholbox"],"addresses":[{"freeform":"C. Estella Del Mar","locality":"Isla Holbox","postcode":"77310","region":"Q. Roo.","country":"MX"}],"names":{"primary":"Healing Massage Holbox","common":null,"rules":null},"sources":[{"property":"","dataset":"Foursquare","license":"Apache-2.0","record_id":"67df24d951f4963c4097b152","update_time":"2025-03-22T00:00:00.000","confidence":0.77,"between":null},{"property":"/properties/confidence","dataset":"Overture","license":"CDLA-Permissive-2.0","record_id":null,"update_time":"2026-06-11T11:57:15Z","confidence":null,"between":null}],"basic_category":"wellness_service","taxonomy":{"primary":"massage_therapy","hierarchy":["lifestyle_services","wellness_service","massage_therapy"],"alternates":null},"version":5}},
{"id":"293987f6-754f-4665-b2be-303d69bdb499","type":"Feature","geometry":{"type":"Point","coordinates":[-87.38796429,21.51704661]},"properties":{"categories":{"primary":"hotel","alternate":null},"confidence":0.6420651078224182,"socials":["https://www.facebook.com/366611850577719"],"brand":{"wikidata":null,"names":{"primary":null,"common":null,"rules":null}},"addresses":[{"freeform":null,"locality":"Lázaro Cárdenas","postcode":null,"region":null,"country":"MX"}],"names":{"primary":"Hotel Ensueño","common":null,"rules":null},"sources":[{"property":"","dataset":"meta","license":"CDLA-Permissive-2.0","record_id":"366611850577719","update_time":"2026-04-27T00:00:00.000Z","confidence":0.6420651078224182,"between":null},{"property":"/properties/confidence","dataset":"Overture","license":"CDLA-Permissive-2.0","record_id":null,"update_time":"2026-06-11T11:57:15Z","confidence":null,"between":null}],"basic_category":"hotel","taxonomy":{"primary":"hotel","hierarchy":["lodging","hotel"],"alternates":null},"version":1}},
{"id":"012f725e-2e24-4f49-a265-8cf621fc7961","type":"Feature","geometry":{"type":"Point","coordinates":[-87.38803368,21.51704453]},"properties":{"categories":{"primary":"beach_resort","alternate":["resort","hotel"]},"confidence":0.977340817451477,"websites":["https://rbe.zaviaerp.com/?hotel=ensuenoholbox"],"emails":["ensueno.holbox1@gmail.com"],"socials":["https://www.facebook.com/683326251813233"],"phones":["+529842021023"],"brand":{"wikidata":null,"names":{"primary":"Uvence Arte + Hotel","common":null,"rules":null}},"addresses":[{"freeform":"","locality":"Lázaro Cárdenas","postcode":"","region":null,"country":"MX"}],"names":{"primary":"Ensueño Holbox & Beach Club","common":null,"rules":null},"sources":[{"property":"","dataset":"meta","license":"CDLA-Permissive-2.0","record_id":"683326251813233","update_time":"2026-04-27T00:00:00.000Z","confidence":0.977340817451477,"between":null},{"property":"/properties/confidence","dataset":"Overture","license":"CDLA-Permissive-2.0","record_id":null,"update_time":"2026-06-11T11:57:15Z","confidence":null,"between":null}],"basic_category":"resort","taxonomy":{"primary":"beach_resort","hierarchy":["lodging","resort","beach_resort"],"alternates":null},"version":10}},
{"id":"9b2a8226-639d-49eb-b588-852751a163c0","type":"Feature","geometry":{"type":"Point","coordinates":[-87.3867646832351,21.516983922151994]},"properties":{"confidence":0.8008006811141968,"socials":["https://www.facebook.com/453415748550144"],"brand":{"wikidata":null,"names":{"primary":null,"common":null,"rules":null}},"addresses":[{"freeform":"Calle Tiburón Ballena 77310 Lázaro Cárdenas, QROO","locality":"Lázaro Cárdenas","postcode":null,"region":null,"country":"MX"}],"names":{"primary":"Terminal Maritima De Holbox","common":null,"rules":null},"sources":[{"property":"","dataset":"meta","license":"CDLA-Permissive-2.0","record_id":"453415748550144","update_time":"2026-04-27T00:00:00.000Z","confidence":0.8008006811141968,"between":null},{"property":"/properties/confidence","dataset":"Overture","license":"CDLA-Permissive-2.0","record_id":null,"update_time":"2026-06-11T11:57:15Z","confidence":null,"between":null}],"version":2}},
{"id":"74e70a61-68d7-404a-9561-20fa06b1910b","type":"Feature","geometry":{"type":"Point","coordinates":[-87.38689015,21.51721511]},"properties":{"categories":{"primary":"hotel","alternate":["accommodation","lodge"]},"confidence":0.9858211874961853,"websites":["http://www.casaluminiholbox.com/"],"emails":["reservations@casaluminiholbox.com"],"socials":["https://www.facebook.com/1145793562294716"],"phones":["+529841645899"],"brand":{"wikidata":null,"names":{"primary":null,"common":null,"rules":null}},"addresses":[{"freeform":"Av. Pedro Joaquín Coldwell","locality":"Lázaro Cárdenas","postcode":"77310","region":null,"country":"MX"}],"names":{"primary":"Hotel Casa Lumini Holbox","common":null,"rules":null},"sources":[{"property":"","dataset":"meta","license":"CDLA-Permissive-2.0","record_id":"1145793562294716","update_time":"2026-04-27T00:00:00.000Z","confidence":0.9858211874961853,"between":null},{"property":"/properties/confidence","dataset":"Overture","license":"CDLA-Permissive-2.0","record_id":null,"update_time":"2026-06-11T11:57:15Z","confidence":null,"between":null}],"basic_category":"hotel","taxonomy":{"primary":"hotel","hierarchy":["lodging","hotel"],"alternates":null},"version":3}},
{"id":"879a98fe-6d69-4baf-9391-5f166ebe37f4","type":"Feature","geometry":{"type":"Point","coordinates":[-87.38853116,21.51737514]},"properties":{"categories":{"primary":"hotel","alternate":["accommodation","bed_and_breakfast"]},"confidence":0.5008920431137085,"websites":["http://www.casablatha.com"],"emails":["info@casablatha.com"],"socials":["https://www.facebook.com/1721064741496698"],"phones":["+529841293807"],"brand":{"wikidata":null,"names":{"primary":"Casa Blatha Holbox","common":null,"rules":null}},"addresses":[{"freeform":"Calle Caguama S/N","locality":"Lázaro Cárdenas","postcode":"77310","region":null,"country":"MX"}],"names":{"primary":"Casa Blat Ha Holbox","common":null,"rules":null},"sources":[{"property":"","dataset":"meta","license":"CDLA-Permissive-2.0","record_id":"1721064741496698","update_time":"2026-04-27T00:00:00.000Z","confidence":0.5008920431137085,"between":null},{"property":"/properties/confidence","dataset":"Overture","license":"CDLA-Permissive-2.0","record_id":null,"update_time":"2026-06-11T11:57:15Z","confidence":null,"between":null}],"basic_category":"hotel","taxonomy":{"primary":"hotel","hierarchy":["lodging","hotel"],"alternates":null},"version":9}},
{"id":"a49deac6-4d68-44eb-ab19-99598322a850","type":"Feature","geometry":{"type":"Point","coordinates":[-87.38990304,21.51744083]},"properties":{"categories":{"primary":"resort","alternate":["beach_resort","hotel"]},"confidence":0.9809837937355042,"websites":["https://direct-book.com/properties/goldenparadisebeachdirect"],"emails":["reservas@goldenparadise.mx"],"socials":["https://www.facebook.com/107972527205202"],"phones":["+529842537140"],"brand":{"wikidata":null,"names":{"primary":null,"common":null,"rules":null}},"addresses":[{"freeform":"Calle paseo Carey Lote 6 entre Bagre y Sargo","locality":"Lázaro Cárdenas","postcode":"77310","region":null,"country":"MX"}],"names":{"primary":"Golden Paradise Beach Holbox","common":null,"rules":null},"sources":[{"property":"","dataset":"meta","license":"CDLA-Permissive-2.0","record_id":"107972527205202","update_time":"2026-04-27T00:00:00.000Z","confidence":0.9809837937355042,"between":null},{"property":"/properties/confidence","dataset":"Overture","license":"CDLA-Permissive-2.0","record_id":null,"update_time":"2026-06-11T11:57:15Z","confidence":null,"between":null}],"basic_category":"resort","taxonomy":{"primary":"resort","hierarchy":["lodging","resort"],"alternates":null},"version":9}},
{"id":"cd6e3c5e-be75-4375-8c87-97305be05a07","type":"Feature","geometry":{"type":"Point","coordinates":[-87.38973842,21.51734211]},"properties":{"categories":{"primary":"hotel","alternate":["accommodation","resort"]},"confidence":0.9916929602622986,"websites":["http://www.spiritholbox.com/"],"emails":["reservations@spiritholbox.com"],"socials":["https://www.facebook.com/810747922407821"],"phones":["+529848790147"],"brand":{"wikidata":null,"names":{"primary":null,"common":null,"rules":null}},"addresses":[{"freeform":"con Torito, C. Zargo","locality":"Lázaro Cárdenas","postcode":"77310","region":null,"country":"MX"}],"names":{"primary":"Spirit Holbox Hotel","common":null,"rules":null},"sources":[{"property":"","dataset":"meta","license":"CDLA-Permissive-2.0","record_id":"810747922407821","update_time":"2026-04-27T00:00:00.000Z","confidence":0.9916929602622986,"between":null},{"property":"/properties/confidence","dataset":"Overture","license":"CDLA-Permissive-2.0","record_id":null,"update_time":"2026-06-11T11:57:15Z","confidence":null,"between":null}],"basic_category":"hotel","taxonomy":{"primary":"hotel","hierarchy":["lodging","hotel"],"alternates":null},"version":10}},
{"id":"1fabf42f-33d5-4ee9-b613-10908ad91c12","type":"Feature","geometry":{"type":"Point","coordinates":[-87.38885926,21.51717694]},"properties":{"categories":{"primary":"hotel","alternate":["accommodation","lodge"]},"confidence":0.14121267199516296,"socials":["https://www.facebook.com/101218292215403"],"phones":["+529841345730"],"brand":{"wikidata":null,"names":{"primary":null,"common":null,"rules":null}},"addresses":[{"freeform":"C. Caguama","locality":"Lázaro Cárdenas","postcode":"77310","region":null,"country":"MX"}],"names":{"primary":"Hotel S","common":null,"rules":null},"sources":[{"property":"","dataset":"meta","license":"CDLA-Permissive-2.0","record_id":"101218292215403","update_time":"2026-04-27T00:00:00.000Z","confidence":0.14121267199516296,"between":null},{"property":"/properties/confidence","dataset":"Overture","license":"CDLA-Permissive-2.0","record_id":null,"update_time":"2026-06-11T11:57:15Z","confidence":null,"between":null}],"basic_category":"hotel","taxonomy":{"primary":"hotel","hierarchy":["lodging","hotel"],"alternates":null},"version":9}},
{"id":"3af5a627-9cea-4a6b-9a78-19a13ad46f88","type":"Feature","geometry":{"type":"Point","coordinates":[-87.38934432,21.51708872]},"properties":{"categories":{"primary":"hotel","alternate":["spas","accommodation"]},"confidence":0.9756597280502319,"websites":["http://sohoholbox.com/"],"emails":["reservations@sohoholbox.com"],"socials":["https://www.facebook.com/101420622066436"],"phones":["+529842568783"],"brand":{"wikidata":null,"names":{"primary":null,"common":null,"rules":null}},"addresses":[{"freeform":"Calle Caguama, C. Zargo Esquina","locality":"Lázaro Cárdenas","postcode":"77310","region":null,"country":"MX"}],"names":{"primary":"Soho Boutique Holbox","common":null,"rules":null},"sources":[{"property":"","dataset":"meta","license":"CDLA-Permissive-2.0","record_id":"101420622066436","update_time":"2026-04-27T00:00:00.000Z","confidence":0.9756597280502319,"between":null},{"property":"/properties/confidence","dataset":"Overture","license":"CDLA-Permissive-2.0","record_id":null,"update_time":"2026-06-11T11:57:15Z","confidence":null,"between":null}],"basic_category":"hotel","taxonomy":{"primary":"hotel","hierarchy":["lodging","hotel"],"alternates":null},"version":10}},
{"id":"69504cc9-a03c-424f-9232-bd5d0f2b00a9","type":"Feature","geometry":{"type":"Point","coordinates":[-87.3896774,21.5169512]},"properties":{"categories":{"primary":"resort","alternate":["hotel"]},"confidence":0.85,"websites":["http://www.casahx.com/"],"phones":["9981894816"],"addresses":[{"freeform":"Av Pedro Joaquín Coldwell Predio 006","locality":"Isla Holbox","postcode":"77310","region":"","country":"MX"}],"names":{"primary":"Casa HX","common":null,"rules":null},"sources":[{"property":"","dataset":"Microsoft","license":"CDLA-Permissive-2.0","record_id":"562949964492271","update_time":"2023-03-07T01:12:43.157Z","confidence":0.85,"between":null},{"property":"/properties/confidence","dataset":"Overture","license":"CDLA-Permissive-2.0","record_id":null,"update_time":"2026-06-11T11:57:15Z","confidence":null,"between":null}],"basic_category":"resort","taxonomy":{"primary":"resort","hierarchy":["lodging","resort"],"alternates":null},"version":6}},
{"id":"6597fa9a-07b4-4032-8843-2136b2cb332a","type":"Feature","geometry":{"type":"Point","coordinates":[-87.39025651,21.51674241]},"properties":{"categories":{"primary":"hotel","alternate":["beach_resort","accommodation"]},"confidence":0.9853628873825073,"websites":["http://lapuertaazulholbox.com/"],"emails":["lapuertaazulholbox@gmail.com"],"socials":["https://www.facebook.com/110761720462610"],"phones":["+529981236486"],"brand":{"wikidata":null,"names":{"primary":null,"common":null,"rules":null}},"addresses":[{"freeform":"Calle Bagre, C. Caguama SM por","locality":"Lázaro Cárdenas","postcode":"77310","region":null,"country":"MX"}],"names":{"primary":"La Puerta Azul Beachfront","common":null,"rules":null},"sources":[{"property":"","dataset":"meta","license":"CDLA-Permissive-2.0","record_id":"110761720462610","update_time":"2026-04-27T00:00:00.000Z","confidence":0.9853628873825073,"between":null},{"property":"/properties/confidence","dataset":"Overture","license":"CDLA-Permissive-2.0","record_id":null,"update_time":"2026-06-11T11:57:15Z","confidence":null,"between":null}],"basic_category":"hotel","taxonomy":{"primary":"hotel","hierarchy":["lodging","hotel"],"alternates":null},"version":9}},
{"id":"c1c1cefe-62b5-49c3-82ce-a96b806cc236","type":"Feature","geometry":{"type":"Point","coordinates":[-87.3897653031101,21.5166738794672]},"properties":{"categories":{"primary":"resort","alternate":["hotel"]},"confidence":0.9655,"websites":["https://www.nomadeholbox.com/?utm_source=bing&utm_medium=organic&utm_campaign=bing_lisiting"],"phones":["9846890577"],"addresses":[{"freeform":"Calle Caguama y Calle Caracol","locality":"Holbox","postcode":"77310","region":"Quintana Roo","country":"MX"}],"names":{"primary":"Nomade Holbox","common":null,"rules":null},"sources":[{"property":"","dataset":"Microsoft","license":"CDLA-Permissive-2.0","record_id":"1688849864576349","update_time":"2023-05-17T20:14:44.120Z","confidence":0.85,"between":null},{"property":"/properties/confidence","dataset":"Overture","license":"CDLA-Permissive-2.0","record_id":null,"update_time":"2026-06-11T11:57:15Z","confidence":null,"between":null}],"basic_category":"resort","taxonomy":{"primary":"resort","hierarchy":["lodging","resort"],"alternates":null},"version":6}},
{"id":"760f9bb0-e5b8-4d0e-b5f2-6c7979f075e9","type":"Feature","geometry":{"type":"Point","coordinates":[-87.38903496,21.51655169]},"properties":{"categories":{"primary":"landmark_and_historical_building","alternate":null},"confidence":0.47896608710289,"socials":["https://www.facebook.com/102558098234270"],"phones":["+529981001375"],"brand":{"wikidata":null,"names":{"primary":null,"common":null,"rules":null}},"addresses":[{"freeform":"C. Cherna #5","locality":"Lázaro Cárdenas","postcode":"77310","region":null,"country":"MX"}],"names":{"primary":"Departamentos Cherna","common":null,"rules":null},"sources":[{"property":"","dataset":"meta","license":"CDLA-Permissive-2.0","record_id":"102558098234270","update_time":"2026-04-27T00:00:00.000Z","confidence":0.47896608710289,"between":null},{"property":"/properties/confidence","dataset":"Overture","license":"CDLA-Permissive-2.0","record_id":null,"update_time":"2026-06-11T11:57:15Z","confidence":null,"between":null}],"basic_category":"historic_site","taxonomy":{"primary":"historic_site","hierarchy":["cultural_and_historic","historic_site"],"alternates":null},"version":7}},
{"id":"5eca3935-6818-41b6-856f-c7cd805c3b64","type":"Feature","geometry":{"type":"Point","coordinates":[-87.3898689,21.51589804]},"properties":{"categories":{"primary":"rv_park","alternate":["campground"]},"confidence":0.7169418334960938,"websites":["http://www.skycampholbox.com/"],"emails":["skycampholbox@gmail.com"],"socials":["https://www.facebook.com/115774471624881"],"phones":["+529991032010"],"brand":{"wikidata":null,"names":{"primary":null,"common":null,"rules":null}},"addresses":[{"freeform":"Calle Cherna 005","locality":"Lázaro Cárdenas","postcode":"","region":null,"country":"MX"}],"names":{"primary":"Skycamp Holbox","common":null,"rules":null},"sources":[{"property":"","dataset":"meta","license":"CDLA-Permissive-2.0","record_id":"115774471624881","update_time":"2026-04-27T00:00:00.000Z","confidence":0.7169418334960938,"between":null},{"property":"/properties/confidence","dataset":"Overture","license":"CDLA-Permissive-2.0","record_id":null,"update_time":"2026-06-11T11:57:15Z","confidence":null,"between":null}],"basic_category":"rv_park","taxonomy":{"primary":"rv_park","hierarchy":["lodging","rv_park"],"alternates":null},"version":9}},
{"id":"6fb02afe-d9d5-4723-a735-7bb6aa76248d","type":"Feature","geometry":{"type":"Point","coordinates":[-87.39291449,21.5153311]},"properties":{"categories":{"primary":"hotel","alternate":["accommodation","motel"]},"confidence":0.9084919691085815,"websites":["http://www.holboxcasapuntacoco.com/"],"socials":["https://www.facebook.com/436322503226519"],"phones":["+529993356785"],"brand":{"wikidata":null,"names":{"primary":"Casa punta Coco","common":null,"rules":null}},"addresses":[{"freeform":"C. Caguama 6","locality":"Lázaro Cárdenas","postcode":"77310","region":null,"country":"MX"}],"names":{"primary":"Casa Punta Coco","common":null,"rules":null},"sources":[{"property":"","dataset":"meta","license":"CDLA-Permissive-2.0","record_id":"436322503226519","update_time":"2026-04-27T00:00:00.000Z","confidence":0.9084919691085815,"between":null},{"property":"/properties/confidence","dataset":"Overture","license":"CDLA-Permissive-2.0","record_id":null,"update_time":"2026-06-11T11:57:15Z","confidence":null,"between":null}],"basic_category":"hotel","taxonomy":{"primary":"hotel","hierarchy":["lodging","hotel"],"alternates":null},"version":9}},
{"id":"f63ad565-0d5f-406d-be60-f0aab81aa081","type":"Feature","geometry":{"type":"Point","coordinates":[-87.39026564,21.51522928]},"properties":{"categories":{"primary":"landmark_and_historical_building","alternate":["real_estate"]},"confidence":0.3397098779678345,"emails":["ventas@favliving.com"],"socials":["https://www.facebook.com/105824635562722"],"phones":["+529988103956"],"brand":{"wikidata":null,"names":{"primary":null,"common":null,"rules":null}},"addresses":[{"freeform":"Esquina con, Calle Cherna, C. Caracol","locality":"Lázaro Cárdenas","postcode":"77310","region":null,"country":"MX"}],"names":{"primary":"Kaban Holbox","common":null,"rules":null},"sources":[{"property":"","dataset":"meta","license":"CDLA-Permissive-2.0","record_id":"105824635562722","update_time":"2026-04-27T00:00:00.000Z","confidence":0.3397098779678345,"between":null},{"property":"/properties/confidence","dataset":"Overture","license":"CDLA-Permissive-2.0","record_id":null,"update_time":"2026-06-11T11:57:15Z","confidence":null,"between":null}],"basic_category":"historic_site","taxonomy":{"primary":"historic_site","hierarchy":["cultural_and_historic","historic_site"],"alternates":null},"version":9}},
{"id":"2b4c47af-efba-4ade-ace5-8c87fed7242a","type":"Feature","geometry":{"type":"Point","coordinates":[-87.38942812,21.51540341]},"properties":{"categories":{"primary":"hotel","alternate":["accommodation","resort"]},"confidence":0.984845757484436,"websites":["https://bhogaboutiquehotel.com/"],"emails":["bhogaboutiquehotel@gmail.com"],"socials":["https://www.facebook.com/105694658144215"],"phones":["+529841345730"],"brand":{"wikidata":null,"names":{"primary":null,"common":null,"rules":null}},"addresses":[{"freeform":"Av. Pedro Joaquín Coldwell","locality":"Lázaro Cárdenas","postcode":"77310","region":null,"country":"MX"}],"names":{"primary":"Bhoga Boutique Hotel","common":null,"rules":null},"sources":[{"property":"","dataset":"meta","license":"CDLA-Permissive-2.0","record_id":"105694658144215","update_time":"2026-04-27T00:00:00.000Z","confidence":0.984845757484436,"between":null},{"property":"/properties/confidence","dataset":"Overture","license":"CDLA-Permissive-2.0","record_id":null,"update_time":"2026-06-11T11:57:15Z","confidence":null,"between":null}],"basic_category":"hotel","taxonomy":{"primary":"hotel","hierarchy":["lodging","hotel"],"alternates":null},"version":9}},
{"id":"9e6289ef-2fa5-4075-87d3-84e4124a1757","type":"Feature","geometry":{"type":"Point","coordinates":[-87.3936138,21.51504069]},"properties":{"categories":{"primary":"holiday_rental_home","alternate":["accommodation","cottage"]},"confidence":0.4077380299568176,"websites":["https://abnb.me/pafvcFt5Wvb"],"socials":["https://www.facebook.com/102381136073091"],"phones":["+529841782744"],"brand":{"wikidata":null,"names":{"primary":null,"common":null,"rules":null}},"addresses":[{"freeform":"C. Caguama entre calle coral y calle calamar","locality":"Lázaro Cárdenas","postcode":"77310","region":null,"country":"MX"}],"names":{"primary":"Casa Toto","common":null,"rules":null},"sources":[{"property":"","dataset":"meta","license":"CDLA-Permissive-2.0","record_id":"102381136073091","update_time":"2026-04-27T00:00:00.000Z","confidence":0.4077380299568176,"between":null},{"property":"/properties/confidence","dataset":"Overture","license":"CDLA-Permissive-2.0","record_id":null,"update_time":"2026-06-11T11:57:15Z","confidence":null,"between":null}],"basic_category":"private_lodging","taxonomy":{"primary":"holiday_rental_home","hierarchy":["lodging","private_lodging","holiday_rental_home"],"alternates":null},"version":9}},
{"id":"a874e3d1-707a-4534-aa9d-138dd838766e","type":"Feature","geometry":{"type":"Point","coordinates":[-87.39032417,21.51402855]},"properties":{"categories":{"primary":"resort","alternate":["hotel","motel"]},"confidence":0.6489439606666565,"websites":["https://inspyria.com/es/espacios-retiro/anicca-aldea"],"emails":["apoblette@gmail.com"],"socials":["https://www.facebook.com/107943805559907"],"phones":["+528441607798"],"brand":{"wikidata":null,"names":{"primary":null,"common":null,"rules":null}},"addresses":[{"freeform":"Calle Pulpo, Joaquin Coldwell esquina","locality":"Lázaro Cárdenas","postcode":"77310","region":null,"country":"MX"}],"names":{"primary":"Anicca Aldea","common":null,"rules":null},"sources":[{"property":"","dataset":"meta","license":"CDLA-Permissive-2.0","record_id":"107943805559907","update_time":"2026-04-27T00:00:00.000Z","confidence":0.6489439606666565,"between":null},{"property":"/properties/confidence","dataset":"Overture","license":"CDLA-Permissive-2.0","record_id":null,"update_time":"2026-06-11T11:57:15Z","confidence":null,"between":null}],"basic_category":"resort","taxonomy":{"primary":"resort","hierarchy":["lodging","resort"],"alternates":null},"version":11}},
{"id":"9c88f939-91fc-437d-80d4-2be1b10786ab","type":"Feature","geometry":{"type":"Point","coordinates":[-87.3935301,21.51293892]},"properties":{"categories":{"primary":"hotel","alternate":["accommodation","motel"]},"confidence":0.9905244708061218,"websites":["http://www.elnidoholbox.com/"],"emails":["elnidoholbox@gmail.com"],"socials":["https://www.facebook.com/104896488043863"],"phones":["+529841819994"],"brand":{"wikidata":null,"names":{"primary":null,"common":null,"rules":null}},"addresses":[{"freeform":"C. Macabi SM de","locality":"Lázaro Cárdenas","postcode":"77310","region":null,"country":"MX"}],"names":{"primary":"Boutique Hotel El Nido Holbox","common":null,"rules":null},"sources":[{"property":"","dataset":"meta","license":"CDLA-Permissive-2.0","record_id":"104896488043863","update_time":"2026-04-27T00:00:00.000Z","confidence":0.9905244708061218,"between":null},{"property":"/properties/confidence","dataset":"Overture","license":"CDLA-Permissive-2.0","record_id":null,"update_time":"2026-06-11T11:57:15Z","confidence":null,"between":null}],"basic_category":"hotel","taxonomy":{"primary":"hotel","hierarchy":["lodging","hotel"],"alternates":null},"version":2}},
{"id":"3d053510-4103-4cbb-acb6-7d19834f910d","type":"Feature","geometry":{"type":"Point","coordinates":[-87.38726073,21.51389798]},"properties":{"categories":{"primary":"hotel","alternate":["resort","accommodation"]},"confidence":0.9618127942085266,"socials":["https://www.facebook.com/110378713688933"],"phones":["+529999952775"],"brand":{"wikidata":null,"names":{"primary":null,"common":null,"rules":null}},"addresses":[{"freeform":"Unnamed Road, Holbox","locality":"Lázaro Cárdenas","postcode":"77310","region":null,"country":"MX"}],"names":{"primary":"Hotel Villas del Carmen","common":null,"rules":null},"sources":[{"property":"","dataset":"meta","license":"CDLA-Permissive-2.0","record_id":"110378713688933","update_time":"2026-04-27T00:00:00.000Z","confidence":0.9618127942085266,"between":null},{"property":"/properties/confidence","dataset":"Overture","license":"CDLA-Permissive-2.0","record_id":null,"update_time":"2026-06-11T11:57:15Z","confidence":null,"between":null}],"basic_category":"hotel","taxonomy":{"primary":"hotel","hierarchy":["lodging","hotel"],"alternates":null},"version":11}},
{"id":"8ea424ab-abd7-421b-a00a-cec77f01981d","type":"Feature","geometry":{"type":"Point","coordinates":[-87.39135985343859,21.51262892113361]},"properties":{"categories":{"primary":"restaurant","alternate":null},"confidence":0.9664955615997315,"websites":[""],"phones":["9841790804"],"addresses":[{"freeform":"77310","locality":"Holbox","postcode":"77310","region":"","country":"MX"}],"names":{"primary":"Pantera HX","common":null,"rules":null},"sources":[{"property":"","dataset":"Microsoft","license":"CDLA-Permissive-2.0","record_id":"562949964492269","update_time":"2023-03-07T01:32:05.410Z","confidence":0.85,"between":null},{"property":"/properties/confidence","dataset":"Overture","license":"CDLA-Permissive-2.0","record_id":null,"update_time":"2026-06-11T11:57:15Z","confidence":null,"between":null}],"basic_category":"restaurant","taxonomy":{"primary":"restaurant","hierarchy":["food_and_drink","restaurant"],"alternates":null},"version":6}},
{"id":"d3130e4b-ddd6-4b54-98f4-228324ef1b3e","type":"Feature","geometry":{"type":"Point","coordinates":[-87.3914272,21.5126494]},"properties":{"categories":{"primary":"restaurant","alternate":null},"confidence":0.85,"websites":[""],"phones":["9841790804"],"addresses":[{"freeform":"Av. Pedro Joaquín Coldwell predial 006","locality":"Holbox","postcode":"77310","region":"","country":"MX"}],"names":{"primary":"Café Calamar HX","common":null,"rules":null},"sources":[{"property":"","dataset":"Microsoft","license":"CDLA-Permissive-2.0","record_id":"562949964492272","update_time":"2023-03-07T01:12:43.157Z","confidence":0.85,"between":null},{"property":"/properties/confidence","dataset":"Overture","license":"CDLA-Permissive-2.0","record_id":null,"update_time":"2026-06-11T11:57:15Z","confidence":null,"between":null}],"basic_category":"restaurant","taxonomy":{"primary":"restaurant","hierarchy":["food_and_drink","restaurant"],"alternates":null},"version":6}},
{"id":"02da5c30-0c7a-4cd7-9e69-5775e9e9a9ac","type":"Feature","geometry":{"type":"Point","coordinates":[-87.3914863,21.51265406]},"properties":{"categories":{"primary":"hotel","alternate":["accommodation"]},"confidence":0.8231340050697327,"socials":["https://www.facebook.com/109939167173324"],"phones":["+529843117119"],"brand":{"wikidata":null,"names":{"primary":null,"common":null,"rules":null}},"addresses":[{"freeform":"Av. Pedro Joaquín Coldwell","locality":"Lázaro Cárdenas","postcode":"77310","region":null,"country":"MX"}],"names":{"primary":"Casa HX","common":null,"rules":null},"sources":[{"property":"","dataset":"meta","license":"CDLA-Permissive-2.0","record_id":"109939167173324","update_time":"2026-04-27T00:00:00.000Z","confidence":0.8231340050697327,"between":null},{"property":"/properties/confidence","dataset":"Overture","license":"CDLA-Permissive-2.0","record_id":null,"update_time":"2026-06-11T11:57:15Z","confidence":null,"between":null}],"basic_category":"hotel","taxonomy":{"primary":"hotel","hierarchy":["lodging","hotel"],"alternates":null},"version":10}},
{"id":"b59ce2f5-17b6-4c4f-828d-03da0fba3eb8","type":"Feature","geometry":{"type":"Point","coordinates":[-87.39371885,21.51170334]},"properties":{"categories":{"primary":"campground","alternate":["accommodation","lodge"]},"confidence":0.7006288170814514,"websites":["https://www.instagram.com/casadelossantoscamping/?hl=es"],"emails":["casadelossantoscamping@gmail.com"],"socials":["https://www.facebook.com/111346437895540"],"phones":["+529981157659"],"brand":{"wikidata":null,"names":{"primary":null,"common":null,"rules":null}},"addresses":[{"freeform":"Calle Mantarraya, Calle Cherna Punta Coco","locality":"Lázaro Cárdenas","postcode":"77300","region":null,"country":"MX"}],"names":{"primary":"Casa de los Santos","common":null,"rules":null},"sources":[{"property":"","dataset":"meta","license":"CDLA-Permissive-2.0","record_id":"111346437895540","update_time":"2026-04-27T00:00:00.000Z","confidence":0.7006288170814514,"between":null},{"property":"/properties/confidence","dataset":"Overture","license":"CDLA-Permissive-2.0","record_id":null,"update_time":"2026-06-11T11:57:15Z","confidence":null,"between":null}],"basic_category":"campground","taxonomy":{"primary":"campground","hierarchy":["lodging","campground"],"alternates":null},"version":9}},
{"id":"388a82e7-7cc3-497c-b131-4f2cd94320fc","type":"Feature","geometry":{"type":"Point","coordinates":[-87.39357180013816,21.51150315405895]},"properties":{"categories":{"primary":"bar","alternate":["pub"]},"confidence":0.3418462574481964,"socials":["https://www.facebook.com/453814738285898"],"brand":{"wikidata":null,"names":{"primary":null,"common":null,"rules":null}},"addresses":[{"freeform":"Calle Cherna","locality":"Lázaro Cárdenas","postcode":"","region":null,"country":"MX"}],"names":{"primary":"El Holboxeno","common":null,"rules":null},"sources":[{"property":"","dataset":"meta","license":"CDLA-Permissive-2.0","record_id":"453814738285898","update_time":"2026-04-27T00:00:00.000Z","confidence":0.3418462574481964,"between":null},{"property":"/properties/confidence","dataset":"Overture","license":"CDLA-Permissive-2.0","record_id":null,"update_time":"2026-06-11T11:57:15Z","confidence":null,"between":null}],"basic_category":"bar","taxonomy":{"primary":"bar","hierarchy":["food_and_drink","alcoholic_beverage_venue","bar"],"alternates":null},"version":8}},
{"id":"6b803ff4-d271-41c3-bd1e-5a0888d576b7","type":"Feature","geometry":{"type":"Point","coordinates":[-87.305774688721,21.545225731405]},"properties":{"categories":{"primary":"accommodation","alternate":null},"confidence":0.7283861041069031,"websites":["https://live.ipms247.com/booking/book-rooms-awaholbox"],"socials":["https://www.facebook.com/112216871984657"],"phones":["+529985608068"],"brand":{"wikidata":null,"names":{"primary":null,"common":null,"rules":null}},"addresses":[{"freeform":"C. Charal, 77310 Holbox, Q.R.","locality":"Lázaro Cárdenas","postcode":"77310","region":null,"country":"MX"}],"names":{"primary":"AWA Hotel Boutique Holbox","common":null,"rules":null},"sources":[{"property":"","dataset":"meta","license":"CDLA-Permissive-2.0","record_id":"112216871984657","update_time":"2026-04-27T00:00:00.000Z","confidence":0.7283861041069031,"between":null},{"property":"/properties/confidence","dataset":"Overture","license":"CDLA-Permissive-2.0","record_id":null,"update_time":"2026-06-11T11:57:15Z","confidence":null,"between":null}],"basic_category":"lodging","taxonomy":{"primary":"lodging","hierarchy":["lodging"],"alternates":null},"version":6}},
{"id":"cda25976-fd97-4474-8efe-85b70505b2a3","type":"Feature","geometry":{"type":"Point","coordinates":[-87.31463,21.544013500541]},"properties":{"categories":{"primary":"auto_company","alternate":["automotive_repair","motorcycle_repair"]},"confidence":0.7164801955223083,"socials":["https://www.facebook.com/292707060601820"],"phones":["+522292135533"],"brand":{"wikidata":null,"names":{"primary":null,"common":null,"rules":null}},"addresses":[{"freeform":"Calle xtún y damero, 77310 Holbox, Q.R.","locality":"Lázaro Cárdenas","postcode":"77310","region":null,"country":"MX"}],"names":{"primary":"Balderas refaccionaria y taller de motos Holbox\\n\\n","common":null,"rules":null},"sources":[{"property":"","dataset":"meta","license":"CDLA-Permissive-2.0","record_id":"292707060601820","update_time":"2026-04-27T00:00:00.000Z","confidence":0.7164801955223083,"between":null},{"property":"/properties/confidence","dataset":"Overture","license":"CDLA-Permissive-2.0","record_id":null,"update_time":"2026-06-11T11:57:15Z","confidence":null,"between":null}],"basic_category":"corporate_or_business_office","taxonomy":{"primary":"auto_company","hierarchy":["services_and_business","corporate_or_business_office","auto_company"],"alternates":null},"version":2}},
{"id":"4bf11b51-ab09-4120-a3b4-fd8b891d1f82","type":"Feature","geometry":{"type":"Point","coordinates":[-87.363171716764,21.534629960563]},"properties":{"categories":{"primary":"travel","alternate":["beach","travel_company"]},"confidence":0.6425325274467468,"socials":["https://www.facebook.com/325806177974265"],"brand":{"wikidata":null,"names":{"primary":null,"common":null,"rules":null}},"addresses":[{"freeform":null,"locality":"Lázaro Cárdenas","postcode":null,"region":null,"country":"MX"}],"names":{"primary":"Punta Mosquitos","common":null,"rules":null},"sources":[{"property":"","dataset":"meta","license":"CDLA-Permissive-2.0","record_id":"325806177974265","update_time":"2026-04-27T00:00:00.000Z","confidence":0.6425325274467468,"between":null},{"property":"/properties/confidence","dataset":"Overture","license":"CDLA-Permissive-2.0","record_id":null,"update_time":"2026-06-11T11:57:15Z","confidence":null,"between":null}],"basic_category":"travel_service","taxonomy":{"primary":"travel_service","hierarchy":["travel_and_transportation","travel_service"],"alternates":null},"version":1}},
{"id":"c1533226-37e3-4b8b-9a93-96df9292335e","type":"Feature","geometry":{"type":"Point","coordinates":[-87.36411500889032,21.534496428044594]},"properties":{"categories":{"primary":"beach","alternate":["bar"]},"confidence":0.8505703210830688,"socials":["https://www.facebook.com/555150381655466"],"brand":{"wikidata":null,"names":{"primary":null,"common":null,"rules":null}},"addresses":[{"freeform":"","locality":"Lázaro Cárdenas","postcode":"","region":null,"country":"MX"}],"names":{"primary":"Playa Mosquito","common":null,"rules":null},"sources":[{"property":"","dataset":"meta","license":"CDLA-Permissive-2.0","record_id":"555150381655466","update_time":"2026-04-27T00:00:00.000Z","confidence":0.8505703210830688,"between":null},{"property":"/properties/confidence","dataset":"Overture","license":"CDLA-Permissive-2.0","record_id":null,"update_time":"2026-06-11T11:57:15Z","confidence":null,"between":null}],"basic_category":"beach","taxonomy":{"primary":"beach","hierarchy":["geographic_entities","land_feature","beach"],"alternates":null},"version":8}},
{"id":"febbe825-264b-45f9-a2d6-d58c0c6b5b13","type":"Feature","geometry":{"type":"Point","coordinates":[-87.364228473095,21.534351490022]},"properties":{"categories":{"primary":"restaurant","alternate":["seafood_restaurant","bar"]},"confidence":0.5232169032096863,"socials":["https://www.facebook.com/1931011610486433"],"brand":{"wikidata":null,"names":{"primary":null,"common":null,"rules":null}},"addresses":[{"freeform":"Hotel las Nubes","locality":"Lázaro Cárdenas","postcode":"","region":null,"country":"MX"}],"names":{"primary":"Restaurante Larena","common":null,"rules":null},"sources":[{"property":"","dataset":"meta","license":"CDLA-Permissive-2.0","record_id":"1931011610486433","update_time":"2026-04-27T00:00:00.000Z","confidence":0.5232169032096863,"between":null},{"property":"/properties/confidence","dataset":"Overture","license":"CDLA-Permissive-2.0","record_id":null,"update_time":"2026-06-11T11:57:15Z","confidence":null,"between":null}],"basic_category":"restaurant","taxonomy":{"primary":"restaurant","hierarchy":["food_and_drink","restaurant"],"alternates":null},"version":9}},
{"id":"6e6a9183-e38d-4183-a7b2-14e9e8cffbc0","type":"Feature","geometry":{"type":"Point","coordinates":[-87.363753318787,21.534288126338]},"properties":{"categories":{"primary":"bar","alternate":["lounge","bar_and_grill_restaurant"]},"confidence":0.9701073169708252,"emails":["almabar.holbox@gmail.com"],"socials":["https://www.facebook.com/1838961079655032"],"phones":["+529841319303"],"brand":{"wikidata":null,"names":{"primary":null,"common":null,"rules":null}},"addresses":[{"freeform":"Roof del hotel Villas Tiburón","locality":"Lázaro Cárdenas","postcode":"77310","region":null,"country":"MX"}],"names":{"primary":"ALMA Bar Holbox","common":null,"rules":null},"sources":[{"property":"","dataset":"meta","license":"CDLA-Permissive-2.0","record_id":"1838961079655032","update_time":"2026-04-27T00:00:00.000Z","confidence":0.9701073169708252,"between":null},{"property":"/properties/confidence","dataset":"Overture","license":"CDLA-Permissive-2.0","record_id":null,"update_time":"2026-06-11T11:57:15Z","confidence":null,"between":null}],"basic_category":"bar","taxonomy":{"primary":"bar","hierarchy":["food_and_drink","alcoholic_beverage_venue","bar"],"alternates":null},"version":10}},
{"id":"08203290-6b25-42e1-a0fc-5cf131b8f544","type":"Feature","geometry":{"type":"Point","coordinates":[-87.363845,21.53416613]},"properties":{"categories":{"primary":"restaurant","alternate":["latin_american_restaurant","mexican_restaurant"]},"confidence":0.4188556373119354,"websites":["http://www.lasnubesdeholbox.com/Holbox/index.htm"],"socials":["https://www.facebook.com/196390537648233"],"phones":["+529848752300"],"brand":{"wikidata":null,"names":{"primary":"Hotel Las Nubes","common":null,"rules":null}},"addresses":[{"freeform":"77310, C. P.º Kuka","locality":"Lázaro Cárdenas","postcode":"77310","region":null,"country":"MX"}],"names":{"primary":"El Sabor de las Nubes","common":null,"rules":null},"sources":[{"property":"","dataset":"meta","license":"CDLA-Permissive-2.0","record_id":"196390537648233","update_time":"2026-04-27T00:00:00.000Z","confidence":0.4188556373119354,"between":null},{"property":"/properties/confidence","dataset":"Overture","license":"CDLA-Permissive-2.0","record_id":null,"update_time":"2026-06-11T11:57:15Z","confidence":null,"between":null}],"basic_category":"restaurant","taxonomy":{"primary":"restaurant","hierarchy":["food_and_drink","restaurant"],"alternates":null},"version":1}},
{"id":"22188502-8f06-4b6b-94fb-0bfa9c6856d7","type":"Feature","geometry":{"type":"Point","coordinates":[-87.36400495,21.53413838]},"properties":{"categories":{"primary":"hotel","alternate":["accommodation","resort"]},"confidence":0.9971037673950195,"websites":["https://linktr.ee/lasnubesdeholboxisla"],"emails":["reservas@lasnubesdeholbox.com"],"socials":["https://www.facebook.com/208950679160593"],"phones":["+529842564042"],"brand":{"wikidata":null,"names":{"primary":null,"common":null,"rules":null}},"addresses":[{"freeform":"Holbox Island, C. P.º Kuka","locality":"Lázaro Cárdenas","postcode":"77310","region":null,"country":"MX"}],"names":{"primary":"Las Nubes de Holbox","common":null,"rules":null},"sources":[{"property":"","dataset":"meta","license":"CDLA-Permissive-2.0","record_id":"208950679160593","update_time":"2026-04-27T00:00:00.000Z","confidence":0.9874076843261719,"between":null},{"property":"/properties/confidence","dataset":"Overture","license":"CDLA-Permissive-2.0","record_id":null,"update_time":"2026-06-11T11:57:15Z","confidence":null,"between":null}],"basic_category":"hotel","taxonomy":{"primary":"hotel","hierarchy":["lodging","hotel"],"alternates":null},"version":10}},
{"id":"9af44ac3-32df-4619-a3e3-7f895c27bcdb","type":"Feature","geometry":{"type":"Point","coordinates":[-87.36947576,21.53044647]},"properties":{"categories":{"primary":"hotel","alternate":["lodge","inn"]},"confidence":0.9426270723342896,"emails":["hotelitocrismi@gmail.com"],"socials":["https://www.facebook.com/1752123658189958"],"phones":["+529841167124"],"brand":{"wikidata":null,"names":{"primary":null,"common":null,"rules":null}},"addresses":[{"freeform":"Av. Damero","locality":"Lázaro Cárdenas","postcode":"77310","region":null,"country":"MX"}],"names":{"primary":"Hotelito Crismi","common":null,"rules":null},"sources":[{"property":"","dataset":"meta","license":"CDLA-Permissive-2.0","record_id":"1752123658189958","update_time":"2026-04-27T00:00:00.000Z","confidence":0.9426270723342896,"between":null},{"property":"/properties/confidence","dataset":"Overture","license":"CDLA-Permissive-2.0","record_id":null,"update_time":"2026-06-11T11:57:15Z","confidence":null,"between":null}],"basic_category":"hotel","taxonomy":{"primary":"hotel","hierarchy":["lodging","hotel"],"alternates":null},"version":9}},
{"id":"ea10cd12-2844-4e33-9c10-42511cba8944","type":"Feature","geometry":{"type":"Point","coordinates":[-87.3709977370232,21.529318096662013]},"properties":{"categories":{"primary":"travel","alternate":["arts_and_entertainment","hotel"]},"confidence":0.8176742792129517,"socials":["https://www.facebook.com/360833930732009"],"brand":{"wikidata":null,"names":{"primary":null,"common":null,"rules":null}},"addresses":[{"freeform":null,"locality":"Lázaro Cárdenas","postcode":null,"region":null,"country":"MX"}],"names":{"primary":"Isla holbox Quintana Roo","common":null,"rules":null},"sources":[{"property":"","dataset":"meta","license":"CDLA-Permissive-2.0","record_id":"360833930732009","update_time":"2026-04-27T00:00:00.000Z","confidence":0.8176742792129517,"between":null},{"property":"/properties/confidence","dataset":"Overture","license":"CDLA-Permissive-2.0","record_id":null,"update_time":"2026-06-11T11:57:15Z","confidence":null,"between":null}],"basic_category":"travel_service","taxonomy":{"primary":"travel_service","hierarchy":["travel_and_transportation","travel_service"],"alternates":null},"version":3}},
{"id":"0ba5c642-c01b-493c-b2b5-08468cae64a0","type":"Feature","geometry":{"type":"Point","coordinates":[-87.37089,21.529551]},"properties":{"categories":{"primary":"hotel","alternate":["motel"]},"confidence":0.8730616569519043,"websites":["http://www.hotelholmar.com/"],"socials":["https://www.facebook.com/844317892380605"],"phones":["+529848752100"],"brand":{"wikidata":null,"names":{"primary":null,"common":null,"rules":null}},"addresses":[{"freeform":"Calle Igualdad Avenida Palomino ","locality":"Lázaro Cárdenas","postcode":"77310","region":null,"country":"MX"}],"names":{"primary":"Hotel Holmar","common":null,"rules":null},"sources":[{"property":"","dataset":"meta","license":"CDLA-Permissive-2.0","record_id":"844317892380605","update_time":"2026-04-27T00:00:00.000Z","confidence":0.8730616569519043,"between":null},{"property":"/properties/confidence","dataset":"Overture","license":"CDLA-Permissive-2.0","record_id":null,"update_time":"2026-06-11T11:57:15Z","confidence":null,"between":null}],"basic_category":"hotel","taxonomy":{"primary":"hotel","hierarchy":["lodging","hotel"],"alternates":null},"version":11}},
{"id":"cf66c590-d5f4-48a8-bf71-f36154b59573","type":"Feature","geometry":{"type":"Point","coordinates":[-87.37079329,21.52990977]},"properties":{"categories":{"primary":"beach","alternate":["bar","restaurant"]},"confidence":0.9101592302322388,"socials":["https://www.facebook.com/771978563001733"],"phones":["+529842095976"],"brand":{"wikidata":null,"names":{"primary":null,"common":null,"rules":null}},"addresses":[{"freeform":"","locality":"Lázaro Cárdenas","postcode":"77310","region":null,"country":"MX"}],"names":{"primary":"Club de Playa Mantarraya","common":null,"rules":null},"sources":[{"property":"","dataset":"meta","license":"CDLA-Permissive-2.0","record_id":"771978563001733","update_time":"2026-04-27T00:00:00.000Z","confidence":0.9101592302322388,"between":null},{"property":"/properties/confidence","dataset":"Overture","license":"CDLA-Permissive-2.0","record_id":null,"update_time":"2026-06-11T11:57:15Z","confidence":null,"between":null}],"basic_category":"beach","taxonomy":{"primary":"beach","hierarchy":["geographic_entities","land_feature","beach"],"alternates":null},"version":9}},
{"id":"84662f3d-1829-4b64-a729-e3fece12ef79","type":"Feature","geometry":{"type":"Point","coordinates":[-87.37024898,21.53004443]},"properties":{"categories":{"primary":"resort","alternate":["hotel","beach_resort"]},"confidence":0.9715950435400009,"websites":["https://app.thebookingbutton.com/properties/myblueholboxdirect"],"socials":["https://www.facebook.com/107150878939950"],"phones":["+529842147369"],"brand":{"wikidata":null,"names":{"primary":null,"common":null,"rules":null}},"addresses":[{"freeform":"Beach front","locality":"Lázaro Cárdenas","postcode":"77310","region":null,"country":"MX"}],"names":{"primary":"My Blue Hotel Holbox","common":null,"rules":null},"sources":[{"property":"","dataset":"meta","license":"CDLA-Permissive-2.0","record_id":"107150878939950","update_time":"2026-04-27T00:00:00.000Z","confidence":0.8765001893043518,"between":null},{"property":"/properties/confidence","dataset":"Overture","license":"CDLA-Permissive-2.0","record_id":null,"update_time":"2026-06-11T11:57:15Z","confidence":null,"between":null}],"basic_category":"resort","taxonomy":{"primary":"resort","hierarchy":["lodging","resort"],"alternates":null},"version":7}},
{"id":"94828a3a-b4a5-4747-9f29-c0d1c8d45ed7","type":"Feature","geometry":{"type":"Point","coordinates":[-87.36963,21.53051]},"properties":{"categories":{"primary":"restaurant","alternate":null},"confidence":0.5500288009643555,"socials":["https://www.facebook.com/2074833306097966"],"brand":{"wikidata":null,"names":{"primary":null,"common":null,"rules":null}},"addresses":[{"freeform":"Calle Igualdad 280","locality":"Lázaro Cárdenas","postcode":"77310","region":null,"country":"MX"}],"names":{"primary":"Cafeteria Tierra Mia","common":null,"rules":null},"sources":[{"property":"","dataset":"meta","license":"CDLA-Permissive-2.0","record_id":"2074833306097966","update_time":"2026-04-27T00:00:00.000Z","confidence":0.5500288009643555,"between":null},{"property":"/properties/confidence","dataset":"Overture","license":"CDLA-Permissive-2.0","record_id":null,"update_time":"2026-06-11T11:57:15Z","confidence":null,"between":null}],"basic_category":"restaurant","taxonomy":{"primary":"restaurant","hierarchy":["food_and_drink","restaurant"],"alternates":null},"version":6}},
{"id":"125ec4c6-1603-4e79-87af-7bcbe6b487b0","type":"Feature","geometry":{"type":"Point","coordinates":[-87.36881508,21.53057268]},"properties":{"categories":{"primary":"hotel","alternate":["accommodation","resort"]},"confidence":0.9922227263450623,"websites":["http://www.aldeakuka.mx/"],"emails":["contacto@aldeakuka.mx"],"socials":["https://www.facebook.com/1338530242830201"],"phones":["+529981442856"],"brand":{"wikidata":null,"names":{"primary":"Aldea Kuká","common":null,"rules":null}},"addresses":[{"freeform":"C. P.º Kuka 5","locality":"Lázaro Cárdenas","postcode":"77310","region":null,"country":"MX"}],"names":{"primary":"Aldea Kuka","common":null,"rules":null},"sources":[{"property":"","dataset":"meta","license":"CDLA-Permissive-2.0","record_id":"1338530242830201","update_time":"2026-04-27T00:00:00.000Z","confidence":0.9922227263450623,"between":null},{"property":"/properties/confidence","dataset":"Overture","license":"CDLA-Permissive-2.0","record_id":null,"update_time":"2026-06-11T11:57:15Z","confidence":null,"between":null}],"basic_category":"hotel","taxonomy":{"primary":"hotel","hierarchy":["lodging","hotel"],"alternates":null},"version":10}},
{"id":"c2cbc35d-38b2-4298-a926-d897304e11d2","type":"Feature","geometry":{"type":"Point","coordinates":[-87.36768896,21.53102827]},"properties":{"categories":{"primary":"hotel","alternate":["accommodation","lodge"]},"confidence":0.9178508895635605,"socials":["https://www.facebook.com/200068627060810"],"brand":{"wikidata":null,"names":{"primary":null,"common":null,"rules":null}},"addresses":[{"freeform":"Km 1 Paseo Kuka Hol","locality":"Lázaro Cárdenas","postcode":"77310","region":null,"country":"MX"}],"names":{"primary":"Holbox Suites On The Beach","common":null,"rules":null},"sources":[{"property":"","dataset":"meta","license":"CDLA-Permissive-2.0","record_id":"200068627060810","update_time":"2026-04-27T00:00:00.000Z","confidence":0.642829954624176,"between":null},{"property":"/properties/confidence","dataset":"Overture","license":"CDLA-Permissive-2.0","record_id":null,"update_time":"2026-06-11T11:57:15Z","confidence":null,"between":null}],"basic_category":"hotel","taxonomy":{"primary":"hotel","hierarchy":["lodging","hotel"],"alternates":null},"version":10}},
{"id":"ccaea99b-6555-4b2a-808c-659705df3523","type":"Feature","geometry":{"type":"Point","coordinates":[-87.36881072,21.53098672]},"properties":{"categories":{"primary":"resort","alternate":["beach_resort","hotel"]},"confidence":0.9913408160209656,"websites":["http://www.palapasdelsol.com/"],"emails":["info@palapasdelsol.com"],"socials":["https://www.facebook.com/311663182192236"],"phones":["+529848752031"],"brand":{"wikidata":null,"names":{"primary":"Palapas del Sol","common":null,"rules":null}},"addresses":[{"freeform":"Av. Damero","locality":"Lázaro Cárdenas","postcode":"77310","region":null,"country":"MX"}],"names":{"primary":"Palapas del Sol","common":null,"rules":null},"sources":[{"property":"","dataset":"meta","license":"CDLA-Permissive-2.0","record_id":"311663182192236","update_time":"2026-04-27T00:00:00.000Z","confidence":0.9913408160209656,"between":null},{"property":"/properties/confidence","dataset":"Overture","license":"CDLA-Permissive-2.0","record_id":null,"update_time":"2026-06-11T11:57:15Z","confidence":null,"between":null}],"basic_category":"resort","taxonomy":{"primary":"resort","hierarchy":["lodging","resort"],"alternates":null},"version":5}},
{"id":"4a45dba4-e7f5-4ce3-ad99-bce34c40f6f6","type":"Feature","geometry":{"type":"Point","coordinates":[-87.36872807559385,21.5311020950485]},"properties":{"categories":{"primary":"hotel","alternate":null},"confidence":0.77,"websites":["http://www.palapasdelsol.com"],"emails":["info@palapasdelsol.com"],"socials":["https://www.twitter.com/palapasdelsol"],"phones":["998 241 9154"],"addresses":[{"freeform":"Playa Norte Paseo Kuka","locality":"Holbox","postcode":"77310","region":null,"country":"MX"}],"names":{"primary":"Palapas del Sol","common":null,"rules":null},"sources":[{"property":"","dataset":"Foursquare","license":"Apache-2.0","record_id":"500b968fc84c53f0058d24a8","update_time":"2025-05-08T00:00:00.000","confidence":0.77,"between":null},{"property":"/properties/confidence","dataset":"Overture","license":"CDLA-Permissive-2.0","record_id":null,"update_time":"2026-06-11T11:57:15Z","confidence":null,"between":null}],"basic_category":"hotel","taxonomy":{"primary":"hotel","hierarchy":["lodging","hotel"],"alternates":null},"version":4}},
{"id":"8d10b351-fae1-42e9-9ec5-f0ac82f9128a","type":"Feature","geometry":{"type":"Point","coordinates":[-87.36824894,21.53111484]},"properties":{"categories":{"primary":"hotel","alternate":["accommodation","resort"]},"confidence":0.9819663763046265,"websites":["http://www.villascaracol.com/"],"emails":["recepcion@villascaracol.com"],"socials":["https://www.facebook.com/166755747357044"],"phones":["+529848752079"],"brand":{"wikidata":null,"names":{"primary":"Hotel Villas Caracol Holbox","common":null,"rules":null}},"addresses":[{"freeform":"Av. Damero SM de MZ 49 LT 001","locality":"Lázaro Cárdenas","postcode":"77310","region":null,"country":"MX"}],"names":{"primary":"Hotel Villas Caracol Holbox","common":null,"rules":null},"sources":[{"property":"","dataset":"meta","license":"CDLA-Permissive-2.0","record_id":"166755747357044","update_time":"2026-04-27T00:00:00.000Z","confidence":0.9819663763046265,"between":null},{"property":"/properties/confidence","dataset":"Overture","license":"CDLA-Permissive-2.0","record_id":null,"update_time":"2026-06-11T11:57:15Z","confidence":null,"between":null}],"basic_category":"hotel","taxonomy":{"primary":"hotel","hierarchy":["lodging","hotel"],"alternates":null},"version":3}},
{"id":"cde616d3-160f-45fd-baa8-375d1ec72356","type":"Feature","geometry":{"type":"Point","coordinates":[-87.36799913,21.53127777]},"properties":{"categories":{"primary":"hotel","alternate":["accommodation","resort"]},"confidence":0.9733974933624268,"websites":["http://www.hotelvillastiburon.com.mx/"],"emails":["reservaciones@hotelvillastiburon.com.mx"],"socials":["https://www.facebook.com/633457966842038"],"phones":["+529981180293"],"brand":{"wikidata":null,"names":{"primary":null,"common":null,"rules":null}},"addresses":[{"freeform":"C. P.º Kuka KM. 1","locality":"Lázaro Cárdenas","postcode":"77310","region":null,"country":"MX"}],"names":{"primary":"Villas Tiburon","common":null,"rules":null},"sources":[{"property":"","dataset":"meta","license":"CDLA-Permissive-2.0","record_id":"633457966842038","update_time":"2026-04-27T00:00:00.000Z","confidence":0.9733974933624268,"between":null},{"property":"/properties/confidence","dataset":"Overture","license":"CDLA-Permissive-2.0","record_id":null,"update_time":"2026-06-11T11:57:15Z","confidence":null,"between":null}],"basic_category":"hotel","taxonomy":{"primary":"hotel","hierarchy":["lodging","hotel"],"alternates":null},"version":9}},
{"id":"1dc74785-79e0-4fba-8002-0b742236588d","type":"Feature","geometry":{"type":"Point","coordinates":[-87.36829783066123,21.53151485350307]},"properties":{"categories":{"primary":"beach","alternate":null},"confidence":0.8720014691352844,"socials":["https://www.facebook.com/582320322222994"],"brand":{"wikidata":null,"names":{"primary":null,"common":null,"rules":null}},"addresses":[{"freeform":"","locality":"Lázaro Cárdenas","postcode":"","region":null,"country":"MX"}],"names":{"primary":"Club de Playa las Hamacas","common":null,"rules":null},"sources":[{"property":"","dataset":"meta","license":"CDLA-Permissive-2.0","record_id":"582320322222994","update_time":"2026-04-27T00:00:00.000Z","confidence":0.8720014691352844,"between":null},{"property":"/properties/confidence","dataset":"Overture","license":"CDLA-Permissive-2.0","record_id":null,"update_time":"2026-06-11T11:57:15Z","confidence":null,"between":null}],"basic_category":"beach","taxonomy":{"primary":"beach","hierarchy":["geographic_entities","land_feature","beach"],"alternates":null},"version":7}},
{"id":"90f32928-325e-4b84-8e2a-89cd8cf819c8","type":"Feature","geometry":{"type":"Point","coordinates":[-87.367958,21.531392]},"properties":{"categories":{"primary":"beer_garden","alternate":null},"confidence":0.77,"socials":["https://www.instagram.com/alma_bar_holbox"],"phones":["984 131 9303"],"addresses":[{"freeform":null,"locality":null,"postcode":null,"region":"Q. ROO","country":"MX"}],"names":{"primary":"ALMA pool  lounge","common":null,"rules":null},"sources":[{"property":"","dataset":"Foursquare","license":"Apache-2.0","record_id":"5858a8129c9548422f982c0c","update_time":"2026-04-03T00:00:00.000","confidence":0.77,"between":null},{"property":"/properties/confidence","dataset":"Overture","license":"CDLA-Permissive-2.0","record_id":null,"update_time":"2026-06-11T11:57:15Z","confidence":null,"between":null}],"basic_category":"alcoholic_beverage_venue","taxonomy":{"primary":"beer_garden","hierarchy":["food_and_drink","alcoholic_beverage_venue","beer_garden"],"alternates":null},"version":1}},
{"id":"fe15b8e4-598d-49a2-b66e-7ae26909b34a","type":"Feature","geometry":{"type":"Point","coordinates":[-87.36758697,21.53138543]},"properties":{"categories":{"primary":"hotel","alternate":["accommodation","lodge"]},"confidence":0.9772524237632751,"socials":["https://www.facebook.com/550778502037885"],"phones":["+529981001198"],"brand":{"wikidata":null,"names":{"primary":null,"common":null,"rules":null}},"addresses":[{"freeform":"","locality":"Lázaro Cárdenas","postcode":"77310","region":null,"country":"MX"}],"names":{"primary":"Hotel Villas Tiburon","common":null,"rules":null},"sources":[{"property":"","dataset":"meta","license":"CDLA-Permissive-2.0","record_id":"550778502037885","update_time":"2026-04-27T00:00:00.000Z","confidence":0.9772524237632751,"between":null},{"property":"/properties/confidence","dataset":"Overture","license":"CDLA-Permissive-2.0","record_id":null,"update_time":"2026-06-11T11:57:15Z","confidence":null,"between":null}],"basic_category":"hotel","taxonomy":{"primary":"hotel","hierarchy":["lodging","hotel"],"alternates":null},"version":9}},
{"id":"869cf6d6-327f-45af-a675-734dcadcb410","type":"Feature","geometry":{"type":"Point","coordinates":[-87.36719536,21.53153502]},"properties":{"categories":{"primary":"hotel","alternate":["accommodation","motel"]},"confidence":0.9784573912620544,"websites":["http://www.casaHridaya.com.mx/"],"emails":["holboxhridaya@gmail.com"],"socials":["https://www.facebook.com/1771827629707625"],"phones":["+528111898599"],"brand":{"wikidata":null,"names":{"primary":"Holbox Hridaya Hotel Boutique","common":null,"rules":null}},"addresses":[{"freeform":"","locality":"Lázaro Cárdenas","postcode":"77310","region":null,"country":"MX"}],"names":{"primary":"Casa Hridaya Hotel Boutique","common":null,"rules":null},"sources":[{"property":"","dataset":"meta","license":"CDLA-Permissive-2.0","record_id":"1771827629707625","update_time":"2026-04-27T00:00:00.000Z","confidence":0.9784573912620544,"between":null},{"property":"/properties/confidence","dataset":"Overture","license":"CDLA-Permissive-2.0","record_id":null,"update_time":"2026-06-11T11:57:15Z","confidence":null,"between":null}],"basic_category":"hotel","taxonomy":{"primary":"hotel","hierarchy":["lodging","hotel"],"alternates":null},"version":9}},
{"id":"e68dd8f2-260b-4e8f-9b8b-6a3210d5a23f","type":"Feature","geometry":{"type":"Point","coordinates":[-87.36812531327226,21.531687441347593]},"properties":{"categories":{"primary":"beach","alternate":["hotel","island"]},"confidence":0.854857325553894,"socials":["https://www.facebook.com/224511787922021"],"brand":{"wikidata":null,"names":{"primary":null,"common":null,"rules":null}},"addresses":[{"freeform":null,"locality":"Lázaro Cárdenas","postcode":null,"region":null,"country":"MX"}],"names":{"primary":"Holbox, Playa del Carmen, Cancun","common":null,"rules":null},"sources":[{"property":"","dataset":"meta","license":"CDLA-Permissive-2.0","record_id":"224511787922021","update_time":"2026-04-27T00:00:00.000Z","confidence":0.854857325553894,"between":null},{"property":"/properties/confidence","dataset":"Overture","license":"CDLA-Permissive-2.0","record_id":null,"update_time":"2026-06-11T11:57:15Z","confidence":null,"between":null}],"basic_category":"beach","taxonomy":{"primary":"beach","hierarchy":["geographic_entities","land_feature","beach"],"alternates":null},"version":7}},
{"id":"24630c21-822a-4c3e-8ed5-610277370bab","type":"Feature","geometry":{"type":"Point","coordinates":[-87.3680059,21.5316822]},"properties":{"categories":{"primary":"mexican_restaurant","alternate":["bar","bar_and_grill_restaurant"]},"confidence":0.7034798860549927,"socials":["https://www.facebook.com/2076981115650091"],"brand":{"wikidata":null,"names":{"primary":null,"common":null,"rules":null}},"addresses":[{"freeform":"","locality":"Lázaro Cárdenas","postcode":"","region":null,"country":"MX"}],"names":{"primary":"Mosquito Bar","common":null,"rules":null},"sources":[{"property":"","dataset":"meta","license":"CDLA-Permissive-2.0","record_id":"2076981115650091","update_time":"2026-04-27T00:00:00.000Z","confidence":0.7034798860549927,"between":null},{"property":"/properties/confidence","dataset":"Overture","license":"CDLA-Permissive-2.0","record_id":null,"update_time":"2026-06-11T11:57:15Z","confidence":null,"between":null}],"basic_category":"restaurant","taxonomy":{"primary":"mexican_restaurant","hierarchy":["food_and_drink","restaurant","latin_american_restaurant","mexican_restaurant"],"alternates":null},"version":9}},
{"id":"7c943f24-be97-47b9-9743-fdf30a435d2b","type":"Feature","geometry":{"type":"Point","coordinates":[-87.36640531,21.53240636]},"properties":{"categories":{"primary":"resort","alternate":["beach_resort","hotel"]},"confidence":0.9962511044740677,"websites":["https://www.villasflamingos.com/"],"emails":["info@villasflamingos.com"],"socials":["https://www.facebook.com/10150146205225603"],"phones":["+529848752167"],"brand":{"wikidata":null,"names":{"primary":"HOLBOX HOTEL VILLAS FLAMINGOS","common":null,"rules":null}},"addresses":[{"freeform":"Calle Paseo Kuka S/N, Playa Norte Holbo Holbox","locality":"Lázaro Cárdenas","postcode":"77310","region":null,"country":"MX"}],"names":{"primary":"Hotel Villas Flamingos","common":null,"rules":null},"sources":[{"property":"","dataset":"meta","license":"CDLA-Permissive-2.0","record_id":"10150146205225603","update_time":"2026-04-27T00:00:00.000Z","confidence":0.9837004542350769,"between":null},{"property":"/properties/confidence","dataset":"Overture","license":"CDLA-Permissive-2.0","record_id":null,"update_time":"2026-06-11T11:57:15Z","confidence":null,"between":null}],"basic_category":"resort","taxonomy":{"primary":"resort","hierarchy":["lodging","resort"],"alternates":null},"version":8}},
{"id":"8dca540d-607f-4b76-9ca4-8bfcf71bf0db","type":"Feature","geometry":{"type":"Point","coordinates":[-87.36626,21.532653]},"properties":{"categories":{"primary":"beach","alternate":["arts_and_entertainment","restaurant"]},"confidence":0.7766205668449402,"socials":["https://www.facebook.com/1476921845710073"],"brand":{"wikidata":null,"names":{"primary":null,"common":null,"rules":null}},"addresses":[{"freeform":"Calle Paso Kuka s/n","locality":"Lázaro Cárdenas","postcode":"","region":null,"country":"MX"}],"names":{"primary":"Flamingo Beach","common":null,"rules":null},"sources":[{"property":"","dataset":"meta","license":"CDLA-Permissive-2.0","record_id":"1476921845710073","update_time":"2026-04-27T00:00:00.000Z","confidence":0.7766205668449402,"between":null},{"property":"/properties/confidence","dataset":"Overture","license":"CDLA-Permissive-2.0","record_id":null,"update_time":"2026-06-11T11:57:15Z","confidence":null,"between":null}],"basic_category":"beach","taxonomy":{"primary":"beach","hierarchy":["geographic_entities","land_feature","beach"],"alternates":null},"version":10}},
{"id":"860546a7-a34d-42f9-8778-f1665f5cc97d","type":"Feature","geometry":{"type":"Point","coordinates":[-87.37402123,21.52944224]},"properties":{"confidence":0.20656423270702362,"socials":["https://www.facebook.com/104890631969359"],"brand":{"wikidata":null,"names":{"primary":null,"common":null,"rules":null}},"addresses":[{"freeform":null,"locality":"Lázaro Cárdenas","postcode":null,"region":null,"country":"MX"}],"names":{"primary":"Holbox","common":null,"rules":null},"sources":[{"property":"","dataset":"meta","license":"CDLA-Permissive-2.0","record_id":"104890631969359","update_time":"2026-04-27T00:00:00.000Z","confidence":0.20656423270702362,"between":null},{"property":"/properties/confidence","dataset":"Overture","license":"CDLA-Permissive-2.0","record_id":null,"update_time":"2026-06-11T11:57:15Z","confidence":null,"between":null}],"version":2}},
{"id":"b5846260-520f-490d-babf-99e15ba9b88d","type":"Feature","geometry":{"type":"Point","coordinates":[-87.338097989559,21.551804363716]},"properties":{"categories":{"primary":"restaurant","alternate":null},"confidence":0.8829785585403442,"websites":["https://g.co/kgs/zhbFMi"],"socials":["https://www.facebook.com/110606728392753"],"phones":["+529982587370"],"brand":{"wikidata":null,"names":{"primary":null,"common":null,"rules":null}},"addresses":[{"freeform":"Calle Caguama esquina con calle Charal rumbo a Punta Cocos","locality":"Holbox","postcode":"77310","region":null,"country":"MX"}],"names":{"primary":"La Cabane ","common":null,"rules":null},"sources":[{"property":"","dataset":"meta","license":"CDLA-Permissive-2.0","record_id":"110606728392753","update_time":"2026-04-27T00:00:00.000Z","confidence":0.8829785585403442,"between":null},{"property":"/properties/confidence","dataset":"Overture","license":"CDLA-Permissive-2.0","record_id":null,"update_time":"2026-06-11T11:57:15Z","confidence":null,"between":null}],"basic_category":"restaurant","taxonomy":{"primary":"restaurant","hierarchy":["food_and_drink","restaurant"],"alternates":null},"version":1}},
{"id":"0ec13676-b7a8-4a2c-a828-5bc94b0d21e5","type":"Feature","geometry":{"type":"Point","coordinates":[-87.338218,21.5572]},"properties":{"categories":{"primary":"wildlife_sanctuary","alternate":["structure_and_geography"]},"confidence":0.7072468400001526,"socials":["https://www.facebook.com/284431738315239"],"brand":{"wikidata":null,"names":{"primary":null,"common":null,"rules":null}},"addresses":[{"freeform":null,"locality":"Lázaro Cárdenas","postcode":null,"region":null,"country":"MX"}],"names":{"primary":"Cabo Catoche","common":null,"rules":null},"sources":[{"property":"","dataset":"meta","license":"CDLA-Permissive-2.0","record_id":"284431738315239","update_time":"2026-04-27T00:00:00.000Z","confidence":0.7072468400001526,"between":null},{"property":"/properties/confidence","dataset":"Overture","license":"CDLA-Permissive-2.0","record_id":null,"update_time":"2026-06-11T11:57:15Z","confidence":null,"between":null}],"basic_category":"animal_attraction","taxonomy":{"primary":"wildlife_sanctuary","hierarchy":["arts_and_entertainment","animal_attraction","wildlife_sanctuary"],"alternates":null},"version":1}},
{"id":"1962f638-7bbf-4472-b21c-611220579527","type":"Feature","geometry":{"type":"Point","coordinates":[-87.329754643142,21.553147433295]},"properties":{"categories":{"primary":"hotel","alternate":null},"confidence":0.8244519233703613,"websites":["http://oolhotels.com/"],"emails":["reservations@oolhotels.com"],"socials":["https://www.facebook.com/120456374374385"],"phones":["+529841779766"],"brand":{"wikidata":null,"names":{"primary":"Coconut by ÓOL Hotels","common":null,"rules":null}},"addresses":[{"freeform":"Calle Pedro Joaquin Coldwell con calle Lisa ","locality":"Holbox","postcode":"77310","region":null,"country":"MX"}],"names":{"primary":"Casa del Viento","common":null,"rules":null},"sources":[{"property":"","dataset":"meta","license":"CDLA-Permissive-2.0","record_id":"120456374374385","update_time":"2026-04-27T00:00:00.000Z","confidence":0.8244519233703613,"between":null},{"property":"/properties/confidence","dataset":"Overture","license":"CDLA-Permissive-2.0","record_id":null,"update_time":"2026-06-11T11:57:15Z","confidence":null,"between":null}],"basic_category":"hotel","taxonomy":{"primary":"hotel","hierarchy":["lodging","hotel"],"alternates":null},"version":1}},
{"id":"18002033-2cea-4981-a25b-28437b4bf957","type":"Feature","geometry":{"type":"Point","coordinates":[-87.33356462,21.56304129]},"properties":{"categories":{"primary":"hotel","alternate":["lodge","accommodation"]},"confidence":0.261739045381546,"socials":["https://www.facebook.com/139223436679936"],"brand":{"wikidata":null,"names":{"primary":null,"common":null,"rules":null}},"addresses":[{"freeform":"Avenida Pedro Joaquin Coldwell s/n","locality":"Lázaro Cárdenas","postcode":"77310","region":null,"country":"MX"}],"names":{"primary":"El Mirador de Holbox","common":null,"rules":null},"sources":[{"property":"","dataset":"meta","license":"CDLA-Permissive-2.0","record_id":"139223436679936","update_time":"2026-04-27T00:00:00.000Z","confidence":0.261739045381546,"between":null},{"property":"/properties/confidence","dataset":"Overture","license":"CDLA-Permissive-2.0","record_id":null,"update_time":"2026-06-11T11:57:15Z","confidence":null,"between":null}],"basic_category":"hotel","taxonomy":{"primary":"hotel","hierarchy":["lodging","hotel"],"alternates":null},"version":9}}]}